[2026-06-24 20:22:53] ════════════════════════════════════════
[2026-06-24 20:22:53]   Naukri Auto-Apply Bot — starting run
[2026-06-24 20:22:53]   AI mode (Gemini): disabled (manual prompts)
[2026-06-24 20:22:53]   Non-Interactive: ENABLED
[2026-06-24 20:22:53] ════════════════════════════════════════
[2026-06-24 20:22:54] Monkey-patched uc.Chrome.quit to suppress WinError 6 on exit.
[2026-06-24 20:22:54] Starting Chrome setup...
[2026-06-24 20:22:54] Found cached ChromeDriver: C:\Users\Pawan\AppData\Roaming\undetected_chromedriver\undetected_chromedriver.exe
[2026-06-24 20:22:54] Attempting undetected-chromedriver with use_subprocess=False...
[2026-06-24 20:22:56] Chrome driver (stealth, use_subprocess=False) successfully initialized!
[2026-06-24 20:22:56] Navigating to Naukri login page...
[2026-06-24 20:22:58] Submitted login form. Waiting for homepage to load...
[2026-06-24 20:23:02] Login appears successful.
[2026-06-24 20:23:02] Will search 12 term(s): ['Java Full Stack Developer', 'Senior Java Full Stack Developer', 'Java Developer', 'Senior Java Developer', 'Spring Boot Developer', 'Java Microservices Developer', 'Backend Developer', 'Java Backend Developer', 'Software Engineer', 'Senior Software Engineer', 'Full Stack Developer', 'Java Angular Developer']
[2026-06-24 20:23:02] ═══ Searching: 'Java Full Stack Developer' ═══
[2026-06-24 20:23:02] Navigating to job search results for 'Java Full Stack Developer': https://www.naukri.com/java-full-stack-developer-jobs?k=Java+Full+Stack+Developer&experience=4&wfhType=2
[2026-06-24 20:23:04] Job listings loaded.
[2026-06-24 20:23:12] [WARN] Could not find the 'Easy Apply' sidebar checkbox — selector may be stale, verify EASY_APPLY_CHECKBOX_SEL against the live page.
[2026-06-24 20:23:12] Found 20 job card(s) for 'Java Full Stack Developer'.
[2026-06-24 20:23:12] --- Processing job 1/20 (term: 'Java Full Stack Developer') ---
[2026-06-24 20:23:13] Opening job: Java Full Stack Developer @ Vrinda International Noida
[2026-06-24 20:23:13] Clicked Naukri job title/card.
[2026-06-24 20:23:18] Switched to new window/tab: https://www.naukri.com/job-listings-java-full-stack-developer-vrinda-international-remote-4-to-9-years-090626504653?src=directSearch&sid=17823127870765308&xp=1&px=1
[2026-06-24 20:23:47] [WARN] Naukri Apply / Apply on company site button not found or not clickable.
[2026-06-24 20:23:47] Logged result to: all excels/all_failed_applications_history.csv (failed)
[2026-06-24 20:23:49] --- Processing job 2/20 (term: 'Java Full Stack Developer') ---
[2026-06-24 20:23:49] Opening job: Full Stack Developer @ Fusiontecz
[2026-06-24 20:23:50] Clicked Naukri job title/card.
[2026-06-24 20:23:50] Switched to new window/tab: https://www.naukri.com/job-listings-full-stack-developer-fusiontecz-solutions-remote-2-to-6-years-090626501994?src=directSearch&sid=17823127870765308&xp=2&px=1
[2026-06-24 20:24:15] [WARN] Naukri Apply / Apply on company site button not found or not clickable.
[2026-06-24 20:24:15] Logged result to: all excels/all_failed_applications_history.csv (failed)
[2026-06-24 20:24:17] --- Processing job 3/20 (term: 'Java Full Stack Developer') ---
[2026-06-24 20:24:17] Opening job: Sr. Software Engineer @ Fundamento (formerly Skillr)
[2026-06-24 20:24:18] Clicked Naukri job title/card.
[2026-06-24 20:24:18] Switched to new window/tab: https://www.naukri.com/job-listings-sr-software-engineer-fundamento-formerly-skillr-remote-3-to-6-years-050626503980?src=directSearch&sid=17823127870765308&xp=3&px=1
[2026-06-24 20:24:42] [WARN] Naukri Apply / Apply on company site button not found or not clickable.
[2026-06-24 20:24:43] Logged result to: all excels/all_failed_applications_history.csv (failed)
[2026-06-24 20:24:45] --- Processing job 4/20 (term: 'Java Full Stack Developer') ---
[2026-06-24 20:24:45] Opening job: Web Developer @ Techbinge India
[2026-06-24 20:24:45] Clicked Naukri job title/card.
[2026-06-24 20:24:45] Switched to new window/tab: https://www.naukri.com/job-listings-web-developer-techbinge-india-pvt-ltd-remote-2-to-4-years-080626500396?src=directSearch&sid=17823127870765308&xp=4&px=1
[2026-06-24 20:25:10] [WARN] Naukri Apply / Apply on company site button not found or not clickable.
[2026-06-24 20:25:10] Logged result to: all excels/all_failed_applications_history.csv (failed)
[2026-06-24 20:25:12] --- Processing job 5/20 (term: 'Java Full Stack Developer') ---
[2026-06-24 20:25:12] Opening job: Senior Software Engineer @ Zuddl
[2026-06-24 20:25:13] Clicked Naukri job title/card.
[2026-06-24 20:25:13] Switched to new window/tab: https://www.naukri.com/job-listings-senior-software-engineer-zuddl-remote-4-to-6-years-100626502887?src=directSearch&sid=17823127870765308&xp=5&px=1
[2026-06-24 20:25:38] [WARN] Naukri Apply / Apply on company site button not found or not clickable.
[2026-06-24 20:25:38] Logged result to: all excels/all_failed_applications_history.csv (failed)
[2026-06-24 20:25:40] --- Processing job 6/20 (term: 'Java Full Stack Developer') ---
[2026-06-24 20:25:40] Opening job: Software Craftsperson - ROR+ React @ Incubyte Datatech
[2026-06-24 20:25:41] Clicked Naukri job title/card.
[2026-06-24 20:25:41] Switched to new window/tab: https://www.naukri.com/job-listings-software-craftsperson-ror-react-incubyte-remote-2-to-5-years-240625503631?src=directSearch&sid=17823127870765308&xp=6&px=1
[2026-06-24 20:26:08] Clicked Naukri apply button 'Apply on company site    styles_company-site-button__C_2YK c'.
[2026-06-24 20:26:09] Switched to new window/tab: https://incubyte-incubyte.zohorecruit.in/jobs/Careers/141457000004276864
[2026-06-24 20:26:11] External apply flow started: https://incubyte-incubyte.zohorecruit.in/jobs/Careers/141457000004276864
[2026-06-24 20:26:16] External page already appears to contain the selected job title.
[2026-06-24 20:26:30] [WARN] Company-site apply button not found; trying to fill current page directly.
[2026-06-24 20:26:30] External form step 1/8: https://incubyte-incubyte.zohorecruit.in/jobs/Careers/141457000004276864
[2026-06-24 20:26:43] External apply result: external_needs_manual_review — Could not find more fillable fields or next/submit buttons on external site.
[2026-06-24 20:26:43] Logged result to: all excels/all_failed_applications_history.csv (external_needs_manual_review)
[2026-06-24 20:26:45] --- Processing job 7/20 (term: 'Java Full Stack Developer') ---
[2026-06-24 20:26:45] Opening job: Senior Software Developer / Full Stack Developer @ Sadhana It Solutions
[2026-06-24 20:26:46] Clicked Naukri job title/card.
[2026-06-24 20:26:47] Switched to new window/tab: https://www.naukri.com/job-listings-senior-software-developer-full-stack-developer-sadhana-it-solutions-remote-3-to-8-years-090625500017?src=directSearch&sid=17823127870765308&xp=7&px=1
[2026-06-24 20:27:12] Clicked Naukri apply button 'Apply on company site    styles_company-site-button__C_2YK c'.
[2026-06-24 20:27:17] Switched to new window/tab: https://sadhanaitsolutions.com/we-are-iring/
[2026-06-24 20:27:19] External apply flow started: https://sadhanaitsolutions.com/we-are-iring/
[2026-06-24 20:27:23] Clicked popup/cookie button 'Skip to content    skip-link screen-read' using JavaScript fallback.
[2026-06-24 20:27:27] Clicked popup/cookie button 'Skip to content    skip-link screen-read' using JavaScript fallback.
[2026-06-24 20:27:28] External page already appears to contain the selected job title.
[2026-06-24 20:27:32] Clicked popup/cookie button 'Skip to content    skip-link screen-read' using JavaScript fallback.
[2026-06-24 20:27:36] Clicked popup/cookie button 'Skip to content    skip-link screen-read' using JavaScript fallback.
[2026-06-24 20:27:49] [WARN] Company-site apply button not found; trying to fill current page directly.
[2026-06-24 20:27:49] External form step 1/8: https://sadhanaitsolutions.com/we-are-iring/#content
[2026-06-24 20:27:52] Clicked popup/cookie button 'Skip to content    skip-link screen-read' using JavaScript fallback.
[2026-06-24 20:27:57] Clicked popup/cookie button 'Skip to content    skip-link screen-read' using JavaScript fallback.
[2026-06-24 20:27:58] Filled external field: Enter your e-mail address | EMAIL | mce-EMAIL | JOIN OUR NEWSLETTER -> pavanwakade33@gmail.com
[2026-06-24 20:28:11] External form step 2/8: https://sadhanaitsolutions.com/we-are-iring/#content
[2026-06-24 20:28:15] Clicked popup/cookie button 'Skip to content    skip-link screen-read' using JavaScript fallback.
[2026-06-24 20:28:20] Clicked popup/cookie button 'Skip to content    skip-link screen-read' using JavaScript fallback.
[2026-06-24 20:28:32] External apply result: external_needs_manual_review — Could not find more fillable fields or next/submit buttons on external site.
[2026-06-24 20:28:32] Logged result to: all excels/all_failed_applications_history.csv (external_needs_manual_review)
[2026-06-24 20:28:34] --- Processing job 8/20 (term: 'Java Full Stack Developer') ---
[2026-06-24 20:28:35] Opening job: AI Backend Developer @ Nitsan Technologies
[2026-06-24 20:28:35] Clicked Naukri job title/card.
[2026-06-24 20:28:36] Switched to new window/tab: https://www.naukri.com/job-listings-ai-backend-developer-nitsan-technologiess-remote-2-to-7-years-110626501222?src=directSearch&sid=17823127870765308&xp=8&px=1
[2026-06-24 20:29:01] [WARN] Naukri Apply / Apply on company site button not found or not clickable.
[2026-06-24 20:29:01] Logged result to: all excels/all_failed_applications_history.csv (failed)
[2026-06-24 20:29:03] --- Processing job 9/20 (term: 'Java Full Stack Developer') ---
[2026-06-24 20:29:03] Opening job: Full Stack Developer @ Inceptory Technology
[2026-06-24 20:29:03] Clicked Naukri job title/card.
[2026-06-24 20:29:06] Switched to new window/tab: https://www.naukri.com/job-listings-full-stack-developer-inceptory-technology-private-limited-remote-3-to-6-years-240326503629?src=directSearch&sid=17823127870765308&xp=9&px=1
[2026-06-24 20:29:32] Clicked Naukri apply button 'Apply on company site    styles_company-site-button__C_2YK c'.
[2026-06-24 20:29:32] Switched to new window/tab: https://inceptorytechnology.com/careers
[2026-06-24 20:29:34] External apply flow started: https://inceptorytechnology.com/careers
[2026-06-24 20:29:42] External page already appears to contain the selected job title.
[2026-06-24 20:29:54] Clicked company-site apply button 'Apply Now    btn btn-primary btn-sm'.
[2026-06-24 20:29:54] Detected same-tab navigation: https://inceptorytechnology.com/apply
[2026-06-24 20:29:54] External form step 1/8: https://inceptorytechnology.com/apply
[2026-06-24 20:30:01] [WARN] Resume path missing or not found: all resumes/PAVAN_WAKADE_4+.pdf
[2026-06-24 20:30:01] Filled external field: John | first-name | first-name | First Name * | First Name * -> Pavan
[2026-06-24 20:30:02] Filled external field: Doe | last-name | last-name | Last Name * | Last Name * -> Wakade
[2026-06-24 20:30:03] Filled external field: john@example.com | email | email | Email Address * | Email Address * -> pavanwakade33@gmail.com
[2026-06-24 20:30:03] Filled external field: +1 (555) 000-0000 | phone | phone | Phone Number * | Phone Number * -> 8802896767
[2026-06-24 20:30:04] Filled external field: City, Country | location | location | Current Location * | Current Location * -> Pune
[2026-06-24 20:30:05] Filled external field: https://linkedin.com/in/yourprofile | linkedin | linkedin | LinkedIn Profile | L -> 
[2026-06-24 20:30:06] Filled external field: e.g., 2 weeks, 1 month, Immediate | notice-period | notice-period | Notice Perio -> 21
[2026-06-24 20:30:06] Filled external field: List your key skills and technologies (e.g., React, Python, AWS, Docker, etc.) | -> Experienced Java Full Stack Developer with 4+ years of exper
[2026-06-24 20:30:07] Filled external field: Tell us about your professional experience, key achievements, and why you're int -> 4
[2026-06-24 20:30:08] Filled external field: https://yourportfolio.com | portfolio | portfolio | Portfolio/Website | Portfoli -> 
[2026-06-24 20:30:08] Filled external field: https://github.com/yourprofile | github | github | GitHub Profile | GitHub Profi -> 
[2026-06-24 20:30:09] Filled external field: e.g., $80K - $120K (Optional) | salary-expectations | salary-expectations | Sala -> 1400000
[2026-06-24 20:30:10] Filled external field: Anything else you'd like us to know? | additional-notes | additional-notes | Add -> Yes
[2026-06-24 20:30:10] Filled external field: Write a brief cover letter about why you're interested in this position | cover- -> Experienced Java Full Stack Developer with 4+ years of exper
[2026-06-24 20:30:11] Selected dropdown: position | position | Position Applied For * | Position Applied For *
           -> Select a position
[2026-06-24 20:30:12] Selected dropdown: experience | experience | Years of Experience * | Years of Experience *
         -> Select experience level
[2026-06-24 20:30:13] Selected dropdown: employment-type | employment-type | Employment Type * | Employment Type *
       -> Select employment type
[2026-06-24 20:30:13] Selected dropdown: availability | availability | Availability * | Availability *
                   -> Select availability
[2026-06-24 20:30:14] Selected dropdown: work-authorization | work-authorization | Work Authorization * | Work Authorizat -> Select work authorization
[2026-06-24 20:30:14] Selected dropdown: remote-preference | remote-preference | Remote Work Preference * | Remote Work P -> Select preference
[2026-06-24 20:30:15] Selected dropdown: referral | referral | How did you find us? | How did you find us?
               -> Select source
[2026-06-24 20:30:16] Clicked choice option 'consent-data | consent-data | I consent to Incepto'.
[2026-06-24 20:30:17] Clicked choice option 'consent-future | consent-future | I would like to '.
[2026-06-24 20:30:23] External form filled. Final submit found, but external_auto_submit=false. Leaving page for manual review.
[2026-06-24 20:30:23] External apply result: external_filled_manual_submit — External form filled; final submit left for manual confirmation.
[2026-06-24 20:30:23] Logged result to: all excels/all_failed_applications_history.csv (external_filled_manual_submit)
[2026-06-24 20:30:25] --- Processing job 10/20 (term: 'Java Full Stack Developer') ---
[2026-06-24 20:30:25] Opening job: Full Stack Web Developer @ TCM Stunner It Consultants
[2026-06-24 20:30:26] Clicked Naukri job title/card.
[2026-06-24 20:30:28] Switched to new window/tab: https://www.naukri.com/job-listings-full-stack-web-developer-tcm-stunner-it-consultants-remote-2-to-5-years-240626505998?src=directSearch&sid=17823127870765308&xp=10&px=1
[2026-06-24 20:30:51] Clicked Naukri apply button 'Apply on company site    styles_company-site-button__C_2YK c'.
[2026-06-24 20:30:52] Switched to new window/tab: https://tcmstunner.com/careers
[2026-06-24 20:30:54] External apply flow started: https://tcmstunner.com/careers
[2026-06-24 20:31:09] External page already appears to contain the selected job title.
[2026-06-24 20:31:31] Clicked company-site apply button 'Apply & Join Waiting List    px-6 py-2.5 rounded-lg bg-blue-'.
[2026-06-24 20:31:41] External form step 1/8: https://tcmstunner.com/careers
[2026-06-24 20:31:41] External apply result: external_needs_manual_review — External site requires login, OTP, captcha, or account verification.
[2026-06-24 20:31:41] Logged result to: all excels/all_failed_applications_history.csv (external_needs_manual_review)
[2026-06-24 20:31:43] --- Processing job 11/20 (term: 'Java Full Stack Developer') ---
[2026-06-24 20:31:43] Opening job: Full Stack Developer @ Drona Hq
[2026-06-24 20:31:44] Clicked Naukri job title/card.
[2026-06-24 20:31:46] Switched to new window/tab: https://www.naukri.com/job-listings-full-stack-developer-drona-mobile-dronahq-remote-2-to-5-years-230125505539?src=directSearch&sid=17823127870765308&xp=11&px=1
[2026-06-24 20:32:13] Clicked Naukri apply button 'Apply on company site    styles_company-site-button__C_2YK c'.
[2026-06-24 20:32:17] Switched to new window/tab: https://crm.dronahq.io/DMxNqNIiHItLXfeUMxGVqCEh9xRdSpLoM6EOGqs1UVE4Z?jt=Full%20Stack%20Developer
[2026-06-24 20:32:19] External apply flow started: https://crm.dronahq.io/DMxNqNIiHItLXfeUMxGVqCEh9xRdSpLoM6EOGqs1UVE4Z?jt=Full%20Stack%20Developer
[2026-06-24 20:32:33] [WARN] Could not identify matching job card on external site; will try current page as-is.
[2026-06-24 20:32:46] [WARN] Company-site apply button not found; trying to fill current page directly.
[2026-06-24 20:32:46] External form step 1/8: https://crm.dronahq.io/DMxNqNIiHItLXfeUMxGVqCEh9xRdSpLoM6EOGqs1UVE4Z?jt=Full%20Stack%20Developer
[2026-06-24 20:32:55] External apply result: external_needs_manual_review — Could not find more fillable fields or next/submit buttons on external site.
[2026-06-24 20:32:56] Logged result to: all excels/all_failed_applications_history.csv (external_needs_manual_review)
[2026-06-24 20:32:58] --- Processing job 12/20 (term: 'Java Full Stack Developer') ---
[2026-06-24 20:32:58] Opening job: Ruby on Rails Programmer @ Avataa Solutions
[2026-06-24 20:32:58] Clicked Naukri job title/card.
[2026-06-24 20:32:59] Switched to new window/tab: https://www.naukri.com/job-listings-ruby-on-rails-programmer-avataa-solutions-remote-2-to-5-years-150526503514?src=directSearch&sid=17823127870765308&xp=12&px=1
[2026-06-24 20:33:24] Clicked Naukri apply button 'Apply on company site    styles_company-site-button__C_2YK c'.
[2026-06-24 20:33:31] Switched to new window/tab: https://avataa.in/careers.html
[2026-06-24 20:33:33] External apply flow started: https://avataa.in/careers.html
[2026-06-24 20:33:40] External page already appears to contain the selected job title.
[2026-06-24 20:33:59] [WARN] Company-site apply button not found; trying to fill current page directly.
[2026-06-24 20:33:59] External form step 1/8: https://avataa.in/careers.html
[2026-06-24 20:34:14] External apply result: external_needs_manual_review — Could not find more fillable fields or next/submit buttons on external site.
[2026-06-24 20:34:14] Logged result to: all excels/all_failed_applications_history.csv (external_needs_manual_review)
[2026-06-24 20:34:16] --- Processing job 13/20 (term: 'Java Full Stack Developer') ---
[2026-06-24 20:34:16] Opening job: Full Stack Developer @ What The Food
[2026-06-24 20:34:17] Clicked Naukri job title/card.
[2026-06-24 20:34:19] Switched to new window/tab: https://www.naukri.com/job-listings-full-stack-developer-what-the-food-remote-3-to-8-years-100626502932?src=directSearch&sid=17823127870765308&xp=13&px=1
[2026-06-24 20:34:44] Clicked Naukri apply button 'Apply on company site    styles_company-site-button__C_2YK c'.
[2026-06-24 20:34:46] Switched to new window/tab: https://whatthefood.in/join-us
[2026-06-24 20:34:49] External apply flow started: https://whatthefood.in/join-us
[2026-06-24 20:35:06] [WARN] Could not identify matching job card on external site; will try current page as-is.
[2026-06-24 20:35:26] [WARN] Company-site apply button not found; trying to fill current page directly.
[2026-06-24 20:35:26] External form step 1/8: https://whatthefood.in/join-us
[2026-06-24 20:35:34] Filled external field: Enter your email | email | :ri:-form-item -> pavanwakade33@gmail.com
[2026-06-24 20:35:42] External form filled. Final submit found, but external_auto_submit=false. Leaving page for manual review.
[2026-06-24 20:35:42] External apply result: external_filled_manual_submit — External form filled; final submit left for manual confirmation.
[2026-06-24 20:35:42] Logged result to: all excels/all_failed_applications_history.csv (external_filled_manual_submit)
[2026-06-24 20:35:44] --- Processing job 14/20 (term: 'Java Full Stack Developer') ---
[2026-06-24 20:35:44] Opening job: Junior Full - Stack Business Developer @ Shlok Information Systems
[2026-06-24 20:35:45] Clicked Naukri job title/card.
[2026-06-24 20:35:45] Switched to new window/tab: https://www.naukri.com/job-listings-junior-full-stack-business-developer-shlok-information-systems-india-private-limited-remote-2-to-4-years-160626503415?src=directSearch&sid=17823127870765308&xp=14&px=1
[2026-06-24 20:36:14] Clicked Naukri apply button 'Apply on company site    styles_company-site-button__C_2YK c'.
[2026-06-24 20:36:14] Switched to new window/tab: https://mayvel.ai/careers
[2026-06-24 20:36:16] External apply flow started: https://mayvel.ai/careers
[2026-06-24 20:36:41] Clicked matching external job card score=94 text='Junior Full-Stack Business Developer'.
[2026-06-24 20:37:02] Clicked company-site apply button 'Apply Now    framer-83en2q framer-15kodx'.
[2026-06-24 20:37:24] Switched to new window/tab: https://career.mayvel.ai/jobs/6a1ed689ee3633a230474454
[2026-06-24 20:37:24] External form step 1/8: https://career.mayvel.ai/jobs/6a1ed689ee3633a230474454
[2026-06-24 20:37:26] [WARN] Resume path missing or not found: all resumes/PAVAN_WAKADE_4+.pdf
[2026-06-24 20:37:27] Filled external field: Jane Doe | FULL NAME -> Pavan Wakade
[2026-06-24 20:37:28] Filled external field: jane@example.com | EMAIL ADDRESS -> pavanwakade33@gmail.com
[2026-06-24 20:37:29] Filled external field: +1 (555) 000-0000 | PHONE -> 8802896767
[2026-06-24 20:37:29] Filled external field: Paste link to portfolio (e.g. Behance, Dribbble, Website) | OR
PORTFOLIO LINK -> 
[2026-06-24 20:37:30] Filled external field: https://linkedin.com/in/your-profile | LINKEDIN PROFILE * -> 
[2026-06-24 20:37:31] Filled external field: Tell us about yourself... | COVER NOTE -> Yes
[2026-06-24 20:37:36] External form filled. Final submit found, but external_auto_submit=false. Leaving page for manual review.
[2026-06-24 20:37:36] External apply result: external_filled_manual_submit — External form filled; final submit left for manual confirmation.
[2026-06-24 20:37:36] Logged result to: all excels/all_failed_applications_history.csv (external_filled_manual_submit)
[2026-06-24 20:37:38] --- Processing job 15/20 (term: 'Java Full Stack Developer') ---
[2026-06-24 20:37:38] Opening job: Dot Net C# - Senior Software Developer @ Route Mobile (RML)
[2026-06-24 20:37:39] Clicked Naukri job title/card.
[2026-06-24 20:37:40] Switched to new window/tab: https://www.naukri.com/job-listings-dot-net-c-senior-software-developer-routesms-solutions-ltd-remote-2-to-5-years-250526504458?src=directSearch&sid=17823127870765308&xp=15&px=1
[2026-06-24 20:38:10] Clicked Naukri apply button 'Apply on company site    styles_company-site-button__C_2YK c'.
[2026-06-24 20:38:10] Switched to new window/tab: https://routemobile.com/job/senior-software-developer-net-c/
[2026-06-24 20:38:12] External apply flow started: https://routemobile.com/job/senior-software-developer-net-c/
[2026-06-24 20:38:34] Clicked popup/cookie button 'No thanks  No thanks No thanks StyledIco'.
[2026-06-24 20:38:35] External page already appears to contain the selected job title.
[2026-06-24 20:38:57] Clicked popup/cookie button 'Got it!    btn-1 noshadow'.
[2026-06-24 20:39:08] Clicked company-site apply button 'Apply for job   Apply for job application_button button'.
[2026-06-24 20:39:18] External form step 1/8: https://routemobile.com/job/senior-software-developer-net-c/
[2026-06-24 20:39:58] External form filled. Final submit found, but external_auto_submit=false. Leaving page for manual review.
[2026-06-24 20:39:58] External apply result: external_filled_manual_submit — External form filled; final submit left for manual confirmation.
[2026-06-24 20:39:58] Logged result to: all excels/all_failed_applications_history.csv (external_filled_manual_submit)
[2026-06-24 20:40:00] --- Processing job 16/20 (term: 'Java Full Stack Developer') ---
[2026-06-24 20:40:01] Opening job: Full Stack Developer @ Abhastra Technology
[2026-06-24 20:40:01] Clicked Naukri job title/card.
[2026-06-24 20:40:05] Switched to new window/tab: https://www.naukri.com/job-listings-full-stack-developer-abhastra-technology-pvt-ltd-remote-2-to-7-years-040626501178?src=directSearch&sid=17823127870765308&xp=16&px=1
[2026-06-24 20:40:31] [WARN] Naukri Apply / Apply on company site button not found or not clickable.
[2026-06-24 20:40:31] Logged result to: all excels/all_failed_applications_history.csv (failed)
[2026-06-24 20:40:33] --- Processing job 17/20 (term: 'Java Full Stack Developer') ---
[2026-06-24 20:40:33] Opening job: ServiceNow Developer @ E4 Softwares
[2026-06-24 20:40:33] Clicked Naukri job title/card.
[2026-06-24 20:40:36] Switched to new window/tab: https://www.naukri.com/job-listings-servicenow-developer-e4-softwares-remote-1-to-4-years-120626505749?src=directSearch&sid=17823127870765308&xp=17&px=1
[2026-06-24 20:41:05] Clicked Naukri apply button 'Apply on company site    styles_company-site-button__C_2YK c'.
[2026-06-24 20:41:05] Switched to new window/tab: https://ats24.e4softwares.com/career/CareerDetails1?id=6Bad1608h60Ca2
[2026-06-24 20:41:07] External apply flow started: https://ats24.e4softwares.com/career/CareerDetails1?id=6Bad1608h60Ca2
[2026-06-24 20:41:11] External page already appears to contain the selected job title.
[2026-06-24 20:41:15] Clicked company-site apply button 'Apply Now ➜    apply-btn'.
[2026-06-24 20:41:25] External form step 1/8: https://ats24.e4softwares.com/career/CareerDetails1?id=6Bad1608h60Ca2
[2026-06-24 20:41:28] [WARN] Resume path missing or not found: all resumes/PAVAN_WAKADE_4+.pdf
[2026-06-24 20:41:34] External form filled. Final submit found, but external_auto_submit=false. Leaving page for manual review.
[2026-06-24 20:41:34] External apply result: external_filled_manual_submit — External form filled; final submit left for manual confirmation.
[2026-06-24 20:41:34] Logged result to: all excels/all_failed_applications_history.csv (external_filled_manual_submit)
[2026-06-24 20:41:36] --- Processing job 18/20 (term: 'Java Full Stack Developer') ---
[2026-06-24 20:41:37] Opening job: KVM Developer @ NS Global Corporation
[2026-06-24 20:41:37] Clicked Naukri job title/card.
[2026-06-24 20:41:40] Switched to new window/tab: https://www.naukri.com/job-listings-kvm-developer-ns-global-corporation-remote-1-to-5-years-210526505412?src=directSearch&sid=17823127870765308&xp=18&px=1
[2026-06-24 20:41:42] Clicked Naukri apply button 'Apply'.
[2026-06-24 20:41:45] Detected same-tab navigation: https://www.naukri.com/myapply/saveApply?strJobsarr=[210526505412]&applytype=single&resId=331608664&ApplyMode=1&id=342682580&src=h&logstr=ArayCompanyApply---directSearch-18-F-0-1--17823127870765308--directSearch&applySrc=ArayCompanyApply-directSearch&multiApplyResp=%7B%22210526505412%22%3A200%7D&jobTitle=KVM%20Developer
[2026-06-24 20:41:48] Entering handle_chatbot_question. Non-interactive mode: True
[2026-06-24 20:41:57] No chatbot questionnaire detected (or didn't load within 8s).
[2026-06-24 20:41:59] Logged result to: all excels/all_applied_applications_history.csv (applied)
[2026-06-24 20:42:01] --- Processing job 19/20 (term: 'Java Full Stack Developer') ---
[2026-06-24 20:42:02] Opening job: Devops Engineer - GCP @ Aventior Digital
[2026-06-24 20:42:02] Clicked Naukri job title/card.
[2026-06-24 20:42:03] Switched to new window/tab: https://www.naukri.com/job-listings-devops-engineer-gcp-aventior-digital-pune-3-to-8-years-140325000066?src=directSearch&sid=17823127870765308&xp=19&px=1
[2026-06-24 20:42:05] Clicked Naukri apply button 'Apply'.
[2026-06-24 20:42:19] Entering handle_chatbot_question. Non-interactive mode: True
[2026-06-24 20:42:19] Chatbot question: How many years of experience do you have in Gcp Cloud?
[2026-06-24 20:42:22] Non-interactive fallback answer: '4'
[2026-06-24 20:42:22] [DEBUG] Trying input: tag=div, type=text
[2026-06-24 20:42:23] Successfully submitted chatbot answer using input (tag=div, type=text)
[2026-06-24 20:42:25] Chatbot question: How many years of experience do you have with CI/CD pipelines (GitHub Actions or similar)?
[2026-06-24 20:42:27] Non-interactive fallback answer: '4'
[2026-06-24 20:42:28] [DEBUG] Trying input: tag=div, type=text
[2026-06-24 20:42:28] Successfully submitted chatbot answer using input (tag=div, type=text)
[2026-06-24 20:42:30] Chatbot question: What is your experience with Kubernetes (deployment, scaling, troubleshooting)?
[2026-06-24 20:42:33] Non-interactive fallback answer: '4'
[2026-06-24 20:42:33] [DEBUG] Trying input: tag=div, type=text
[2026-06-24 20:42:34] Successfully submitted chatbot answer using input (tag=div, type=text)
[2026-06-24 20:42:36] Chatbot question: Have you worked with Helm and ArgoCD? If yes, please specify your hands-on experience.
[2026-06-24 20:42:38] Non-interactive fallback answer: '4'
[2026-06-24 20:42:39] [DEBUG] Trying input: tag=div, type=text
[2026-06-24 20:42:39] Successfully submitted chatbot answer using input (tag=div, type=text)
[2026-06-24 20:42:41] Chatbot question: How would you rate your Linux/system administration skills on a scale of 1 10
[2026-06-24 20:42:44] Non-interactive fallback answer: 'Experienced Java Full Stack Developer with 4+ years of expertise in Spring Boot, Microservices, and RESTful APIs, looking to contribute to scalable solutions.'
[2026-06-24 20:42:44] [DEBUG] Trying input: tag=div, type=text
[2026-06-24 20:42:45] Successfully submitted chatbot answer using input (tag=div, type=text)
[2026-06-24 20:42:47] Chatbot question: Do you have experience handling production incidents and performing root cause analysis (RCA)
[2026-06-24 20:42:50] Non-interactive fallback answer: '4'
[2026-06-24 20:42:50] [DEBUG] Trying input: tag=div, type=text
[2026-06-24 20:42:51] Successfully submitted chatbot answer using input (tag=div, type=text)
[2026-06-24 20:42:53] Chatbot question: Have you worked on MySQL/database operations such as backup, tuning, or migrations?
[2026-06-24 20:43:03] Non-interactive fallback answer: 'Yes'
[2026-06-24 20:43:03] [WARN] Could not find any visible input box or matching option for this question.
[2026-06-24 20:43:03] [DEBUG] Total input elements found by selector: 3
[2026-06-24 20:43:03] [DEBUG]   [0] tag=input, type=text, visible=False
[2026-06-24 20:43:03] [DEBUG]   [1] tag=input, type=text, visible=False
[2026-06-24 20:43:03] [DEBUG]   [2] tag=input, type=text, visible=False
[2026-06-24 20:43:05] Logged result to: all excels/all_failed_applications_history.csv (needs_manual_review)
[2026-06-24 21:04:06] ════════════════════════════════════════
[2026-06-24 21:04:06]   Naukri Auto-Apply Bot — starting run
[2026-06-24 21:04:06]   AI mode (Gemini): disabled (manual prompts)
[2026-06-24 21:04:06]   Non-Interactive: disabled (manual prompts)
[2026-06-24 21:04:06] ════════════════════════════════════════
[2026-06-24 21:04:06] Monkey-patched uc.Chrome.quit to suppress WinError 6 on exit.
[2026-06-24 21:04:06] Starting Chrome setup...
[2026-06-24 21:04:06] Found cached ChromeDriver: C:\Users\Pawan\AppData\Roaming\undetected_chromedriver\undetected_chromedriver.exe
[2026-06-24 21:04:06] Attempting undetected-chromedriver with use_subprocess=False...
[2026-06-24 21:04:07] Chrome driver (stealth, use_subprocess=False) successfully initialized!
[2026-06-24 21:04:07] Navigating to Naukri login page...
[2026-06-24 21:04:09] Submitted login form. Waiting for homepage to load...
[2026-06-24 21:04:13] Login appears successful.
[2026-06-24 21:04:13] Will search 12 term(s): ['Java Full Stack Developer', 'Senior Java Full Stack Developer', 'Java Developer', 'Senior Java Developer', 'Spring Boot Developer', 'Java Microservices Developer', 'Backend Developer', 'Java Backend Developer', 'Software Engineer', 'Senior Software Engineer', 'Full Stack Developer', 'Java Angular Developer']
[2026-06-24 21:04:13] ═══ Searching: 'Java Full Stack Developer' ═══
[2026-06-24 21:04:13] Navigating to job search results for 'Java Full Stack Developer': https://www.naukri.com/java-full-stack-developer-jobs?k=Java+Full+Stack+Developer&experience=4&wfhType=2
[2026-06-24 21:04:17] Job listings loaded.
[2026-06-24 21:04:25] [WARN] Could not find the 'Easy Apply' sidebar checkbox — selector may be stale, verify EASY_APPLY_CHECKBOX_SEL against the live page.
[2026-06-24 21:04:25] Found 20 job card(s) for 'Java Full Stack Developer'.
[2026-06-24 21:04:25] --- Processing job 1/20 (term: 'Java Full Stack Developer') ---
[2026-06-24 21:04:25] Opening job: Java Full Stack Developer @ Vrinda International Noida
[2026-06-24 21:04:25] Clicked Naukri job title/card.
[2026-06-24 21:04:26] Switched to new window/tab: https://www.naukri.com/job-listings-java-full-stack-developer-vrinda-international-remote-4-to-9-years-090626504653?src=directSearch&sid=17823152584538365&xp=1&px=1
[2026-06-24 21:04:50] [WARN] Naukri Apply / Apply on company site button not found or not clickable.
[2026-06-24 21:04:50] Logged result to: all excels/all_failed_applications_history.csv (failed)
[2026-06-24 21:04:52] --- Processing job 2/20 (term: 'Java Full Stack Developer') ---
[2026-06-24 21:04:52] Opening job: Full Stack Developer @ Fusiontecz
[2026-06-24 21:04:52] Clicked Naukri job title/card.
[2026-06-24 21:04:53] Switched to new window/tab: https://www.naukri.com/job-listings-full-stack-developer-fusiontecz-solutions-remote-2-to-6-years-090626501994?src=directSearch&sid=17823152584538365&xp=2&px=1
[2026-06-24 21:05:18] [WARN] Naukri Apply / Apply on company site button not found or not clickable.
[2026-06-24 21:05:18] Logged result to: all excels/all_failed_applications_history.csv (failed)
[2026-06-24 21:05:20] --- Processing job 3/20 (term: 'Java Full Stack Developer') ---
[2026-06-24 21:05:20] Opening job: Sr. Software Engineer @ Fundamento (formerly Skillr)
[2026-06-24 21:05:21] Clicked Naukri job title/card.
[2026-06-24 21:05:21] Switched to new window/tab: https://www.naukri.com/job-listings-sr-software-engineer-fundamento-formerly-skillr-remote-3-to-6-years-050626503980?src=directSearch&sid=17823152584538365&xp=3&px=1
[2026-06-24 21:05:46] [WARN] Naukri Apply / Apply on company site button not found or not clickable.
[2026-06-24 21:05:46] Logged result to: all excels/all_failed_applications_history.csv (failed)
[2026-06-24 21:05:48] --- Processing job 4/20 (term: 'Java Full Stack Developer') ---
[2026-06-24 21:05:48] Opening job: Web Developer @ Techbinge India
[2026-06-24 21:05:48] Clicked Naukri job title/card.
[2026-06-24 21:05:48] Switched to new window/tab: https://www.naukri.com/job-listings-web-developer-techbinge-india-pvt-ltd-remote-2-to-4-years-080626500396?src=directSearch&sid=17823152584538365&xp=4&px=1
[2026-06-24 21:06:15] [WARN] Naukri Apply / Apply on company site button not found or not clickable.
[2026-06-24 21:06:15] Logged result to: all excels/all_failed_applications_history.csv (failed)
[2026-06-24 21:06:17] --- Processing job 5/20 (term: 'Java Full Stack Developer') ---
[2026-06-24 21:06:17] Opening job: Senior Software Engineer @ Zuddl
[2026-06-24 21:06:17] Clicked Naukri job title/card.
[2026-06-24 21:06:18] Switched to new window/tab: https://www.naukri.com/job-listings-senior-software-engineer-zuddl-remote-4-to-6-years-100626502887?src=directSearch&sid=17823152584538365&xp=5&px=1
[2026-06-24 21:06:45] [WARN] Naukri Apply / Apply on company site button not found or not clickable.
[2026-06-24 21:06:45] Logged result to: all excels/all_failed_applications_history.csv (failed)
[2026-06-24 21:06:47] --- Processing job 6/20 (term: 'Java Full Stack Developer') ---
[2026-06-24 21:06:48] Opening job: AI Backend Developer @ Nitsan Technologies
[2026-06-24 21:06:48] Clicked Naukri job title/card.
[2026-06-24 21:06:49] Switched to new window/tab: https://www.naukri.com/job-listings-ai-backend-developer-nitsan-technologiess-remote-2-to-7-years-110626501222?src=directSearch&sid=17823152584538365&xp=6&px=1
[2026-06-24 21:07:14] [WARN] Naukri Apply / Apply on company site button not found or not clickable.
[2026-06-24 21:07:14] Logged result to: all excels/all_failed_applications_history.csv (failed)
[2026-06-24 21:07:16] --- Processing job 7/20 (term: 'Java Full Stack Developer') ---
[2026-06-24 21:07:16] Opening job: Full Stack Developer @ Abhastra Technology
[2026-06-24 21:07:17] Clicked Naukri job title/card.
[2026-06-24 21:07:18] Switched to new window/tab: https://www.naukri.com/job-listings-full-stack-developer-abhastra-technology-pvt-ltd-remote-2-to-7-years-040626501178?src=directSearch&sid=17823152584538365&xp=7&px=1
[2026-06-24 21:07:42] [WARN] Naukri Apply / Apply on company site button not found or not clickable.
[2026-06-24 21:07:43] Logged result to: all excels/all_failed_applications_history.csv (failed)
[2026-06-24 21:07:45] --- Processing job 8/20 (term: 'Java Full Stack Developer') ---
[2026-06-24 21:07:45] Opening job: Devops Engineer - GCP @ Aventior Digital
[2026-06-24 21:07:45] Clicked Naukri job title/card.
[2026-06-24 21:07:45] Switched to new window/tab: https://www.naukri.com/job-listings-devops-engineer-gcp-aventior-digital-pune-3-to-8-years-140325000066?src=directSearch&sid=17823152584538365&xp=8&px=1
[2026-06-24 21:07:47] Clicked Naukri apply button 'Apply'.
[2026-06-24 21:08:01] Entering handle_chatbot_question. Non-interactive mode: False
[2026-06-24 21:08:01] Chatbot question: Have you worked on MySQL/database operations such as backup, tuning, or migrations?
[2026-06-24 21:08:03] [Q-MATCH] Exact match found for: 'Have you worked on MySQL/database operations such as backup,'
[2026-06-24 21:08:03] Found exact match in questions.json: 'Have you worked on MySQL/database operations such as backup, tuning, or migrations?' -> 'Yes'
[2026-06-24 21:08:03] [DEBUG] Trying input: tag=div, type=text
[2026-06-24 21:08:03] Successfully submitted chatbot answer using input (tag=div, type=text)
[2026-06-24 21:08:05] Chatbot question: What is your current notice period? If you are already serving your notice period, please mention your last working day.
[2026-06-24 21:08:25] [DEBUG] Trying input: tag=div, type=text
[2026-06-24 21:08:25] Successfully submitted chatbot answer using input (tag=div, type=text)
[2026-06-24 21:08:26] Chatbot question: Thank you for your responses.
[2026-06-24 21:08:34] [Q-MATCH] Exact match found for: 'Thank you for your responses.'
[2026-06-24 21:08:34] Found exact match in questions.json: 'Thank you for your responses.' -> 'Yes'
[2026-06-24 21:08:34] [WARN] Could not find any visible input box or matching option for this question.
[2026-06-24 21:08:34] [DEBUG] Total input elements found by selector: 3
[2026-06-24 21:08:34] [DEBUG]   [0] tag=input, type=text, visible=False
[2026-06-24 21:08:34] [DEBUG]   [1] tag=input, type=text, visible=False
[2026-06-24 21:08:34] [DEBUG]   [2] tag=input, type=text, visible=False
[2026-06-24 21:08:37] Logged result to: all excels/all_failed_applications_history.csv (needs_manual_review)
[2026-06-24 21:08:39] --- Processing job 9/20 (term: 'Java Full Stack Developer') ---
[2026-06-24 21:08:39] Opening job: Java Developer @ Ovitech Solutions
[2026-06-24 21:08:39] Clicked Naukri job title/card.
[2026-06-24 21:08:39] Switched to new window/tab: https://www.naukri.com/job-listings-java-developer-ovitech-solutions-remote-1-to-10-years-310326502534?src=directSearch&sid=17823152584538365&xp=9&px=1
[2026-06-24 21:09:05] [WARN] Naukri Apply / Apply on company site button not found or not clickable.
[2026-06-24 21:09:05] Logged result to: all excels/all_failed_applications_history.csv (failed)
[2026-06-24 21:09:07] --- Processing job 10/20 (term: 'Java Full Stack Developer') ---
[2026-06-24 21:09:07] Opening job: Java Developer @ Crayontek
[2026-06-24 21:09:08] Clicked Naukri job title/card.
[2026-06-24 21:09:08] Switched to new window/tab: https://www.naukri.com/job-listings-java-developer-crayontek-remote-2-to-5-years-300822502752?src=directSearch&sid=17823152584538365&xp=10&px=1
[2026-06-24 21:09:32] [WARN] Naukri Apply / Apply on company site button not found or not clickable.
[2026-06-24 21:09:32] Logged result to: all excels/all_failed_applications_history.csv (failed)
[2026-06-24 21:09:34] --- Processing job 11/20 (term: 'Java Full Stack Developer') ---
[2026-06-24 21:09:34] Opening job: HCL Unica Developer @ Entnt
[2026-06-24 21:09:35] Clicked Naukri job title/card.
[2026-06-24 21:09:35] Switched to new window/tab: https://www.naukri.com/job-listings-hcl-unica-developer-entnt-remote-3-to-8-years-131025501730?src=directSearch&sid=17823152584538365&xp=11&px=1
[2026-06-24 21:09:57] Clicked Naukri apply button 'Apply on company site    styles_company-site-button__C_2YK c'.
[2026-06-24 21:09:57] Switched to new window/tab: https://careers.entnt.in/notfound
[2026-06-24 21:09:59] Entering handle_chatbot_question. Non-interactive mode: False
[2026-06-24 21:10:07] No chatbot questionnaire detected (or didn't load within 8s).
[2026-06-24 21:10:09] Logged result to: all excels/all_applied_applications_history.csv (applied)
[2026-06-24 21:10:11] --- Processing job 12/20 (term: 'Java Full Stack Developer') ---
[2026-06-24 21:10:11] Opening job: Senior Java Developer @ Immersive Infotech
[2026-06-24 21:10:12] Clicked Naukri job title/card.
[2026-06-24 21:10:12] Switched to new window/tab: https://www.naukri.com/job-listings-senior-java-developer-immerse-infocom-pvt-ltd-remote-2-to-5-years-090625504211?src=directSearch&sid=17823152584538365&xp=12&px=1
[2026-06-24 21:10:32] Clicked Naukri apply button 'Apply on company site    styles_company-site-button__C_2YK c'.
[2026-06-24 21:10:35] Switched to new window/tab: https://www.immersiveinfotech.com/career-details
[2026-06-24 21:10:37] Entering handle_chatbot_question. Non-interactive mode: False
[2026-06-24 21:10:45] No chatbot questionnaire detected (or didn't load within 8s).
[2026-06-24 21:10:47] Logged result to: all excels/all_applied_applications_history.csv (applied)
[2026-06-24 21:10:49] --- Processing job 13/20 (term: 'Java Full Stack Developer') ---
[2026-06-24 21:10:49] Opening job: Java Developer(associate and senior Associate ) @ Insignia Consultancy Solutions
[2026-06-24 21:10:49] Clicked Naukri job title/card.
[2026-06-24 21:10:58] Switched to new window/tab: https://www.naukri.com/job-listings-java-developer-associate-and-senior-associate-insignia-consultancy-solutions-remote-4-to-8-years-050824500746?src=directSearch&sid=17823152584538365&xp=13&px=1
[2026-06-24 21:11:32] ════════════════════════════════════════
[2026-06-24 21:11:32]   Naukri Auto-Apply Bot — starting run
[2026-06-24 21:11:32]   AI mode (Gemini): disabled (manual prompts)
[2026-06-24 21:11:32]   Non-Interactive: disabled (manual prompts)
[2026-06-24 21:11:32] ════════════════════════════════════════
[2026-06-24 21:11:33] Monkey-patched uc.Chrome.quit to suppress WinError 6 on exit.
[2026-06-24 21:11:33] Starting Chrome setup...
[2026-06-24 21:11:33] Found cached ChromeDriver: C:\Users\Pawan\AppData\Roaming\undetected_chromedriver\undetected_chromedriver.exe
[2026-06-24 21:11:33] Attempting undetected-chromedriver with use_subprocess=False...
[2026-06-24 21:11:34] Chrome driver (stealth, use_subprocess=False) successfully initialized!
[2026-06-24 21:11:34] Navigating to Naukri login page...
[2026-06-24 21:11:37] [ERROR] Login failed: Message: element not interactable
  (Session info: chrome=149.0.7827.156); For documentation on this error, please visit: https://www.selenium.dev/documentation/webdriver/troubleshooting/errors#elementnotinteractableexception
Stacktrace:
	undetected_chromedriver!GetHandleVerifier [0xb5a823+10083]
	undetected_chromedriver!GetHandleVerifier [0xb5a864+100c4]
	undetected_chromedriver!(No symbol) [0x93a52e]
	undetected_chromedriver!(No symbol) [0x97c739]
	undetected_chromedriver!(No symbol) [0x9a608c]
	undetected_chromedriver!(No symbol) [0x97a604]
	undetected_chromedriver!(No symbol) [0x9a6254]
	undetected_chromedriver!(No symbol) [0x9c3219]
	undetected_chromedriver!(No symbol) [0x9a5e26]
	undetected_chromedriver!(No symbol) [0x979139]
	undetected_chromedriver!(No symbol) [0x979f04]
	undetected_chromedriver!GetHandleVerifier [0xdd8fca+28e82a]
	undetected_chromedriver!GetHandleVerifier [0xdd44fd+289d5d]
	undetected_chromedriver!GetHandleVerifier [0xdf505b+2aa8bb]
	undetected_chromedriver!GetHandleVerifier [0xb74416+29c76]
	undetected_chromedriver!GetHandleVerifier [0xb7b3ad+30c0d]
	undetected_chromedriver!GetHandleVerifier [0xb63108+18968]
	undetected_chromedriver!GetHandleVerifier [0xb632b5+18b15]
	undetected_chromedriver!GetHandleVerifier [0xb4c3ef+1c4f]
	KERNEL32!BaseThreadInitThunk [0x76aa7ba9+19]
	ntdll!RtlInitializeExceptionChain [0x77a1c0cb+6b]
	ntdll!RtlClearBits [0x77a1c04f+bf]

[2026-06-24 21:11:37] [FATAL] Could not log in to Naukri. Aborting run.
[2026-06-24 21:11:49] ════════════════════════════════════════
[2026-06-24 21:11:49]   Naukri Auto-Apply Bot — starting run
[2026-06-24 21:11:49]   AI mode (Gemini): disabled (manual prompts)
[2026-06-24 21:11:49]   Non-Interactive: disabled (manual prompts)
[2026-06-24 21:11:49] ════════════════════════════════════════
[2026-06-24 21:11:50] Monkey-patched uc.Chrome.quit to suppress WinError 6 on exit.
[2026-06-24 21:11:50] Starting Chrome setup...
[2026-06-24 21:11:50] Found cached ChromeDriver: C:\Users\Pawan\AppData\Roaming\undetected_chromedriver\undetected_chromedriver.exe
[2026-06-24 21:11:50] Attempting undetected-chromedriver with use_subprocess=False...
[2026-06-24 21:11:52] Chrome driver (stealth, use_subprocess=False) successfully initialized!
[2026-06-24 21:11:52] Navigating to Naukri login page...
[2026-06-24 21:11:54] Submitted login form. Waiting for homepage to load...
[2026-06-24 21:11:58] Login appears successful.
[2026-06-24 21:11:58] Will search 12 term(s): ['Java Full Stack Developer', 'Senior Java Full Stack Developer', 'Java Developer', 'Senior Java Developer', 'Spring Boot Developer', 'Java Microservices Developer', 'Backend Developer', 'Java Backend Developer', 'Software Engineer', 'Senior Software Engineer', 'Full Stack Developer', 'Java Angular Developer']
[2026-06-24 21:11:58] ═══ Searching: 'Java Full Stack Developer' ═══
[2026-06-24 21:11:58] Navigating to job search results for 'Java Full Stack Developer': https://www.naukri.com/java-full-stack-developer-jobs?k=Java+Full+Stack+Developer&experience=4&wfhType=2
[2026-06-24 21:12:13] Job listings loaded.
[2026-06-24 21:12:21] [WARN] Could not find the 'Easy Apply' sidebar checkbox — selector may be stale, verify EASY_APPLY_CHECKBOX_SEL against the live page.
[2026-06-24 21:12:21] Found 20 job card(s) for 'Java Full Stack Developer'.
[2026-06-24 21:12:21] --- Processing job 1/20 (term: 'Java Full Stack Developer') ---
[2026-06-24 21:12:22] Opening job: Java Full Stack Developer @ Vrinda International Noida
[2026-06-24 21:12:39] [WARN] Apply button not found/clickable (selector may be stale, or job uses external apply).
[2026-06-24 21:12:39] [ERROR] Failed processing job card 1: 'NoneType' object is not subscriptable
[2026-06-24 21:12:39] --- Processing job 2/20 (term: 'Java Full Stack Developer') ---
[2026-06-24 21:12:39] Opening job: Full Stack Developer @ Fusiontecz
[2026-06-24 21:12:57] [WARN] Apply button not found/clickable (selector may be stale, or job uses external apply).
[2026-06-24 21:12:57] [ERROR] Failed processing job card 2: 'NoneType' object is not subscriptable
[2026-06-24 21:12:57] --- Processing job 3/20 (term: 'Java Full Stack Developer') ---
[2026-06-24 21:12:57] Opening job: Sr. Software Engineer @ Fundamento (formerly Skillr)
[2026-06-24 21:13:15] [WARN] Apply button not found/clickable (selector may be stale, or job uses external apply).
[2026-06-24 21:13:15] [ERROR] Failed processing job card 3: 'NoneType' object is not subscriptable
[2026-06-24 21:13:15] --- Processing job 4/20 (term: 'Java Full Stack Developer') ---
[2026-06-24 21:13:15] Opening job: Web Developer @ Techbinge India
[2026-06-24 21:13:32] [WARN] Apply button not found/clickable (selector may be stale, or job uses external apply).
[2026-06-24 21:13:32] [ERROR] Failed processing job card 4: 'NoneType' object is not subscriptable
[2026-06-24 21:13:32] --- Processing job 5/20 (term: 'Java Full Stack Developer') ---
[2026-06-24 21:13:33] Opening job: Senior Software Engineer @ Zuddl
[2026-06-24 21:13:50] [WARN] Apply button not found/clickable (selector may be stale, or job uses external apply).
[2026-06-24 21:13:50] [ERROR] Failed processing job card 5: 'NoneType' object is not subscriptable
[2026-06-24 21:13:50] --- Processing job 6/20 (term: 'Java Full Stack Developer') ---
[2026-06-24 21:13:50] Opening job: AI Backend Developer @ Nitsan Technologies
[2026-06-24 21:14:08] [WARN] Apply button not found/clickable (selector may be stale, or job uses external apply).
[2026-06-24 21:14:08] [ERROR] Failed processing job card 6: 'NoneType' object is not subscriptable
[2026-06-24 21:14:08] --- Processing job 7/20 (term: 'Java Full Stack Developer') ---
[2026-06-24 21:14:08] Opening job: Full Stack Developer @ Abhastra Technology
[2026-06-24 21:14:26] [WARN] Apply button not found/clickable (selector may be stale, or job uses external apply).
[2026-06-24 21:14:26] [ERROR] Failed processing job card 7: 'NoneType' object is not subscriptable
[2026-06-24 21:14:26] --- Processing job 8/20 (term: 'Java Full Stack Developer') ---
[2026-06-24 21:14:26] Opening job: Java Developer @ Ovitech Solutions
[2026-06-24 21:14:43] [WARN] Apply button not found/clickable (selector may be stale, or job uses external apply).
[2026-06-24 21:14:44] [ERROR] Failed processing job card 8: 'NoneType' object is not subscriptable
[2026-06-24 21:14:44] --- Processing job 9/20 (term: 'Java Full Stack Developer') ---
[2026-06-24 21:14:44] Opening job: Java Developer @ Crayontek
[2026-06-24 21:15:01] [WARN] Apply button not found/clickable (selector may be stale, or job uses external apply).
[2026-06-24 21:15:02] [ERROR] Failed processing job card 9: 'NoneType' object is not subscriptable
[2026-06-24 21:15:02] --- Processing job 10/20 (term: 'Java Full Stack Developer') ---
[2026-06-24 21:15:02] Opening job: Java Developer(associate and senior Associate ) @ Insignia Consultancy Solutions
[2026-06-24 21:15:19] [WARN] Apply button not found/clickable (selector may be stale, or job uses external apply).
[2026-06-24 21:15:19] [ERROR] Failed processing job card 10: 'NoneType' object is not subscriptable
[2026-06-24 21:15:19] --- Processing job 11/20 (term: 'Java Full Stack Developer') ---
[2026-06-24 21:15:19] Opening job: FullStack Engineer @ Rocketdevs
[2026-06-24 21:15:37] [WARN] Apply button not found/clickable (selector may be stale, or job uses external apply).
[2026-06-24 21:15:37] [ERROR] Failed processing job card 11: 'NoneType' object is not subscriptable
[2026-06-24 21:15:37] --- Processing job 12/20 (term: 'Java Full Stack Developer') ---
[2026-06-24 21:15:37] Opening job: Developer @ Ayatacommerce
[2026-06-24 21:15:55] [WARN] Apply button not found/clickable (selector may be stale, or job uses external apply).
[2026-06-24 21:15:55] [ERROR] Failed processing job card 12: 'NoneType' object is not subscriptable
[2026-06-24 21:15:55] --- Processing job 13/20 (term: 'Java Full Stack Developer') ---
[2026-06-24 21:15:55] Opening job: App Developer @ Techbinge India
[2026-06-24 21:16:12] [WARN] Apply button not found/clickable (selector may be stale, or job uses external apply).
[2026-06-24 21:16:12] [ERROR] Failed processing job card 13: 'NoneType' object is not subscriptable
[2026-06-24 21:16:12] --- Processing job 14/20 (term: 'Java Full Stack Developer') ---
[2026-06-24 21:16:13] Opening job: Senior AEM Developer @ Bhasaka Technologies
[2026-06-24 21:16:30] [WARN] Apply button not found/clickable (selector may be stale, or job uses external apply).
[2026-06-24 21:16:30] [ERROR] Failed processing job card 14: 'NoneType' object is not subscriptable
[2026-06-24 21:16:30] --- Processing job 15/20 (term: 'Java Full Stack Developer') ---
[2026-06-24 21:16:30] Opening job: Senior E Commerce Developer @ Kontoor Brands, Inc.
[2026-06-24 21:16:48] [WARN] Apply button not found/clickable (selector may be stale, or job uses external apply).
[2026-06-24 21:16:48] [ERROR] Failed processing job card 15: 'NoneType' object is not subscriptable
[2026-06-24 21:16:48] --- Processing job 16/20 (term: 'Java Full Stack Developer') ---
[2026-06-24 21:16:48] Opening job: Software Engineer, Full Stack @ Mostudio
[2026-06-24 21:17:06] [WARN] Apply button not found/clickable (selector may be stale, or job uses external apply).
[2026-06-24 21:17:06] [ERROR] Failed processing job card 16: 'NoneType' object is not subscriptable
[2026-06-24 21:17:06] --- Processing job 17/20 (term: 'Java Full Stack Developer') ---
[2026-06-24 21:17:06] Opening job: Senior Software Engineer, Full Stack @ Mostudio
[2026-06-24 21:17:23] [WARN] Apply button not found/clickable (selector may be stale, or job uses external apply).
[2026-06-24 21:17:24] [ERROR] Failed processing job card 17: 'NoneType' object is not subscriptable
[2026-06-24 21:17:24] --- Processing job 18/20 (term: 'Java Full Stack Developer') ---
[2026-06-24 21:17:24] Opening job: Palantir Foundry Developer @ Lateetud
[2026-06-24 21:17:41] [WARN] Apply button not found/clickable (selector may be stale, or job uses external apply).
[2026-06-24 21:17:41] [ERROR] Failed processing job card 18: 'NoneType' object is not subscriptable
[2026-06-24 21:17:41] --- Processing job 19/20 (term: 'Java Full Stack Developer') ---
[2026-06-24 21:17:41] Opening job: Senior Software Engineer @ Edifecs Technologies
[2026-06-24 21:17:59] [WARN] Apply button not found/clickable (selector may be stale, or job uses external apply).
[2026-06-24 21:17:59] [ERROR] Failed processing job card 19: 'NoneType' object is not subscriptable
[2026-06-24 21:17:59] --- Processing job 20/20 (term: 'Java Full Stack Developer') ---
[2026-06-24 21:17:59] Opening job: Java Developer @ Recruitly
[2026-06-24 21:18:17] [WARN] Apply button not found/clickable (selector may be stale, or job uses external apply).
[2026-06-24 21:18:17] [ERROR] Failed processing job card 20: 'NoneType' object is not subscriptable
[2026-06-24 21:18:17] ═══ Searching: 'Senior Java Full Stack Developer' ═══
[2026-06-24 21:18:17] Navigating to job search results for 'Senior Java Full Stack Developer': https://www.naukri.com/senior-java-full-stack-developer-jobs?k=Senior+Java+Full+Stack+Developer&experience=4&wfhType=2
[2026-06-24 21:18:19] Job listings loaded.
[2026-06-24 21:18:28] [WARN] Could not find the 'Easy Apply' sidebar checkbox — selector may be stale, verify EASY_APPLY_CHECKBOX_SEL against the live page.
[2026-06-24 21:18:28] Found 20 job card(s) for 'Senior Java Full Stack Developer'.
[2026-06-24 21:18:28] --- Processing job 1/20 (term: 'Senior Java Full Stack Developer') ---
[2026-06-24 21:18:28] Opening job: Senior Software Engineer @ Zuddl
[2026-06-24 21:18:45] [WARN] Apply button not found/clickable (selector may be stale, or job uses external apply).
[2026-06-24 21:18:45] [ERROR] Failed processing job card 1: 'NoneType' object is not subscriptable
[2026-06-24 21:18:45] --- Processing job 2/20 (term: 'Senior Java Full Stack Developer') ---
[2026-06-24 21:18:46] Opening job: Senior Software Engineer, Full Stack @ Mostudio
[2026-06-24 21:19:03] [WARN] Apply button not found/clickable (selector may be stale, or job uses external apply).
[2026-06-24 21:19:03] [ERROR] Failed processing job card 2: 'NoneType' object is not subscriptable
[2026-06-24 21:19:03] --- Processing job 3/20 (term: 'Senior Java Full Stack Developer') ---
[2026-06-24 21:19:03] Opening job: Full Stack Developer @ E Tech Software
[2026-06-24 21:19:21] [WARN] Apply button not found/clickable (selector may be stale, or job uses external apply).
[2026-06-24 21:19:21] [ERROR] Failed processing job card 3: 'NoneType' object is not subscriptable
[2026-06-24 21:19:21] --- Processing job 4/20 (term: 'Senior Java Full Stack Developer') ---
[2026-06-24 21:19:21] Opening job: Senior Java Developer @ Harris Global Business Services
[2026-06-24 21:19:39] [WARN] Apply button not found/clickable (selector may be stale, or job uses external apply).
[2026-06-24 21:19:39] [ERROR] Failed processing job card 4: 'NoneType' object is not subscriptable
[2026-06-24 21:19:39] --- Processing job 5/20 (term: 'Senior Java Full Stack Developer') ---
[2026-06-24 21:19:39] Opening job: Senior Java Developer @ Harris Healthcare
[2026-06-24 21:19:57] [WARN] Apply button not found/clickable (selector may be stale, or job uses external apply).
[2026-06-24 21:19:57] [ERROR] Failed processing job card 5: 'NoneType' object is not subscriptable
[2026-06-24 21:19:57] --- Processing job 6/20 (term: 'Senior Java Full Stack Developer') ---
[2026-06-24 21:19:57] Opening job: BPI Developer Sr Developer @ Sparix Global
[2026-06-24 21:20:14] [WARN] Apply button not found/clickable (selector may be stale, or job uses external apply).
[2026-06-24 21:20:14] [ERROR] Failed processing job card 6: 'NoneType' object is not subscriptable
[2026-06-24 21:20:14] --- Processing job 7/20 (term: 'Senior Java Full Stack Developer') ---
[2026-06-24 21:20:14] Opening job: BPI Developer / Senior Developer @ Sparix Global
[2026-06-24 21:20:33] [WARN] Apply button not found/clickable (selector may be stale, or job uses external apply).
[2026-06-24 21:20:33] [ERROR] Failed processing job card 7: 'NoneType' object is not subscriptable
[2026-06-24 21:20:33] --- Processing job 8/20 (term: 'Senior Java Full Stack Developer') ---
[2026-06-24 21:20:33] Opening job: Full Stack Developer - Grant Management Platform - Pan india @ Social Alpha
[2026-06-24 21:20:51] [WARN] Apply button not found/clickable (selector may be stale, or job uses external apply).
[2026-06-24 21:20:51] [ERROR] Failed processing job card 8: 'NoneType' object is not subscriptable
[2026-06-24 21:20:51] --- Processing job 9/20 (term: 'Senior Java Full Stack Developer') ---
[2026-06-24 21:20:51] Opening job: SENIOR SOFTWARE ENGINEER WITH DATA BACKGROUND @ Svitla Systems
[2026-06-24 21:21:08] [WARN] Apply button not found/clickable (selector may be stale, or job uses external apply).
[2026-06-24 21:21:08] [ERROR] Failed processing job card 9: 'NoneType' object is not subscriptable
[2026-06-24 21:21:08] --- Processing job 10/20 (term: 'Senior Java Full Stack Developer') ---
[2026-06-24 21:21:08] Opening job: Senior Full Stack Java Software Engineer @ Global Business Ser 4u
[2026-06-24 21:21:26] [WARN] Apply button not found/clickable (selector may be stale, or job uses external apply).
[2026-06-24 21:21:26] [ERROR] Failed processing job card 10: 'NoneType' object is not subscriptable
[2026-06-24 21:21:26] --- Processing job 11/20 (term: 'Senior Java Full Stack Developer') ---
[2026-06-24 21:21:26] Opening job: Sr. Software Engineer @ Fundamento (formerly Skillr)
[2026-06-24 21:21:43] [WARN] Apply button not found/clickable (selector may be stale, or job uses external apply).
[2026-06-24 21:21:44] [ERROR] Failed processing job card 11: 'NoneType' object is not subscriptable
[2026-06-24 21:21:44] --- Processing job 12/20 (term: 'Senior Java Full Stack Developer') ---
[2026-06-24 21:21:44] Opening job: Java Developer(associate and senior Associate ) @ Insignia Consultancy Solutions
[2026-06-24 21:22:01] [WARN] Apply button not found/clickable (selector may be stale, or job uses external apply).
[2026-06-24 21:22:02] [ERROR] Failed processing job card 12: 'NoneType' object is not subscriptable
[2026-06-24 21:22:02] --- Processing job 13/20 (term: 'Senior Java Full Stack Developer') ---
[2026-06-24 21:22:02] Opening job: Senior AEM Developer @ Bhasaka Technologies
[2026-06-24 21:22:19] [WARN] Apply button not found/clickable (selector may be stale, or job uses external apply).
[2026-06-24 21:22:19] [ERROR] Failed processing job card 13: 'NoneType' object is not subscriptable
[2026-06-24 21:22:19] --- Processing job 14/20 (term: 'Senior Java Full Stack Developer') ---
[2026-06-24 21:22:19] Opening job: Senior E Commerce Developer @ Kontoor Brands, Inc.
[2026-06-24 21:22:37] [WARN] Apply button not found/clickable (selector may be stale, or job uses external apply).
[2026-06-24 21:22:37] [ERROR] Failed processing job card 14: 'NoneType' object is not subscriptable
[2026-06-24 21:22:37] --- Processing job 15/20 (term: 'Senior Java Full Stack Developer') ---
[2026-06-24 21:22:37] Opening job: Senior Software Engineer @ Edifecs Technologies
[2026-06-24 21:22:54] [WARN] Apply button not found/clickable (selector may be stale, or job uses external apply).
[2026-06-24 21:22:55] [ERROR] Failed processing job card 15: 'NoneType' object is not subscriptable
[2026-06-24 21:22:55] --- Processing job 16/20 (term: 'Senior Java Full Stack Developer') ---
[2026-06-24 21:22:55] Opening job: Senior Java Developer @ Innovya Technologies
[2026-06-24 21:23:12] [WARN] Apply button not found/clickable (selector may be stale, or job uses external apply).
[2026-06-24 21:23:12] [ERROR] Failed processing job card 16: 'NoneType' object is not subscriptable
[2026-06-24 21:23:12] --- Processing job 17/20 (term: 'Senior Java Full Stack Developer') ---
[2026-06-24 21:23:12] Opening job: Senior Java Developer @ Virtualware Innovations
[2026-06-24 21:23:30] [WARN] Apply button not found/clickable (selector may be stale, or job uses external apply).
[2026-06-24 21:23:30] [ERROR] Failed processing job card 17: 'NoneType' object is not subscriptable
[2026-06-24 21:23:30] --- Processing job 18/20 (term: 'Senior Java Full Stack Developer') ---
[2026-06-24 21:23:30] Opening job: Sr. Full Stack Developer @ Ncube Infosolutions
[2026-06-24 21:23:48] [WARN] Apply button not found/clickable (selector may be stale, or job uses external apply).
[2026-06-24 21:23:48] [ERROR] Failed processing job card 18: 'NoneType' object is not subscriptable
[2026-06-24 21:23:48] --- Processing job 19/20 (term: 'Senior Java Full Stack Developer') ---
[2026-06-24 21:23:48] Opening job: Sr Software Engineer-Java @ PointAbout Inc.
[2026-06-24 21:24:06] [WARN] Apply button not found/clickable (selector may be stale, or job uses external apply).
[2026-06-24 21:24:06] [ERROR] Failed processing job card 19: 'NoneType' object is not subscriptable
[2026-06-24 21:24:06] --- Processing job 20/20 (term: 'Senior Java Full Stack Developer') ---
[2026-06-24 21:24:06] Opening job: Senior UI Engineer @ Quickbase
[2026-06-24 21:24:24] [WARN] Apply button not found/clickable (selector may be stale, or job uses external apply).
[2026-06-24 21:24:24] [ERROR] Failed processing job card 20: 'NoneType' object is not subscriptable
[2026-06-24 21:24:24] ═══ Searching: 'Java Developer' ═══
[2026-06-24 21:24:24] Navigating to job search results for 'Java Developer': https://www.naukri.com/java-developer-jobs?k=Java+Developer&experience=4&wfhType=2
[2026-06-24 21:24:26] Job listings loaded.
[2026-06-24 21:24:35] [WARN] Could not find the 'Easy Apply' sidebar checkbox — selector may be stale, verify EASY_APPLY_CHECKBOX_SEL against the live page.
[2026-06-24 21:24:35] Found 20 job card(s) for 'Java Developer'.
[2026-06-24 21:24:35] --- Processing job 1/20 (term: 'Java Developer') ---
[2026-06-24 21:24:35] Opening job: Java Developer @ MNJ Software
[2026-06-24 21:24:53] [WARN] Apply button not found/clickable (selector may be stale, or job uses external apply).
[2026-06-24 21:24:53] [ERROR] Failed processing job card 1: 'NoneType' object is not subscriptable
[2026-06-24 21:24:53] --- Processing job 2/20 (term: 'Java Developer') ---
[2026-06-24 21:24:53] Opening job: Java Developer @ Ovitech Solutions
[2026-06-24 21:25:11] [WARN] Apply button not found/clickable (selector may be stale, or job uses external apply).
[2026-06-24 21:25:11] [ERROR] Failed processing job card 2: 'NoneType' object is not subscriptable
[2026-06-24 21:25:11] --- Processing job 3/20 (term: 'Java Developer') ---
[2026-06-24 21:25:11] Opening job: Java Developer @ Crayontek
[2026-06-24 21:25:28] [WARN] Apply button not found/clickable (selector may be stale, or job uses external apply).
[2026-06-24 21:25:29] [ERROR] Failed processing job card 3: 'NoneType' object is not subscriptable
[2026-06-24 21:25:29] --- Processing job 4/20 (term: 'Java Developer') ---
[2026-06-24 21:25:29] Opening job: Java Developer @ Weitglobal
[2026-06-24 21:25:46] [WARN] Apply button not found/clickable (selector may be stale, or job uses external apply).
[2026-06-24 21:25:46] [ERROR] Failed processing job card 4: 'NoneType' object is not subscriptable
[2026-06-24 21:25:46] --- Processing job 5/20 (term: 'Java Developer') ---
[2026-06-24 21:25:47] Opening job: Java Developer @ Recruitly
[2026-06-24 21:26:04] [WARN] Apply button not found/clickable (selector may be stale, or job uses external apply).
[2026-06-24 21:26:04] [ERROR] Failed processing job card 5: 'NoneType' object is not subscriptable
[2026-06-24 21:26:04] --- Processing job 6/20 (term: 'Java Developer') ---
[2026-06-24 21:26:04] Opening job: Java Developer @ Yellow Sapphire
[2026-06-24 21:26:22] [WARN] Apply button not found/clickable (selector may be stale, or job uses external apply).
[2026-06-24 21:26:22] [ERROR] Failed processing job card 6: 'NoneType' object is not subscriptable
[2026-06-24 21:26:22] --- Processing job 7/20 (term: 'Java Developer') ---
[2026-06-24 21:26:22] Opening job: Java Developer with AI Focus @ Verdantis
[2026-06-24 21:26:39] [WARN] Apply button not found/clickable (selector may be stale, or job uses external apply).
[2026-06-24 21:26:39] [ERROR] Failed processing job card 7: 'NoneType' object is not subscriptable
[2026-06-24 21:26:39] --- Processing job 8/20 (term: 'Java Developer') ---
[2026-06-24 21:26:40] Opening job: Java Developers @ JK Lucent
[2026-06-24 21:26:57] [WARN] Apply button not found/clickable (selector may be stale, or job uses external apply).
[2026-06-24 21:26:57] [ERROR] Failed processing job card 8: 'NoneType' object is not subscriptable
[2026-06-24 21:26:57] --- Processing job 9/20 (term: 'Java Developer') ---
[2026-06-24 21:26:57] Opening job: Mid Experience Java Developer @ Crayontek
[2026-06-24 21:27:15] [WARN] Apply button not found/clickable (selector may be stale, or job uses external apply).
[2026-06-24 21:27:15] [ERROR] Failed processing job card 9: 'NoneType' object is not subscriptable
[2026-06-24 21:27:15] --- Processing job 10/20 (term: 'Java Developer') ---
[2026-06-24 21:27:15] Opening job: Java Developer @ Irisidea
[2026-06-24 21:27:32] [WARN] Apply button not found/clickable (selector may be stale, or job uses external apply).
[2026-06-24 21:27:32] [ERROR] Failed processing job card 10: 'NoneType' object is not subscriptable
[2026-06-24 21:27:32] --- Processing job 11/20 (term: 'Java Developer') ---
[2026-06-24 21:27:32] Opening job: JAVA Developer @ Citta Solutions
[2026-06-24 21:27:50] [WARN] Apply button not found/clickable (selector may be stale, or job uses external apply).
[2026-06-24 21:27:50] [ERROR] Failed processing job card 11: 'NoneType' object is not subscriptable
[2026-06-24 21:27:50] --- Processing job 12/20 (term: 'Java Developer') ---
[2026-06-24 21:27:50] Opening job: Java Developers @ Sourcetrace Systems
[2026-06-24 21:28:08] [WARN] Apply button not found/clickable (selector may be stale, or job uses external apply).
[2026-06-24 21:28:08] [ERROR] Failed processing job card 12: 'NoneType' object is not subscriptable
[2026-06-24 21:28:08] --- Processing job 13/20 (term: 'Java Developer') ---
[2026-06-24 21:28:08] Opening job: Java Developer @ Iris Info
[2026-06-24 21:28:26] [WARN] Apply button not found/clickable (selector may be stale, or job uses external apply).
[2026-06-24 21:28:26] [ERROR] Failed processing job card 13: 'NoneType' object is not subscriptable
[2026-06-24 21:28:26] --- Processing job 14/20 (term: 'Java Developer') ---
[2026-06-24 21:28:26] Opening job: Java Developer @ NTK Creative Tech
[2026-06-24 21:28:44] [WARN] Apply button not found/clickable (selector may be stale, or job uses external apply).
[2026-06-24 21:28:44] [ERROR] Failed processing job card 14: 'NoneType' object is not subscriptable
[2026-06-24 21:28:44] --- Processing job 15/20 (term: 'Java Developer') ---
[2026-06-24 21:28:44] Opening job: Java Developer @ Gokool Software Labs
[2026-06-24 21:29:02] [WARN] Apply button not found/clickable (selector may be stale, or job uses external apply).
[2026-06-24 21:29:02] [ERROR] Failed processing job card 15: 'NoneType' object is not subscriptable
[2026-06-24 21:29:02] --- Processing job 16/20 (term: 'Java Developer') ---
[2026-06-24 21:29:02] Opening job: Java + Selenium Developer, Pan India @ Virtualware Innovations
[2026-06-24 21:29:19] [WARN] Apply button not found/clickable (selector may be stale, or job uses external apply).
[2026-06-24 21:29:20] [ERROR] Failed processing job card 16: 'NoneType' object is not subscriptable
[2026-06-24 21:29:20] --- Processing job 17/20 (term: 'Java Developer') ---
[2026-06-24 21:29:20] Opening job: Java Spark Developer @ Overture Rede
[2026-06-24 21:29:37] [WARN] Apply button not found/clickable (selector may be stale, or job uses external apply).
[2026-06-24 21:29:37] [ERROR] Failed processing job card 17: 'NoneType' object is not subscriptable
[2026-06-24 21:29:37] --- Processing job 18/20 (term: 'Java Developer') ---
[2026-06-24 21:29:38] Opening job: Java Mirco Services Developer @ Insignia Consultancy Solutions
[2026-06-24 21:29:55] [WARN] Apply button not found/clickable (selector may be stale, or job uses external apply).
[2026-06-24 21:29:55] [ERROR] Failed processing job card 18: 'NoneType' object is not subscriptable
[2026-06-24 21:29:55] --- Processing job 19/20 (term: 'Java Developer') ---
[2026-06-24 21:29:55] Opening job: Java Developer(associate and senior Associate ) @ Insignia Consultancy Solutions
[2026-06-24 21:30:13] [WARN] Apply button not found/clickable (selector may be stale, or job uses external apply).
[2026-06-24 21:30:13] [ERROR] Failed processing job card 19: 'NoneType' object is not subscriptable
[2026-06-24 21:30:13] --- Processing job 20/20 (term: 'Java Developer') ---
[2026-06-24 21:30:13] Opening job: Java Devloper @ Codersbrain India
[2026-06-24 21:30:31] [WARN] Apply button not found/clickable (selector may be stale, or job uses external apply).
[2026-06-24 21:30:31] [ERROR] Failed processing job card 20: 'NoneType' object is not subscriptable
[2026-06-24 21:30:31] ═══ Searching: 'Senior Java Developer' ═══
[2026-06-24 21:30:31] Navigating to job search results for 'Senior Java Developer': https://www.naukri.com/senior-java-developer-jobs?k=Senior+Java+Developer&experience=4&wfhType=2
[2026-06-24 21:30:33] Job listings loaded.
[2026-06-24 21:30:42] [WARN] Could not find the 'Easy Apply' sidebar checkbox — selector may be stale, verify EASY_APPLY_CHECKBOX_SEL against the live page.
[2026-06-24 21:30:42] Found 20 job card(s) for 'Senior Java Developer'.
[2026-06-24 21:30:42] --- Processing job 1/20 (term: 'Senior Java Developer') ---
[2026-06-24 21:30:42] Opening job: Sr. Java Developer @ MNJ Software
[2026-06-24 21:30:59] [WARN] Apply button not found/clickable (selector may be stale, or job uses external apply).
[2026-06-24 21:30:59] [ERROR] Failed processing job card 1: 'NoneType' object is not subscriptable
[2026-06-24 21:30:59] --- Processing job 2/20 (term: 'Senior Java Developer') ---
[2026-06-24 21:30:59] Opening job: Java Developer(associate and senior Associate ) @ Insignia Consultancy Solutions
[2026-06-24 21:31:17] [WARN] Apply button not found/clickable (selector may be stale, or job uses external apply).
[2026-06-24 21:31:17] [ERROR] Failed processing job card 2: 'NoneType' object is not subscriptable
[2026-06-24 21:31:17] --- Processing job 3/20 (term: 'Senior Java Developer') ---
[2026-06-24 21:31:17] Opening job: Senior Java Developer @ Harris Global Business Services
[2026-06-24 21:31:34] [WARN] Apply button not found/clickable (selector may be stale, or job uses external apply).
[2026-06-24 21:31:34] [ERROR] Failed processing job card 3: 'NoneType' object is not subscriptable
[2026-06-24 21:31:34] --- Processing job 4/20 (term: 'Senior Java Developer') ---
[2026-06-24 21:31:34] Opening job: Senior Java Developer @ Harris Healthcare
[2026-06-24 21:31:52] [WARN] Apply button not found/clickable (selector may be stale, or job uses external apply).
[2026-06-24 21:31:52] [ERROR] Failed processing job card 4: 'NoneType' object is not subscriptable
[2026-06-24 21:31:52] --- Processing job 5/20 (term: 'Senior Java Developer') ---
[2026-06-24 21:31:52] Opening job: Senior Java Developer @ Innovya Technologies
[2026-06-24 21:32:10] [WARN] Apply button not found/clickable (selector may be stale, or job uses external apply).
[2026-06-24 21:32:10] [ERROR] Failed processing job card 5: 'NoneType' object is not subscriptable
[2026-06-24 21:32:10] --- Processing job 6/20 (term: 'Senior Java Developer') ---
[2026-06-24 21:32:10] Opening job: Senior Java Developer @ Virtualware Innovations
[2026-06-24 21:32:27] [WARN] Apply button not found/clickable (selector may be stale, or job uses external apply).
[2026-06-24 21:32:27] [ERROR] Failed processing job card 6: 'NoneType' object is not subscriptable
[2026-06-24 21:32:27] --- Processing job 7/20 (term: 'Senior Java Developer') ---
[2026-06-24 21:32:28] Opening job: Senior Java Developer @ Virtualware Innovations
[2026-06-24 21:32:45] [WARN] Apply button not found/clickable (selector may be stale, or job uses external apply).
[2026-06-24 21:32:45] [ERROR] Failed processing job card 7: 'NoneType' object is not subscriptable
[2026-06-24 21:32:45] --- Processing job 8/20 (term: 'Senior Java Developer') ---
[2026-06-24 21:32:45] Opening job: senior Java developer @ Green Clover
[2026-06-24 21:33:02] [WARN] Apply button not found/clickable (selector may be stale, or job uses external apply).
[2026-06-24 21:33:02] [ERROR] Failed processing job card 8: 'NoneType' object is not subscriptable
[2026-06-24 21:33:02] --- Processing job 9/20 (term: 'Senior Java Developer') ---
[2026-06-24 21:33:02] Opening job: Senior Software Engineer @ Zuddl
[2026-06-24 21:33:20] [WARN] Apply button not found/clickable (selector may be stale, or job uses external apply).
[2026-06-24 21:33:20] [ERROR] Failed processing job card 9: 'NoneType' object is not subscriptable
[2026-06-24 21:33:20] --- Processing job 10/20 (term: 'Senior Java Developer') ---
[2026-06-24 21:33:20] Opening job: Senior Software Engineer @ Edifecs Technologies
[2026-06-24 21:33:37] [WARN] Apply button not found/clickable (selector may be stale, or job uses external apply).
[2026-06-24 21:33:38] [ERROR] Failed processing job card 10: 'NoneType' object is not subscriptable
[2026-06-24 21:33:38] --- Processing job 11/20 (term: 'Senior Java Developer') ---
[2026-06-24 21:33:38] Opening job: Sr. Software Engineer @ Fundamento (formerly Skillr)
[2026-06-24 21:33:55] [WARN] Apply button not found/clickable (selector may be stale, or job uses external apply).
[2026-06-24 21:33:55] [ERROR] Failed processing job card 11: 'NoneType' object is not subscriptable
[2026-06-24 21:33:55] --- Processing job 12/20 (term: 'Senior Java Developer') ---
[2026-06-24 21:33:55] Opening job: Software Engineer @ Versante Software Technologies
[2026-06-24 21:34:13] [WARN] Apply button not found/clickable (selector may be stale, or job uses external apply).
[2026-06-24 21:34:13] [ERROR] Failed processing job card 12: 'NoneType' object is not subscriptable
[2026-06-24 21:34:13] --- Processing job 13/20 (term: 'Senior Java Developer') ---
[2026-06-24 21:34:13] Opening job: Senior Engineer, PHP Drupal @ Nagarro
[2026-06-24 21:34:31] [WARN] Apply button not found/clickable (selector may be stale, or job uses external apply).
[2026-06-24 21:34:31] [ERROR] Failed processing job card 13: 'NoneType' object is not subscriptable
[2026-06-24 21:34:31] --- Processing job 14/20 (term: 'Senior Java Developer') ---
[2026-06-24 21:34:31] Opening job: Senior Software Developer @ Sahajseva Digital Consultancy
[2026-06-24 21:34:48] [WARN] Apply button not found/clickable (selector may be stale, or job uses external apply).
[2026-06-24 21:34:48] [ERROR] Failed processing job card 14: 'NoneType' object is not subscriptable
[2026-06-24 21:34:48] --- Processing job 15/20 (term: 'Senior Java Developer') ---
[2026-06-24 21:34:48] Opening job: Senior Software Developer Applications @ Learntastic
[2026-06-24 21:35:06] [WARN] Apply button not found/clickable (selector may be stale, or job uses external apply).
[2026-06-24 21:35:06] [ERROR] Failed processing job card 15: 'NoneType' object is not subscriptable
[2026-06-24 21:35:06] --- Processing job 16/20 (term: 'Senior Java Developer') ---
[2026-06-24 21:35:06] Opening job: Senior Software Developer Applications @ Learntastic
[2026-06-24 21:35:23] [WARN] Apply button not found/clickable (selector may be stale, or job uses external apply).
[2026-06-24 21:35:23] [ERROR] Failed processing job card 16: 'NoneType' object is not subscriptable
[2026-06-24 21:35:23] --- Processing job 17/20 (term: 'Senior Java Developer') ---
[2026-06-24 21:35:23] Opening job: Senior Software Engineer, Full Stack @ Mostudio
[2026-06-24 21:35:41] [WARN] Apply button not found/clickable (selector may be stale, or job uses external apply).
[2026-06-24 21:35:41] [ERROR] Failed processing job card 17: 'NoneType' object is not subscriptable
[2026-06-24 21:35:41] --- Processing job 18/20 (term: 'Senior Java Developer') ---
[2026-06-24 21:35:41] Opening job: Full Stack Developer @ E Tech Software
[2026-06-24 21:35:58] [WARN] Apply button not found/clickable (selector may be stale, or job uses external apply).
[2026-06-24 21:35:58] [ERROR] Failed processing job card 18: 'NoneType' object is not subscriptable
[2026-06-24 21:35:58] --- Processing job 19/20 (term: 'Senior Java Developer') ---
[2026-06-24 21:35:58] Opening job: Senior Staff Engineer, Big Data @ Nagarro
[2026-06-24 21:36:16] [WARN] Apply button not found/clickable (selector may be stale, or job uses external apply).
[2026-06-24 21:36:16] [ERROR] Failed processing job card 19: 'NoneType' object is not subscriptable
[2026-06-24 21:36:16] --- Processing job 20/20 (term: 'Senior Java Developer') ---
[2026-06-24 21:36:16] Opening job: Senior Staff Engineer, DevOps @ Nagarro
[2026-06-24 21:36:33] [WARN] Apply button not found/clickable (selector may be stale, or job uses external apply).
[2026-06-24 21:36:33] [ERROR] Failed processing job card 20: 'NoneType' object is not subscriptable
[2026-06-24 21:36:33] ═══ Searching: 'Spring Boot Developer' ═══
[2026-06-24 21:36:33] Navigating to job search results for 'Spring Boot Developer': https://www.naukri.com/spring-boot-developer-jobs?k=Spring+Boot+Developer&experience=4&wfhType=2
[2026-06-24 21:36:36] Job listings loaded.
[2026-06-24 21:36:44] [WARN] Could not find the 'Easy Apply' sidebar checkbox — selector may be stale, verify EASY_APPLY_CHECKBOX_SEL against the live page.
[2026-06-24 21:36:45] Found 20 job card(s) for 'Spring Boot Developer'.
[2026-06-24 21:36:45] --- Processing job 1/20 (term: 'Spring Boot Developer') ---
[2026-06-24 21:36:45] Opening job: Backend Developer (MERN | PostgreSQL) @ Stacklab
[2026-06-24 21:37:02] [WARN] Apply button not found/clickable (selector may be stale, or job uses external apply).
[2026-06-24 21:37:02] [ERROR] Failed processing job card 1: 'NoneType' object is not subscriptable
[2026-06-24 21:37:02] --- Processing job 2/20 (term: 'Spring Boot Developer') ---
[2026-06-24 21:37:02] Opening job: Backend Developer @ Indium Corporation
[2026-06-24 21:37:20] [WARN] Apply button not found/clickable (selector may be stale, or job uses external apply).
[2026-06-24 21:37:20] [ERROR] Failed processing job card 2: 'NoneType' object is not subscriptable
[2026-06-24 21:37:20] --- Processing job 3/20 (term: 'Spring Boot Developer') ---
[2026-06-24 21:37:20] Opening job: Associate Staff Engineer, Frontend AngularJS @ Nagarro
[2026-06-24 21:37:38] [WARN] Apply button not found/clickable (selector may be stale, or job uses external apply).
[2026-06-24 21:37:38] [ERROR] Failed processing job card 3: 'NoneType' object is not subscriptable
[2026-06-24 21:37:38] --- Processing job 4/20 (term: 'Spring Boot Developer') ---
[2026-06-24 21:37:38] Opening job: Associate Staff Engineer, Cloud @ Nagarro
[2026-06-24 21:37:56] [WARN] Apply button not found/clickable (selector may be stale, or job uses external apply).
[2026-06-24 21:37:56] [ERROR] Failed processing job card 4: 'NoneType' object is not subscriptable
[2026-06-24 21:37:56] --- Processing job 5/20 (term: 'Spring Boot Developer') ---
[2026-06-24 21:37:56] Opening job: Java Full Stack Developer @ Vrinda International Noida
[2026-06-24 21:38:14] [WARN] Apply button not found/clickable (selector may be stale, or job uses external apply).
[2026-06-24 21:38:14] [ERROR] Failed processing job card 5: 'NoneType' object is not subscriptable
[2026-06-24 21:38:14] --- Processing job 6/20 (term: 'Spring Boot Developer') ---
[2026-06-24 21:38:14] Opening job: Sr. Software Engineer @ Fundamento (formerly Skillr)
[2026-06-24 21:38:32] [WARN] Apply button not found/clickable (selector may be stale, or job uses external apply).
[2026-06-24 21:38:32] [ERROR] Failed processing job card 6: 'NoneType' object is not subscriptable
[2026-06-24 21:38:32] --- Processing job 7/20 (term: 'Spring Boot Developer') ---
[2026-06-24 21:38:32] Opening job: Associate Staff Engineer, Mobile Cross Platform @ Nagarro
[2026-06-24 21:38:50] [WARN] Apply button not found/clickable (selector may be stale, or job uses external apply).
[2026-06-24 21:38:50] [ERROR] Failed processing job card 7: 'NoneType' object is not subscriptable
[2026-06-24 21:38:50] --- Processing job 8/20 (term: 'Spring Boot Developer') ---
[2026-06-24 21:38:50] Opening job: Associate Staff Engineer, .Net Web @ Nagarro
[2026-06-24 21:39:08] [WARN] Apply button not found/clickable (selector may be stale, or job uses external apply).
[2026-06-24 21:39:08] [ERROR] Failed processing job card 8: 'NoneType' object is not subscriptable
[2026-06-24 21:39:08] --- Processing job 9/20 (term: 'Spring Boot Developer') ---
[2026-06-24 21:39:08] Opening job: Senior Software Engineer @ Zuddl
[2026-06-24 21:39:26] [WARN] Apply button not found/clickable (selector may be stale, or job uses external apply).
[2026-06-24 21:39:26] [ERROR] Failed processing job card 9: 'NoneType' object is not subscriptable
[2026-06-24 21:39:26] --- Processing job 10/20 (term: 'Spring Boot Developer') ---
[2026-06-24 21:39:26] Opening job: Associate Staff Engineer @ Nagarro
[2026-06-24 21:39:44] [WARN] Apply button not found/clickable (selector may be stale, or job uses external apply).
[2026-06-24 21:39:44] [ERROR] Failed processing job card 10: 'NoneType' object is not subscriptable
[2026-06-24 21:39:44] --- Processing job 11/20 (term: 'Spring Boot Developer') ---
[2026-06-24 21:39:44] Opening job: Embedded IoT Developer Fresher Experienced @ ELK Education
[2026-06-24 21:40:02] [WARN] Apply button not found/clickable (selector may be stale, or job uses external apply).
[2026-06-24 21:40:02] [ERROR] Failed processing job card 11: 'NoneType' object is not subscriptable
[2026-06-24 21:40:02] --- Processing job 12/20 (term: 'Spring Boot Developer') ---
[2026-06-24 21:40:02] Opening job: Embedded IoT Developer Fresher Experienced @ ELK Education
[2026-06-24 21:40:20] [WARN] Apply button not found/clickable (selector may be stale, or job uses external apply).
[2026-06-24 21:40:20] [ERROR] Failed processing job card 12: 'NoneType' object is not subscriptable
[2026-06-24 21:40:20] --- Processing job 13/20 (term: 'Spring Boot Developer') ---
[2026-06-24 21:40:20] Opening job: Software Developer @ Fasyl Technology Group
[2026-06-24 21:40:37] [WARN] Apply button not found/clickable (selector may be stale, or job uses external apply).
[2026-06-24 21:40:38] [ERROR] Failed processing job card 13: 'NoneType' object is not subscriptable
[2026-06-24 21:40:38] --- Processing job 14/20 (term: 'Spring Boot Developer') ---
[2026-06-24 21:40:38] Opening job: Associate Staff Engineer, Java Application Support @ Nagarro
[2026-06-24 21:40:56] [WARN] Apply button not found/clickable (selector may be stale, or job uses external apply).
[2026-06-24 21:40:56] [ERROR] Failed processing job card 14: 'NoneType' object is not subscriptable
[2026-06-24 21:40:56] --- Processing job 15/20 (term: 'Spring Boot Developer') ---
[2026-06-24 21:40:56] Opening job: Associate Staff Engineer ,Fastapp Developer @ Nagarro
[2026-06-24 21:41:13] [WARN] Apply button not found/clickable (selector may be stale, or job uses external apply).
[2026-06-24 21:41:13] [ERROR] Failed processing job card 15: 'NoneType' object is not subscriptable
[2026-06-24 21:41:13] --- Processing job 16/20 (term: 'Spring Boot Developer') ---
[2026-06-24 21:41:13] Opening job: Java Developer(associate and senior Associate ) @ Insignia Consultancy Solutions
[2026-06-24 21:41:31] [WARN] Apply button not found/clickable (selector may be stale, or job uses external apply).
[2026-06-24 21:41:31] [ERROR] Failed processing job card 16: 'NoneType' object is not subscriptable
[2026-06-24 21:41:31] --- Processing job 17/20 (term: 'Spring Boot Developer') ---
[2026-06-24 21:41:31] Opening job: App Developer @ Techbinge India
[2026-06-24 21:41:49] [WARN] Apply button not found/clickable (selector may be stale, or job uses external apply).
[2026-06-24 21:41:49] [ERROR] Failed processing job card 17: 'NoneType' object is not subscriptable
[2026-06-24 21:41:49] --- Processing job 18/20 (term: 'Spring Boot Developer') ---
[2026-06-24 21:41:49] Opening job: SAP CPI Freelancer & Permanent professional @ Spanbix Technologies
[2026-06-24 21:42:07] [WARN] Apply button not found/clickable (selector may be stale, or job uses external apply).
[2026-06-24 21:42:07] [ERROR] Failed processing job card 18: 'NoneType' object is not subscriptable
[2026-06-24 21:42:07] --- Processing job 19/20 (term: 'Spring Boot Developer') ---
[2026-06-24 21:42:07] Opening job: FullStack Engineer @ Rocketdevs
[2026-06-24 21:42:25] [WARN] Apply button not found/clickable (selector may be stale, or job uses external apply).
[2026-06-24 21:42:25] [ERROR] Failed processing job card 19: 'NoneType' object is not subscriptable
[2026-06-24 21:42:25] --- Processing job 20/20 (term: 'Spring Boot Developer') ---
[2026-06-24 21:42:25] Opening job: Senior Java Developer @ Innovya Technologies
[2026-06-24 21:42:43] [WARN] Apply button not found/clickable (selector may be stale, or job uses external apply).
[2026-06-24 21:42:43] [ERROR] Failed processing job card 20: 'NoneType' object is not subscriptable
[2026-06-24 21:42:43] ═══ Searching: 'Java Microservices Developer' ═══
[2026-06-24 21:42:43] Navigating to job search results for 'Java Microservices Developer': https://www.naukri.com/java-microservices-developer-jobs?k=Java+Microservices+Developer&experience=4&wfhType=2
[2026-06-24 21:42:46] Job listings loaded.
[2026-06-24 21:42:54] [WARN] Could not find the 'Easy Apply' sidebar checkbox — selector may be stale, verify EASY_APPLY_CHECKBOX_SEL against the live page.
[2026-06-24 21:42:54] Found 20 job card(s) for 'Java Microservices Developer'.
[2026-06-24 21:42:54] --- Processing job 1/20 (term: 'Java Microservices Developer') ---
[2026-06-24 21:42:54] Opening job: Java + Microservices Developers, Pan India @ Virtualware Innovations
[2026-06-24 21:43:12] [WARN] Apply button not found/clickable (selector may be stale, or job uses external apply).
[2026-06-24 21:43:12] [ERROR] Failed processing job card 1: 'NoneType' object is not subscriptable
[2026-06-24 21:43:12] --- Processing job 2/20 (term: 'Java Microservices Developer') ---
[2026-06-24 21:43:12] Opening job: Java + Microservices Developers @ Virtualware Innovations
[2026-06-24 21:43:29] [WARN] Apply button not found/clickable (selector may be stale, or job uses external apply).
[2026-06-24 21:43:29] [ERROR] Failed processing job card 2: 'NoneType' object is not subscriptable
[2026-06-24 21:43:29] --- Processing job 3/20 (term: 'Java Microservices Developer') ---
[2026-06-24 21:43:29] Opening job: Backend Developer (MERN | PostgreSQL) @ Stacklab
[2026-06-24 21:43:47] [WARN] Apply button not found/clickable (selector may be stale, or job uses external apply).
[2026-06-24 21:43:47] [ERROR] Failed processing job card 3: 'NoneType' object is not subscriptable
[2026-06-24 21:43:47] --- Processing job 4/20 (term: 'Java Microservices Developer') ---
[2026-06-24 21:43:47] Opening job: Associate Staff Engineer, Frontend AngularJS @ Nagarro
[2026-06-24 21:44:05] [WARN] Apply button not found/clickable (selector may be stale, or job uses external apply).
[2026-06-24 21:44:05] [ERROR] Failed processing job card 4: 'NoneType' object is not subscriptable
[2026-06-24 21:44:05] --- Processing job 5/20 (term: 'Java Microservices Developer') ---
[2026-06-24 21:44:05] Opening job: Associate Staff Engineer, Cloud @ Nagarro
[2026-06-24 21:44:22] [WARN] Apply button not found/clickable (selector may be stale, or job uses external apply).
[2026-06-24 21:44:23] [ERROR] Failed processing job card 5: 'NoneType' object is not subscriptable
[2026-06-24 21:44:23] --- Processing job 6/20 (term: 'Java Microservices Developer') ---
[2026-06-24 21:44:23] Opening job: Associate Staff Engineer, Python @ Nagarro
[2026-06-24 21:44:40] [WARN] Apply button not found/clickable (selector may be stale, or job uses external apply).
[2026-06-24 21:44:40] [ERROR] Failed processing job card 6: 'NoneType' object is not subscriptable
[2026-06-24 21:44:40] --- Processing job 7/20 (term: 'Java Microservices Developer') ---
[2026-06-24 21:44:40] Opening job: Associate Staff Engineer, Mainframe @ Nagarro
[2026-06-24 21:44:58] [WARN] Apply button not found/clickable (selector may be stale, or job uses external apply).
[2026-06-24 21:44:58] [ERROR] Failed processing job card 7: 'NoneType' object is not subscriptable
[2026-06-24 21:44:58] --- Processing job 8/20 (term: 'Java Microservices Developer') ---
[2026-06-24 21:44:58] Opening job: Associate Staff Engineer, .Net Web @ Nagarro
[2026-06-24 21:45:16] [WARN] Apply button not found/clickable (selector may be stale, or job uses external apply).
[2026-06-24 21:45:16] [ERROR] Failed processing job card 8: 'NoneType' object is not subscriptable
[2026-06-24 21:45:16] --- Processing job 9/20 (term: 'Java Microservices Developer') ---
[2026-06-24 21:45:16] Opening job: Associate Staff Engineer, PHP Drupal @ Nagarro
[2026-06-24 21:45:33] [WARN] Apply button not found/clickable (selector may be stale, or job uses external apply).
[2026-06-24 21:45:33] [ERROR] Failed processing job card 9: 'NoneType' object is not subscriptable
[2026-06-24 21:45:33] --- Processing job 10/20 (term: 'Java Microservices Developer') ---
[2026-06-24 21:45:33] Opening job: Associate Staff Engineer, ERP @ Nagarro
[2026-06-24 21:45:51] [WARN] Apply button not found/clickable (selector may be stale, or job uses external apply).
[2026-06-24 21:45:51] [ERROR] Failed processing job card 10: 'NoneType' object is not subscriptable
[2026-06-24 21:45:51] --- Processing job 11/20 (term: 'Java Microservices Developer') ---
[2026-06-24 21:45:51] Opening job: Associate Staff Engineer, Sharepoint @ Nagarro
[2026-06-24 21:46:08] [WARN] Apply button not found/clickable (selector may be stale, or job uses external apply).
[2026-06-24 21:46:08] [ERROR] Failed processing job card 11: 'NoneType' object is not subscriptable
[2026-06-24 21:46:09] --- Processing job 12/20 (term: 'Java Microservices Developer') ---
[2026-06-24 21:46:09] Opening job: Associate Staff Engineer, PHP Magento @ Nagarro
[2026-06-24 21:46:26] [WARN] Apply button not found/clickable (selector may be stale, or job uses external apply).
[2026-06-24 21:46:26] [ERROR] Failed processing job card 12: 'NoneType' object is not subscriptable
[2026-06-24 21:46:26] --- Processing job 13/20 (term: 'Java Microservices Developer') ---
[2026-06-24 21:46:26] Opening job: Associate Staff Engineer, Frontend @ Nagarro
[2026-06-24 21:46:44] [WARN] Apply button not found/clickable (selector may be stale, or job uses external apply).
[2026-06-24 21:46:44] [ERROR] Failed processing job card 13: 'NoneType' object is not subscriptable
[2026-06-24 21:46:44] --- Processing job 14/20 (term: 'Java Microservices Developer') ---
[2026-06-24 21:46:44] Opening job: Senior Software Engineer @ Zuddl
[2026-06-24 21:47:01] [WARN] Apply button not found/clickable (selector may be stale, or job uses external apply).
[2026-06-24 21:47:01] [ERROR] Failed processing job card 14: 'NoneType' object is not subscriptable
[2026-06-24 21:47:01] --- Processing job 15/20 (term: 'Java Microservices Developer') ---
[2026-06-24 21:47:01] Opening job: Associate Staff Engineer @ Nagarro
[2026-06-24 21:47:19] [WARN] Apply button not found/clickable (selector may be stale, or job uses external apply).
[2026-06-24 21:47:19] [ERROR] Failed processing job card 15: 'NoneType' object is not subscriptable
[2026-06-24 21:47:19] --- Processing job 16/20 (term: 'Java Microservices Developer') ---
[2026-06-24 21:47:19] Opening job: Part-Time Node.js Developer with Java Experience @ Modestack Technologies
[2026-06-24 21:47:25] Entering handle_chatbot_question. Non-interactive mode: False
[2026-06-24 21:47:25] Chatbot question: How many years of experience do you have in Node.Js?
[2026-06-24 21:47:37] [DEBUG] Trying input: tag=div, type=text
[2026-06-24 21:47:37] Successfully submitted chatbot answer using input (tag=div, type=text)
[2026-06-24 21:47:38] Chatbot question: How many years of experience do you have in Java?
[2026-06-24 21:47:40] [Q-MATCH] Case-insensitive match found for: 'How many years of experience do you have in Java?'
[2026-06-24 21:47:40] Found exact match in questions.json: 'How many years of experience do you have in Java?' -> '4'
[2026-06-24 21:47:40] [DEBUG] Trying input: tag=div, type=text
[2026-06-24 21:47:41] Successfully submitted chatbot answer using input (tag=div, type=text)
[2026-06-24 21:47:42] Chatbot question: How many years of experience do you have in AWS?
[2026-06-24 21:47:44] [Q-MATCH] Case-insensitive match found for: 'How many years of experience do you have in AWS?'
[2026-06-24 21:47:44] Found exact match in questions.json: 'How many years of experience do you have in AWS?' -> '2'
[2026-06-24 21:47:44] [DEBUG] Trying input: tag=div, type=text
[2026-06-24 21:47:45] Successfully submitted chatbot answer using input (tag=div, type=text)
[2026-06-24 21:47:46] Chatbot question: Skip this question
[2026-06-24 21:47:46] [Q-MATCH] Exact match found for: 'Skip this question'
[2026-06-24 21:47:46] Found exact match in questions.json: 'Skip this question' -> 'Skip this question'
[2026-06-24 21:47:47] Clicked option (exact match): 'Skip this question'
[2026-06-24 21:47:48] Clicked submit button after option selection (JS fallback).
[2026-06-24 21:47:51] No more chatbot questions detected.
[2026-06-24 21:47:53] [ERROR] Failed processing job card 16: 'NoneType' object is not subscriptable
[2026-06-24 21:47:53] --- Processing job 17/20 (term: 'Java Microservices Developer') ---
[2026-06-24 21:47:53] Opening job: Embedded IoT Developer Fresher Experienced @ ELK Education
[2026-06-24 21:48:10] [WARN] Apply button not found/clickable (selector may be stale, or job uses external apply).
[2026-06-24 21:48:11] [ERROR] Failed processing job card 17: 'NoneType' object is not subscriptable
[2026-06-24 21:48:11] --- Processing job 18/20 (term: 'Java Microservices Developer') ---
[2026-06-24 21:48:11] Opening job: Embedded IoT Developer Fresher Experienced @ ELK Education
[2026-06-24 21:48:28] [WARN] Apply button not found/clickable (selector may be stale, or job uses external apply).
[2026-06-24 21:48:28] [ERROR] Failed processing job card 18: 'NoneType' object is not subscriptable
[2026-06-24 21:48:28] --- Processing job 19/20 (term: 'Java Microservices Developer') ---
[2026-06-24 21:48:29] Opening job: Database & NoSQL Engineer @ Octobit8
[2026-06-24 21:48:46] [WARN] Apply button not found/clickable (selector may be stale, or job uses external apply).
[2026-06-24 21:48:46] [ERROR] Failed processing job card 19: 'NoneType' object is not subscriptable
[2026-06-24 21:48:46] --- Processing job 20/20 (term: 'Java Microservices Developer') ---
[2026-06-24 21:48:46] Opening job: Sap Hybris Developer @ Anikinitek
[2026-06-24 21:48:53] Entering handle_chatbot_question. Non-interactive mode: False
[2026-06-24 21:48:53] Chatbot question: How many years of experience do you have in java?
[2026-06-24 21:48:55] [Q-MATCH] Case-insensitive match found for: 'How many years of experience do you have in java?'
[2026-06-24 21:48:56] Found exact match in questions.json: 'How many years of experience do you have in java?' -> '4'
[2026-06-24 21:48:56] [DEBUG] Trying input: tag=div, type=text
[2026-06-24 21:48:56] Successfully submitted chatbot answer using input (tag=div, type=text)
[2026-06-24 21:48:58] Chatbot question: How many years of experience do you have in J2Ee?
[2026-06-24 21:49:09] [DEBUG] Trying input: tag=div, type=text
[2026-06-24 21:49:10] Successfully submitted chatbot answer using input (tag=div, type=text)
[2026-06-24 21:49:11] Chatbot question: How many years of experience do you have in hybris?
[2026-06-24 21:49:15] [DEBUG] Trying input: tag=div, type=text
[2026-06-24 21:49:15] Successfully submitted chatbot answer using input (tag=div, type=text)
[2026-06-24 21:49:17] Chatbot question: How many years of experience do you have in Spring?
[2026-06-24 21:49:24] [DEBUG] Trying input: tag=div, type=text
[2026-06-24 21:49:25] Successfully submitted chatbot answer using input (tag=div, type=text)
[2026-06-24 21:49:27] Chatbot question: Thank you for your responses.
[2026-06-24 21:49:36] [Q-MATCH] Exact match found for: 'Thank you for your responses.'
[2026-06-24 21:49:36] Found exact match in questions.json: 'Thank you for your responses.' -> 'Yes'
[2026-06-24 21:49:36] [WARN] Could not find any visible input box or matching option for this question.
[2026-06-24 21:49:36] [DEBUG] Total input elements found by selector: 3
[2026-06-24 21:49:36] [DEBUG]   [0] tag=input, type=text, visible=False
[2026-06-24 21:49:36] [DEBUG]   [1] tag=input, type=text, visible=False
[2026-06-24 21:49:36] [DEBUG]   [2] tag=input, type=text, visible=False
[2026-06-24 21:49:38] [ERROR] Failed processing job card 20: 'NoneType' object is not subscriptable
[2026-06-24 21:49:38] ═══ Searching: 'Backend Developer' ═══
[2026-06-24 21:49:38] Navigating to job search results for 'Backend Developer': https://www.naukri.com/backend-developer-jobs?k=Backend+Developer&experience=4&wfhType=2
[2026-06-24 21:49:41] Job listings loaded.
[2026-06-24 21:49:49] [WARN] Could not find the 'Easy Apply' sidebar checkbox — selector may be stale, verify EASY_APPLY_CHECKBOX_SEL against the live page.
[2026-06-24 21:49:49] Found 20 job card(s) for 'Backend Developer'.
[2026-06-24 21:49:49] --- Processing job 1/20 (term: 'Backend Developer') ---
[2026-06-24 21:49:49] Opening job: Backend Developer @ Indium Corporation
[2026-06-24 21:50:08] [WARN] Apply button not found/clickable (selector may be stale, or job uses external apply).
[2026-06-24 21:50:08] [ERROR] Failed processing job card 1: 'NoneType' object is not subscriptable
[2026-06-24 21:50:08] --- Processing job 2/20 (term: 'Backend Developer') ---
[2026-06-24 21:50:08] Opening job: Backend Developer @ Junky Tech India
[2026-06-24 21:50:26] [WARN] Apply button not found/clickable (selector may be stale, or job uses external apply).
[2026-06-24 21:50:26] [ERROR] Failed processing job card 2: 'NoneType' object is not subscriptable
[2026-06-24 21:50:26] --- Processing job 3/20 (term: 'Backend Developer') ---
[2026-06-24 21:50:26] Opening job: Backend Developer @ Invoked Digital
[2026-06-24 21:50:44] [WARN] Apply button not found/clickable (selector may be stale, or job uses external apply).
[2026-06-24 21:50:44] [ERROR] Failed processing job card 3: 'NoneType' object is not subscriptable
[2026-06-24 21:50:44] --- Processing job 4/20 (term: 'Backend Developer') ---
[2026-06-24 21:50:44] Opening job: AI Backend Developer @ Nitsan Technologies
[2026-06-24 21:51:02] [WARN] Apply button not found/clickable (selector may be stale, or job uses external apply).
[2026-06-24 21:51:02] [ERROR] Failed processing job card 4: 'NoneType' object is not subscriptable
[2026-06-24 21:51:02] --- Processing job 5/20 (term: 'Backend Developer') ---
[2026-06-24 21:51:03] Opening job: Backend Developer @ Mobile Programming
[2026-06-24 21:51:20] [WARN] Apply button not found/clickable (selector may be stale, or job uses external apply).
[2026-06-24 21:51:20] [ERROR] Failed processing job card 5: 'NoneType' object is not subscriptable
[2026-06-24 21:51:20] --- Processing job 6/20 (term: 'Backend Developer') ---
[2026-06-24 21:51:20] Opening job: Backend Developer @ Spherecode
[2026-06-24 21:51:39] [WARN] Apply button not found/clickable (selector may be stale, or job uses external apply).
[2026-06-24 21:51:39] [ERROR] Failed processing job card 6: 'NoneType' object is not subscriptable
[2026-06-24 21:51:39] --- Processing job 7/20 (term: 'Backend Developer') ---
[2026-06-24 21:51:39] Opening job: Backend Developer @ Tab32
[2026-06-24 21:51:57] [WARN] Apply button not found/clickable (selector may be stale, or job uses external apply).
[2026-06-24 21:51:57] [ERROR] Failed processing job card 7: 'NoneType' object is not subscriptable
[2026-06-24 21:51:57] --- Processing job 8/20 (term: 'Backend Developer') ---
[2026-06-24 21:51:57] Opening job: backend Developer @ Sparix Global
[2026-06-24 21:52:14] [WARN] Apply button not found/clickable (selector may be stale, or job uses external apply).
[2026-06-24 21:52:14] [ERROR] Failed processing job card 8: 'NoneType' object is not subscriptable
[2026-06-24 21:52:14] --- Processing job 9/20 (term: 'Backend Developer') ---
[2026-06-24 21:52:15] Opening job: Backend developer @ Androcid
[2026-06-24 21:52:32] [WARN] Apply button not found/clickable (selector may be stale, or job uses external apply).
[2026-06-24 21:52:32] [ERROR] Failed processing job card 9: 'NoneType' object is not subscriptable
[2026-06-24 21:52:32] --- Processing job 10/20 (term: 'Backend Developer') ---
[2026-06-24 21:52:33] Opening job: Backend Dotnet Developer @ Sparix Global
[2026-06-24 21:52:51] [WARN] Apply button not found/clickable (selector may be stale, or job uses external apply).
[2026-06-24 21:52:51] [ERROR] Failed processing job card 10: 'NoneType' object is not subscriptable
[2026-06-24 21:52:51] --- Processing job 11/20 (term: 'Backend Developer') ---
[2026-06-24 21:52:51] Opening job: Backend Developer (MERN | PostgreSQL) @ Stacklab
[2026-06-24 21:53:09] [WARN] Apply button not found/clickable (selector may be stale, or job uses external apply).
[2026-06-24 21:53:09] [ERROR] Failed processing job card 11: 'NoneType' object is not subscriptable
[2026-06-24 21:53:09] --- Processing job 12/20 (term: 'Backend Developer') ---
[2026-06-24 21:53:09] Opening job: Node.js Backend Developer @ Astroidea Softway Llp
[2026-06-24 21:53:27] [WARN] Apply button not found/clickable (selector may be stale, or job uses external apply).
[2026-06-24 21:53:27] [ERROR] Failed processing job card 12: 'NoneType' object is not subscriptable
[2026-06-24 21:53:27] --- Processing job 13/20 (term: 'Backend Developer') ---
[2026-06-24 21:53:28] Opening job: Senior SFMC Backend Developer @ Sparix Global
[2026-06-24 21:53:46] [WARN] Apply button not found/clickable (selector may be stale, or job uses external apply).
[2026-06-24 21:53:46] [ERROR] Failed processing job card 13: 'NoneType' object is not subscriptable
[2026-06-24 21:53:46] --- Processing job 14/20 (term: 'Backend Developer') ---
[2026-06-24 21:53:46] Opening job: Python Backend Developer @ BSH Technologies
[2026-06-24 21:54:04] [WARN] Apply button not found/clickable (selector may be stale, or job uses external apply).
[2026-06-24 21:54:04] [ERROR] Failed processing job card 14: 'NoneType' object is not subscriptable
[2026-06-24 21:54:04] --- Processing job 15/20 (term: 'Backend Developer') ---
[2026-06-24 21:54:04] Opening job: Backend Developer @ Pocket Fm
[2026-06-24 21:54:23] [WARN] Apply button not found/clickable (selector may be stale, or job uses external apply).
[2026-06-24 21:54:23] [ERROR] Failed processing job card 15: 'NoneType' object is not subscriptable
[2026-06-24 21:54:23] --- Processing job 16/20 (term: 'Backend Developer') ---
[2026-06-24 21:54:23] Opening job: Java Backend Developer (with Web3) @ Marsdevs
[2026-06-24 21:54:41] [WARN] Apply button not found/clickable (selector may be stale, or job uses external apply).
[2026-06-24 21:54:41] [ERROR] Failed processing job card 16: 'NoneType' object is not subscriptable
[2026-06-24 21:54:41] --- Processing job 17/20 (term: 'Backend Developer') ---
[2026-06-24 21:54:41] Opening job: Sr Node.js (Backend) Developer @ Mobile Programming
[2026-06-24 21:54:48] Entering handle_chatbot_question. Non-interactive mode: False
[2026-06-24 21:54:57] No chatbot questionnaire detected (or didn't load within 8s).
[2026-06-24 21:55:00] [ERROR] Failed processing job card 17: 'NoneType' object is not subscriptable
[2026-06-24 21:55:00] --- Processing job 18/20 (term: 'Backend Developer') ---
[2026-06-24 21:55:00] Opening job: Senior Backend Developer @ Relic Consultancy Services
[2026-06-24 21:55:18] [WARN] Apply button not found/clickable (selector may be stale, or job uses external apply).
[2026-06-24 21:55:18] [ERROR] Failed processing job card 18: 'NoneType' object is not subscriptable
[2026-06-24 21:55:18] --- Processing job 19/20 (term: 'Backend Developer') ---
[2026-06-24 21:55:18] Opening job: Backend Developer, Pan India @ iCresset Talent Solutions
[2026-06-24 21:55:36] [WARN] Apply button not found/clickable (selector may be stale, or job uses external apply).
[2026-06-24 21:55:36] [ERROR] Failed processing job card 19: 'NoneType' object is not subscriptable
[2026-06-24 21:55:36] --- Processing job 20/20 (term: 'Backend Developer') ---
[2026-06-24 21:55:36] Opening job: Senior Backend Developer @ Tabby
[2026-06-24 21:55:54] [WARN] Apply button not found/clickable (selector may be stale, or job uses external apply).
[2026-06-24 21:55:54] [ERROR] Failed processing job card 20: 'NoneType' object is not subscriptable
[2026-06-24 21:55:54] ═══ Searching: 'Java Backend Developer' ═══
[2026-06-24 21:55:54] Navigating to job search results for 'Java Backend Developer': https://www.naukri.com/java-backend-developer-jobs?k=Java+Backend+Developer&experience=4&wfhType=2
[2026-06-24 21:55:56] Job listings loaded.
[2026-06-24 21:56:04] [WARN] Could not find the 'Easy Apply' sidebar checkbox — selector may be stale, verify EASY_APPLY_CHECKBOX_SEL against the live page.
[2026-06-24 21:56:04] Found 20 job card(s) for 'Java Backend Developer'.
[2026-06-24 21:56:04] --- Processing job 1/20 (term: 'Java Backend Developer') ---
[2026-06-24 21:56:04] Opening job: Java Backend Developer @ Binarytouch Technologies
[2026-06-24 21:56:23] [WARN] Apply button not found/clickable (selector may be stale, or job uses external apply).
[2026-06-24 21:56:23] [ERROR] Failed processing job card 1: 'NoneType' object is not subscriptable
[2026-06-24 21:56:23] --- Processing job 2/20 (term: 'Java Backend Developer') ---
[2026-06-24 21:56:23] Opening job: Java Backend Developer (with Web3) @ Marsdevs
[2026-06-24 21:56:41] [WARN] Apply button not found/clickable (selector may be stale, or job uses external apply).
[2026-06-24 21:56:41] [ERROR] Failed processing job card 2: 'NoneType' object is not subscriptable
[2026-06-24 21:56:41] --- Processing job 3/20 (term: 'Java Backend Developer') ---
[2026-06-24 21:56:41] Opening job: Backend Developer (MERN | PostgreSQL) @ Stacklab
[2026-06-24 21:56:59] [WARN] Apply button not found/clickable (selector may be stale, or job uses external apply).
[2026-06-24 21:57:00] [ERROR] Failed processing job card 3: 'NoneType' object is not subscriptable
[2026-06-24 21:57:00] --- Processing job 4/20 (term: 'Java Backend Developer') ---
[2026-06-24 21:57:00] Opening job: Backend Developer @ Indium Corporation
[2026-06-24 21:57:18] [WARN] Apply button not found/clickable (selector may be stale, or job uses external apply).
[2026-06-24 21:57:18] [ERROR] Failed processing job card 4: 'NoneType' object is not subscriptable
[2026-06-24 21:57:18] --- Processing job 5/20 (term: 'Java Backend Developer') ---
[2026-06-24 21:57:18] Opening job: Web Developer @ Techbinge India
[2026-06-24 21:57:35] [WARN] Apply button not found/clickable (selector may be stale, or job uses external apply).
[2026-06-24 21:57:35] [ERROR] Failed processing job card 5: 'NoneType' object is not subscriptable
[2026-06-24 21:57:35] --- Processing job 6/20 (term: 'Java Backend Developer') ---
[2026-06-24 21:57:36] Opening job: Associate Staff Engineer, Python @ Nagarro
[2026-06-24 21:57:54] [WARN] Apply button not found/clickable (selector may be stale, or job uses external apply).
[2026-06-24 21:57:54] [ERROR] Failed processing job card 6: 'NoneType' object is not subscriptable
[2026-06-24 21:57:54] --- Processing job 7/20 (term: 'Java Backend Developer') ---
[2026-06-24 21:57:54] Opening job: Associate Staff Engineer, Mobile Hybrid @ Nagarro
[2026-06-24 21:58:12] [WARN] Apply button not found/clickable (selector may be stale, or job uses external apply).
[2026-06-24 21:58:12] [ERROR] Failed processing job card 7: 'NoneType' object is not subscriptable
[2026-06-24 21:58:12] --- Processing job 8/20 (term: 'Java Backend Developer') ---
[2026-06-24 21:58:12] Opening job: Backend Developer @ Junky Tech India
[2026-06-24 21:58:30] [WARN] Apply button not found/clickable (selector may be stale, or job uses external apply).
[2026-06-24 21:58:30] [ERROR] Failed processing job card 8: 'NoneType' object is not subscriptable
[2026-06-24 21:58:30] --- Processing job 9/20 (term: 'Java Backend Developer') ---
[2026-06-24 21:58:30] Opening job: Backend Developer @ Invoked Digital
[2026-06-24 21:58:49] [WARN] Apply button not found/clickable (selector may be stale, or job uses external apply).
[2026-06-24 21:58:49] [ERROR] Failed processing job card 9: 'NoneType' object is not subscriptable
[2026-06-24 21:58:49] --- Processing job 10/20 (term: 'Java Backend Developer') ---
[2026-06-24 21:58:49] Opening job: AI Backend Developer @ Nitsan Technologies
[2026-06-24 21:59:06] [WARN] Apply button not found/clickable (selector may be stale, or job uses external apply).
[2026-06-24 21:59:06] [ERROR] Failed processing job card 10: 'NoneType' object is not subscriptable
[2026-06-24 21:59:06] --- Processing job 11/20 (term: 'Java Backend Developer') ---
[2026-06-24 21:59:06] Opening job: Python Developer @ Nitsan Technologies
[2026-06-24 21:59:25] [WARN] Apply button not found/clickable (selector may be stale, or job uses external apply).
[2026-06-24 21:59:25] [ERROR] Failed processing job card 11: 'NoneType' object is not subscriptable
[2026-06-24 21:59:25] --- Processing job 12/20 (term: 'Java Backend Developer') ---
[2026-06-24 21:59:25] Opening job: Software Engineer @ Numerator
[2026-06-24 21:59:42] [WARN] Apply button not found/clickable (selector may be stale, or job uses external apply).
[2026-06-24 21:59:42] [ERROR] Failed processing job card 12: 'NoneType' object is not subscriptable
[2026-06-24 21:59:42] --- Processing job 13/20 (term: 'Java Backend Developer') ---
[2026-06-24 21:59:42] Opening job: PLSQL Developer @ Trantor
[2026-06-24 21:59:49] Entering handle_chatbot_question. Non-interactive mode: False
[2026-06-24 21:59:49] Chatbot question: How many years of experience do you have in MetricStream GRC platform (ideally M7/latest versions)?
[2026-06-24 22:00:02] [DEBUG] Trying input: tag=div, type=text
[2026-06-24 22:00:02] Successfully submitted chatbot answer using input (tag=div, type=text)
[2026-06-24 22:00:04] Chatbot question: Thank you for your responses.
[2026-06-24 22:00:11] [Q-MATCH] Exact match found for: 'Thank you for your responses.'
[2026-06-24 22:00:11] Found exact match in questions.json: 'Thank you for your responses.' -> 'Yes'
[2026-06-24 22:00:11] [WARN] Could not find any visible input box or matching option for this question.
[2026-06-24 22:00:11] [DEBUG] Total input elements found by selector: 3
[2026-06-24 22:00:11] [DEBUG]   [0] tag=input, type=text, visible=False
[2026-06-24 22:00:11] [DEBUG]   [1] tag=input, type=text, visible=False
[2026-06-24 22:00:11] [DEBUG]   [2] tag=input, type=text, visible=False
[2026-06-24 22:00:13] [ERROR] Failed processing job card 13: 'NoneType' object is not subscriptable
[2026-06-24 22:00:13] --- Processing job 14/20 (term: 'Java Backend Developer') ---
[2026-06-24 22:00:13] Opening job: Intermediate Mobile Developer @ Ahom Technologies
[2026-06-24 22:00:30] [WARN] Apply button not found/clickable (selector may be stale, or job uses external apply).
[2026-06-24 22:00:31] [ERROR] Failed processing job card 14: 'NoneType' object is not subscriptable
[2026-06-24 22:00:31] --- Processing job 15/20 (term: 'Java Backend Developer') ---
[2026-06-24 22:00:31] Opening job: Python Backend Developer @ BSH Technologies
[2026-06-24 22:00:48] [WARN] Apply button not found/clickable (selector may be stale, or job uses external apply).
[2026-06-24 22:00:48] [ERROR] Failed processing job card 15: 'NoneType' object is not subscriptable
[2026-06-24 22:00:48] --- Processing job 16/20 (term: 'Java Backend Developer') ---
[2026-06-24 22:00:48] Opening job: Java Developer(associate and senior Associate ) @ Insignia Consultancy Solutions
[2026-06-24 22:01:06] [WARN] Apply button not found/clickable (selector may be stale, or job uses external apply).
[2026-06-24 22:01:06] [ERROR] Failed processing job card 16: 'NoneType' object is not subscriptable
[2026-06-24 22:01:06] --- Processing job 17/20 (term: 'Java Backend Developer') ---
[2026-06-24 22:01:06] Opening job: Developer @ Ayatacommerce
[2026-06-24 22:01:24] [WARN] Apply button not found/clickable (selector may be stale, or job uses external apply).
[2026-06-24 22:01:24] [ERROR] Failed processing job card 17: 'NoneType' object is not subscriptable
[2026-06-24 22:01:24] --- Processing job 18/20 (term: 'Java Backend Developer') ---
[2026-06-24 22:01:24] Opening job: FullStack Engineer @ Rocketdevs
[2026-06-24 22:01:42] [WARN] Apply button not found/clickable (selector may be stale, or job uses external apply).
[2026-06-24 22:01:42] [ERROR] Failed processing job card 18: 'NoneType' object is not subscriptable
[2026-06-24 22:01:42] --- Processing job 19/20 (term: 'Java Backend Developer') ---
[2026-06-24 22:01:42] Opening job: Palantir Foundry Developer @ Lateetud
[2026-06-24 22:01:59] [WARN] Apply button not found/clickable (selector may be stale, or job uses external apply).
[2026-06-24 22:01:59] [ERROR] Failed processing job card 19: 'NoneType' object is not subscriptable
[2026-06-24 22:01:59] --- Processing job 20/20 (term: 'Java Backend Developer') ---
[2026-06-24 22:01:59] Opening job: Backend Developer @ Mobile Programming
[2026-06-24 22:02:06] Entering handle_chatbot_question. Non-interactive mode: False
[2026-06-24 22:02:15] No chatbot questionnaire detected (or didn't load within 8s).
[2026-06-24 22:02:17] [ERROR] Failed processing job card 20: 'NoneType' object is not subscriptable
[2026-06-24 22:02:17] ═══ Searching: 'Software Engineer' ═══
[2026-06-24 22:02:17] Navigating to job search results for 'Software Engineer': https://www.naukri.com/software-engineer-jobs?k=Software+Engineer&experience=4&wfhType=2
[2026-06-24 22:02:20] Job listings loaded.
[2026-06-24 22:02:28] [WARN] Could not find the 'Easy Apply' sidebar checkbox — selector may be stale, verify EASY_APPLY_CHECKBOX_SEL against the live page.
[2026-06-24 22:02:28] Found 20 job card(s) for 'Software Engineer'.
[2026-06-24 22:02:28] --- Processing job 1/20 (term: 'Software Engineer') ---
[2026-06-24 22:02:28] Opening job: Software Engineer - Expression of Interest @ Remotify
[2026-06-24 22:02:46] [WARN] Apply button not found/clickable (selector may be stale, or job uses external apply).
[2026-06-24 22:02:46] [ERROR] Failed processing job card 1: 'NoneType' object is not subscriptable
[2026-06-24 22:02:46] --- Processing job 2/20 (term: 'Software Engineer') ---
[2026-06-24 22:02:46] Opening job: Software Engineer @ What The Food
[2026-06-24 22:03:04] [WARN] Apply button not found/clickable (selector may be stale, or job uses external apply).
[2026-06-24 22:03:04] [ERROR] Failed processing job card 2: 'NoneType' object is not subscriptable
[2026-06-24 22:03:04] --- Processing job 3/20 (term: 'Software Engineer') ---
[2026-06-24 22:03:04] Opening job: Software Engineer @ Frappe
[2026-06-24 22:03:22] [WARN] Apply button not found/clickable (selector may be stale, or job uses external apply).
[2026-06-24 22:03:22] [ERROR] Failed processing job card 3: 'NoneType' object is not subscriptable
[2026-06-24 22:03:22] --- Processing job 4/20 (term: 'Software Engineer') ---
[2026-06-24 22:03:22] Opening job: Software Engineer @ Numerator
[2026-06-24 22:03:41] [WARN] Apply button not found/clickable (selector may be stale, or job uses external apply).
[2026-06-24 22:03:41] [ERROR] Failed processing job card 4: 'NoneType' object is not subscriptable
[2026-06-24 22:03:41] --- Processing job 5/20 (term: 'Software Engineer') ---
[2026-06-24 22:03:41] Opening job: Software Engineer @ Versante Software Technologies
[2026-06-24 22:03:59] [WARN] Apply button not found/clickable (selector may be stale, or job uses external apply).
[2026-06-24 22:03:59] [ERROR] Failed processing job card 5: 'NoneType' object is not subscriptable
[2026-06-24 22:03:59] --- Processing job 6/20 (term: 'Software Engineer') ---
[2026-06-24 22:03:59] Opening job: Software Engineer @ Sadhana It Solutions
[2026-06-24 22:04:17] [WARN] Apply button not found/clickable (selector may be stale, or job uses external apply).
[2026-06-24 22:04:17] [ERROR] Failed processing job card 6: 'NoneType' object is not subscriptable
[2026-06-24 22:04:17] --- Processing job 7/20 (term: 'Software Engineer') ---
[2026-06-24 22:04:17] Opening job: Software Engineer @ Numerator
[2026-06-24 22:04:34] [WARN] Apply button not found/clickable (selector may be stale, or job uses external apply).
[2026-06-24 22:04:34] [ERROR] Failed processing job card 7: 'NoneType' object is not subscriptable
[2026-06-24 22:04:34] --- Processing job 8/20 (term: 'Software Engineer') ---
[2026-06-24 22:04:35] Opening job: Software Engineer @ Manta Health
[2026-06-24 22:04:52] [WARN] Apply button not found/clickable (selector may be stale, or job uses external apply).
[2026-06-24 22:04:52] [ERROR] Failed processing job card 8: 'NoneType' object is not subscriptable
[2026-06-24 22:04:52] --- Processing job 9/20 (term: 'Software Engineer') ---
[2026-06-24 22:04:52] Opening job: Software Engineer (.Net, Angular) @ Numerator
[2026-06-24 22:05:10] [WARN] Apply button not found/clickable (selector may be stale, or job uses external apply).
[2026-06-24 22:05:10] [ERROR] Failed processing job card 9: 'NoneType' object is not subscriptable
[2026-06-24 22:05:10] --- Processing job 10/20 (term: 'Software Engineer') ---
[2026-06-24 22:05:10] Opening job: Software Engineer @ Edifecs Technologies
[2026-06-24 22:05:28] [WARN] Apply button not found/clickable (selector may be stale, or job uses external apply).
[2026-06-24 22:05:28] [ERROR] Failed processing job card 10: 'NoneType' object is not subscriptable
[2026-06-24 22:05:28] --- Processing job 11/20 (term: 'Software Engineer') ---
[2026-06-24 22:05:28] Opening job: Software Engineer @ Deltek
[2026-06-24 22:05:46] [WARN] Apply button not found/clickable (selector may be stale, or job uses external apply).
[2026-06-24 22:05:46] [ERROR] Failed processing job card 11: 'NoneType' object is not subscriptable
[2026-06-24 22:05:46] --- Processing job 12/20 (term: 'Software Engineer') ---
[2026-06-24 22:05:46] Opening job: Software Engineer @ Replicon
[2026-06-24 22:06:04] [WARN] Apply button not found/clickable (selector may be stale, or job uses external apply).
[2026-06-24 22:06:04] [ERROR] Failed processing job card 12: 'NoneType' object is not subscriptable
[2026-06-24 22:06:04] --- Processing job 13/20 (term: 'Software Engineer') ---
[2026-06-24 22:06:04] Opening job: AI Software Engineer @ Open Fabric
[2026-06-24 22:06:21] [WARN] Apply button not found/clickable (selector may be stale, or job uses external apply).
[2026-06-24 22:06:22] [ERROR] Failed processing job card 13: 'NoneType' object is not subscriptable
[2026-06-24 22:06:22] --- Processing job 14/20 (term: 'Software Engineer') ---
[2026-06-24 22:06:22] Opening job: Software Engineer @ Elbrit
[2026-06-24 22:06:39] [WARN] Apply button not found/clickable (selector may be stale, or job uses external apply).
[2026-06-24 22:06:39] [ERROR] Failed processing job card 14: 'NoneType' object is not subscriptable
[2026-06-24 22:06:39] --- Processing job 15/20 (term: 'Software Engineer') ---
[2026-06-24 22:06:39] Opening job: Software Engineer - Javascript/Typescript @ Fingerprintjs
[2026-06-24 22:06:57] [WARN] Apply button not found/clickable (selector may be stale, or job uses external apply).
[2026-06-24 22:06:57] [ERROR] Failed processing job card 15: 'NoneType' object is not subscriptable
[2026-06-24 22:06:57] --- Processing job 16/20 (term: 'Software Engineer') ---
[2026-06-24 22:06:57] Opening job: Software Engineer @ Msmp Technologies
[2026-06-24 22:07:15] [WARN] Apply button not found/clickable (selector may be stale, or job uses external apply).
[2026-06-24 22:07:15] [ERROR] Failed processing job card 16: 'NoneType' object is not subscriptable
[2026-06-24 22:07:15] --- Processing job 17/20 (term: 'Software Engineer') ---
[2026-06-24 22:07:15] Opening job: Software Engineer @ Evertz Microsystems, Ltd
[2026-06-24 22:07:33] [WARN] Apply button not found/clickable (selector may be stale, or job uses external apply).
[2026-06-24 22:07:33] [ERROR] Failed processing job card 17: 'NoneType' object is not subscriptable
[2026-06-24 22:07:33] --- Processing job 18/20 (term: 'Software Engineer') ---
[2026-06-24 22:07:33] Opening job: Sr. Software Engineer @ Fundamento (formerly Skillr)
[2026-06-24 22:07:50] [WARN] Apply button not found/clickable (selector may be stale, or job uses external apply).
[2026-06-24 22:07:50] [ERROR] Failed processing job card 18: 'NoneType' object is not subscriptable
[2026-06-24 22:07:50] --- Processing job 19/20 (term: 'Software Engineer') ---
[2026-06-24 22:07:50] Opening job: Software Engineer @ Crossing Hurdles
[2026-06-24 22:07:57] Entering handle_chatbot_question. Non-interactive mode: False
[2026-06-24 22:07:57] Chatbot question: Do you hold a PhD (completed/pursuing) in CS or a related field, or a Master's with 3+ years of experience and research background?
[2026-06-24 22:08:13] Clicked option (exact match): 'NO'
[2026-06-24 22:08:13] Clicked submit button after option selection.
[2026-06-24 22:08:15] Chatbot question: How many years of experience designing or solving advanced CS problems in algorithms, systems, cybersecurity, databases, or networks?
[2026-06-24 22:08:33] User cancelled manual prompt — stopping chatbot flow for this job.
[2026-06-24 22:08:35] [ERROR] Failed processing job card 19: 'NoneType' object is not subscriptable
[2026-06-24 22:08:35] --- Processing job 20/20 (term: 'Software Engineer') ---
[2026-06-24 22:08:35] Opening job: Software Engineer – Native AI Applications (Full Stack) @ Benwiz Infoservices
[2026-06-26 06:42:03] ════════════════════════════════════════
[2026-06-26 06:42:03]   Naukri Auto-Apply Bot — starting run
[2026-06-26 06:42:03]   AI mode (Gemini): disabled (manual prompts)
[2026-06-26 06:42:03]   Non-Interactive: disabled (manual prompts)
[2026-06-26 06:42:03] ════════════════════════════════════════
[2026-06-26 06:42:04] Monkey-patched uc.Chrome.quit to suppress WinError 6 on exit.
[2026-06-26 06:42:04] Starting Chrome setup...
[2026-06-26 06:42:04] Found cached ChromeDriver: C:\Users\Pawan\AppData\Roaming\undetected_chromedriver\undetected_chromedriver.exe
[2026-06-26 06:42:04] Attempting undetected-chromedriver with use_subprocess=False...
[2026-06-26 06:42:05] Chrome driver (stealth, use_subprocess=False) successfully initialized!
[2026-06-26 06:42:05] Navigating to Naukri login page...
[2026-06-26 06:42:09] Submitted login form. Waiting for homepage to load...
[2026-06-26 06:42:13] Login appears successful.
[2026-06-26 06:42:13] Will search 12 term(s): ['Java Full Stack Developer', 'Senior Java Full Stack Developer', 'Java Developer', 'Senior Java Developer', 'Spring Boot Developer', 'Java Microservices Developer', 'Backend Developer', 'Java Backend Developer', 'Software Engineer', 'Senior Software Engineer', 'Full Stack Developer', 'Java Angular Developer']
[2026-06-26 06:42:13] ═══ Searching: 'Java Full Stack Developer' ═══
[2026-06-26 06:42:13] Navigating to job search results for 'Java Full Stack Developer': https://www.naukri.com/java-full-stack-developer-jobs?k=Java+Full+Stack+Developer&experience=4&wfhType=2
[2026-06-26 06:42:15] Job listings loaded.
[2026-06-26 06:42:23] [WARN] Could not find the 'Easy Apply' sidebar checkbox — selector may be stale, verify EASY_APPLY_CHECKBOX_SEL against the live page.
[2026-06-26 06:42:23] Found 20 job card(s) for 'Java Full Stack Developer'.
[2026-06-26 06:42:23] --- Processing job 1/20 (term: 'Java Full Stack Developer') ---
[2026-06-26 06:42:24] Opening job: Java Full Stack Developer @ Vrinda International Noida
[2026-06-26 06:42:45] [WARN] Apply button not found/clickable (selector may be stale, or job uses external apply).
[2026-06-26 06:42:45] [ERROR] Failed processing job card 1: 'NoneType' object is not subscriptable
[2026-06-26 06:42:45] --- Processing job 2/20 (term: 'Java Full Stack Developer') ---
[2026-06-26 06:42:45] Opening job: Full Stack Developer (Java & Angular) @ Utimaco
[2026-06-26 06:43:03] [WARN] Apply button not found/clickable (selector may be stale, or job uses external apply).
[2026-06-26 06:43:03] [ERROR] Failed processing job card 2: 'NoneType' object is not subscriptable
[2026-06-26 06:43:03] --- Processing job 3/20 (term: 'Java Full Stack Developer') ---
[2026-06-26 06:43:03] Opening job: Middle Full-Stack Engineer | Solvy @ Boosta
[2026-06-26 06:43:21] [WARN] Apply button not found/clickable (selector may be stale, or job uses external apply).
[2026-06-26 06:43:21] [ERROR] Failed processing job card 3: 'NoneType' object is not subscriptable
[2026-06-26 06:43:21] --- Processing job 4/20 (term: 'Java Full Stack Developer') ---
[2026-06-26 06:43:21] Opening job: Full-Stack Software Engineer @ Divyan Technologies Lucknow
[2026-06-26 06:43:39] [WARN] Apply button not found/clickable (selector may be stale, or job uses external apply).
[2026-06-26 06:43:39] [ERROR] Failed processing job card 4: 'NoneType' object is not subscriptable
[2026-06-26 06:43:39] --- Processing job 5/20 (term: 'Java Full Stack Developer') ---
[2026-06-26 06:43:39] Opening job: Shopify Developer @ Edata4you
[2026-06-26 06:43:57] [WARN] Apply button not found/clickable (selector may be stale, or job uses external apply).
[2026-06-26 06:43:57] [ERROR] Failed processing job card 5: 'NoneType' object is not subscriptable
[2026-06-26 06:43:57] --- Processing job 6/20 (term: 'Java Full Stack Developer') ---
[2026-06-26 06:43:57] Opening job: Web Developer @ Techbinge India
[2026-06-26 06:44:15] [WARN] Apply button not found/clickable (selector may be stale, or job uses external apply).
[2026-06-26 06:44:15] [ERROR] Failed processing job card 6: 'NoneType' object is not subscriptable
[2026-06-26 06:44:15] --- Processing job 7/20 (term: 'Java Full Stack Developer') ---
[2026-06-26 06:44:15] Opening job: AI Backend Developer @ Nitsan Technologies
[2026-06-26 06:44:33] [WARN] Apply button not found/clickable (selector may be stale, or job uses external apply).
[2026-06-26 06:44:33] [ERROR] Failed processing job card 7: 'NoneType' object is not subscriptable
[2026-06-26 06:44:33] --- Processing job 8/20 (term: 'Java Full Stack Developer') ---
[2026-06-26 06:44:33] Opening job: Senior Platform Engineer @ Ideagen
[2026-06-26 06:44:51] [WARN] Apply button not found/clickable (selector may be stale, or job uses external apply).
[2026-06-26 06:44:51] [ERROR] Failed processing job card 8: 'NoneType' object is not subscriptable
[2026-06-26 06:44:51] --- Processing job 9/20 (term: 'Java Full Stack Developer') ---
[2026-06-26 06:44:51] Opening job: Full Stack Developer @ Fusiontecz
[2026-06-26 06:45:09] [WARN] Apply button not found/clickable (selector may be stale, or job uses external apply).
[2026-06-26 06:45:09] [ERROR] Failed processing job card 9: 'NoneType' object is not subscriptable
[2026-06-26 06:45:09] --- Processing job 10/20 (term: 'Java Full Stack Developer') ---
[2026-06-26 06:45:09] Opening job: Senior Software Engineer @ Zuddl
[2026-06-26 06:45:27] [WARN] Apply button not found/clickable (selector may be stale, or job uses external apply).
[2026-06-26 06:45:27] [ERROR] Failed processing job card 10: 'NoneType' object is not subscriptable
[2026-06-26 06:45:27] --- Processing job 11/20 (term: 'Java Full Stack Developer') ---
[2026-06-26 06:45:27] Opening job: Full Stack Developer @ Abhastra Technology
[2026-06-26 06:45:45] [WARN] Apply button not found/clickable (selector may be stale, or job uses external apply).
[2026-06-26 06:45:45] [ERROR] Failed processing job card 11: 'NoneType' object is not subscriptable
[2026-06-26 06:45:45] --- Processing job 12/20 (term: 'Java Full Stack Developer') ---
[2026-06-26 06:45:45] Opening job: Java Developer @ Ovitech Solutions
[2026-06-26 06:46:03] [WARN] Apply button not found/clickable (selector may be stale, or job uses external apply).
[2026-06-26 06:46:03] [ERROR] Failed processing job card 12: 'NoneType' object is not subscriptable
[2026-06-26 06:46:03] --- Processing job 13/20 (term: 'Java Full Stack Developer') ---
[2026-06-26 06:46:03] Opening job: Java Developer @ Crayontek
[2026-06-26 06:46:21] [WARN] Apply button not found/clickable (selector may be stale, or job uses external apply).
[2026-06-26 06:46:21] [ERROR] Failed processing job card 13: 'NoneType' object is not subscriptable
[2026-06-26 06:46:21] --- Processing job 14/20 (term: 'Java Full Stack Developer') ---
[2026-06-26 06:46:21] Opening job: Java Developer(associate and senior Associate ) @ Insignia Consultancy Solutions
[2026-06-26 06:46:39] [WARN] Apply button not found/clickable (selector may be stale, or job uses external apply).
[2026-06-26 06:46:39] [ERROR] Failed processing job card 14: 'NoneType' object is not subscriptable
[2026-06-26 06:46:39] --- Processing job 15/20 (term: 'Java Full Stack Developer') ---
[2026-06-26 06:46:39] Opening job: Developer @ Ayatacommerce
[2026-06-26 06:46:57] [WARN] Apply button not found/clickable (selector may be stale, or job uses external apply).
[2026-06-26 06:46:57] [ERROR] Failed processing job card 15: 'NoneType' object is not subscriptable
[2026-06-26 06:46:57] --- Processing job 16/20 (term: 'Java Full Stack Developer') ---
[2026-06-26 06:46:57] Opening job: App Developer @ Techbinge India
[2026-06-26 06:47:15] [WARN] Apply button not found/clickable (selector may be stale, or job uses external apply).
[2026-06-26 06:47:15] [ERROR] Failed processing job card 16: 'NoneType' object is not subscriptable
[2026-06-26 06:47:15] --- Processing job 17/20 (term: 'Java Full Stack Developer') ---
[2026-06-26 06:47:15] Opening job: Senior AEM Developer @ Bhasaka Technologies
[2026-06-26 06:47:33] [WARN] Apply button not found/clickable (selector may be stale, or job uses external apply).
[2026-06-26 06:47:33] [ERROR] Failed processing job card 17: 'NoneType' object is not subscriptable
[2026-06-26 06:47:33] --- Processing job 18/20 (term: 'Java Full Stack Developer') ---
[2026-06-26 06:47:33] Opening job: Senior E Commerce Developer @ Kontoor Brands, Inc.
[2026-06-26 06:47:51] [WARN] Apply button not found/clickable (selector may be stale, or job uses external apply).
[2026-06-26 06:47:51] [ERROR] Failed processing job card 18: 'NoneType' object is not subscriptable
[2026-06-26 06:47:51] --- Processing job 19/20 (term: 'Java Full Stack Developer') ---
[2026-06-26 06:47:51] Opening job: Software Engineer, Full Stack @ Mostudio
[2026-06-26 06:48:09] [WARN] Apply button not found/clickable (selector may be stale, or job uses external apply).
[2026-06-26 06:48:09] [ERROR] Failed processing job card 19: 'NoneType' object is not subscriptable
[2026-06-26 06:48:09] --- Processing job 20/20 (term: 'Java Full Stack Developer') ---
[2026-06-26 06:48:09] Opening job: Senior Software Engineer, Full Stack @ Mostudio
[2026-06-26 06:48:32] [WARN] Apply button not found/clickable (selector may be stale, or job uses external apply).
[2026-06-26 06:48:32] [ERROR] Failed processing job card 20: 'NoneType' object is not subscriptable
[2026-06-26 06:48:32] ═══ Searching: 'Senior Java Full Stack Developer' ═══
[2026-06-26 06:48:32] Navigating to job search results for 'Senior Java Full Stack Developer': https://www.naukri.com/senior-java-full-stack-developer-jobs?k=Senior+Java+Full+Stack+Developer&experience=4&wfhType=2
[2026-06-26 06:48:34] Job listings loaded.
[2026-06-26 06:48:42] [WARN] Could not find the 'Easy Apply' sidebar checkbox — selector may be stale, verify EASY_APPLY_CHECKBOX_SEL against the live page.
[2026-06-26 06:48:42] Found 20 job card(s) for 'Senior Java Full Stack Developer'.
[2026-06-26 06:48:42] --- Processing job 1/20 (term: 'Senior Java Full Stack Developer') ---
[2026-06-26 06:48:43] Opening job: Senior Platform Engineer @ Ideagen
[2026-06-26 06:49:02] [WARN] Apply button not found/clickable (selector may be stale, or job uses external apply).
[2026-06-26 06:49:02] [ERROR] Failed processing job card 1: 'NoneType' object is not subscriptable
[2026-06-26 06:49:02] --- Processing job 2/20 (term: 'Senior Java Full Stack Developer') ---
[2026-06-26 06:49:02] Opening job: Senior Software Engineer @ Zuddl
[2026-06-26 06:49:20] [WARN] Apply button not found/clickable (selector may be stale, or job uses external apply).
[2026-06-26 06:49:20] [ERROR] Failed processing job card 2: 'NoneType' object is not subscriptable
[2026-06-26 06:49:20] --- Processing job 3/20 (term: 'Senior Java Full Stack Developer') ---
[2026-06-26 06:49:20] Opening job: Senior Software Engineer, Full Stack @ Mostudio
[2026-06-26 06:49:38] [WARN] Apply button not found/clickable (selector may be stale, or job uses external apply).
[2026-06-26 06:49:38] [ERROR] Failed processing job card 3: 'NoneType' object is not subscriptable
[2026-06-26 06:49:38] --- Processing job 4/20 (term: 'Senior Java Full Stack Developer') ---
[2026-06-26 06:49:38] Opening job: Full Stack Developer @ E Tech Software
[2026-06-26 06:49:56] [WARN] Apply button not found/clickable (selector may be stale, or job uses external apply).
[2026-06-26 06:49:56] [ERROR] Failed processing job card 4: 'NoneType' object is not subscriptable
[2026-06-26 06:49:56] --- Processing job 5/20 (term: 'Senior Java Full Stack Developer') ---
[2026-06-26 06:49:56] Opening job: Senior Java Developer @ Harris Global Business Services
[2026-06-26 06:50:14] [WARN] Apply button not found/clickable (selector may be stale, or job uses external apply).
[2026-06-26 06:50:14] [ERROR] Failed processing job card 5: 'NoneType' object is not subscriptable
[2026-06-26 06:50:14] --- Processing job 6/20 (term: 'Senior Java Full Stack Developer') ---
[2026-06-26 06:50:15] Opening job: Senior Java Developer @ Harris Healthcare
[2026-06-26 06:50:32] [WARN] Apply button not found/clickable (selector may be stale, or job uses external apply).
[2026-06-26 06:50:32] [ERROR] Failed processing job card 6: 'NoneType' object is not subscriptable
[2026-06-26 06:50:32] --- Processing job 7/20 (term: 'Senior Java Full Stack Developer') ---
[2026-06-26 06:50:33] Opening job: BPI Developer Sr Developer @ Sparix Global
[2026-06-26 06:50:50] [WARN] Apply button not found/clickable (selector may be stale, or job uses external apply).
[2026-06-26 06:50:50] [ERROR] Failed processing job card 7: 'NoneType' object is not subscriptable
[2026-06-26 06:50:50] --- Processing job 8/20 (term: 'Senior Java Full Stack Developer') ---
[2026-06-26 06:50:51] Opening job: BPI Developer / Senior Developer @ Sparix Global
[2026-06-26 06:51:08] [WARN] Apply button not found/clickable (selector may be stale, or job uses external apply).
[2026-06-26 06:51:09] [ERROR] Failed processing job card 8: 'NoneType' object is not subscriptable
[2026-06-26 06:51:09] --- Processing job 9/20 (term: 'Senior Java Full Stack Developer') ---
[2026-06-26 06:51:09] Opening job: Full Stack Developer - Grant Management Platform - Pan india @ Social Alpha
[2026-06-26 06:51:26] [WARN] Apply button not found/clickable (selector may be stale, or job uses external apply).
[2026-06-26 06:51:27] [ERROR] Failed processing job card 9: 'NoneType' object is not subscriptable
[2026-06-26 06:51:27] --- Processing job 10/20 (term: 'Senior Java Full Stack Developer') ---
[2026-06-26 06:51:27] Opening job: SENIOR SOFTWARE ENGINEER WITH DATA BACKGROUND @ Svitla Systems
[2026-06-26 06:51:45] [WARN] Apply button not found/clickable (selector may be stale, or job uses external apply).
[2026-06-26 06:51:45] [ERROR] Failed processing job card 10: 'NoneType' object is not subscriptable
[2026-06-26 06:51:45] --- Processing job 11/20 (term: 'Senior Java Full Stack Developer') ---
[2026-06-26 06:51:45] Opening job: Senior Full Stack Java Software Engineer @ Global Business Ser 4u
[2026-06-26 06:52:03] [WARN] Apply button not found/clickable (selector may be stale, or job uses external apply).
[2026-06-26 06:52:03] [ERROR] Failed processing job card 11: 'NoneType' object is not subscriptable
[2026-06-26 06:52:03] --- Processing job 12/20 (term: 'Senior Java Full Stack Developer') ---
[2026-06-26 06:52:03] Opening job: Java Developer(associate and senior Associate ) @ Insignia Consultancy Solutions
[2026-06-26 06:52:22] [WARN] Apply button not found/clickable (selector may be stale, or job uses external apply).
[2026-06-26 06:52:22] [ERROR] Failed processing job card 12: 'NoneType' object is not subscriptable
[2026-06-26 06:52:22] --- Processing job 13/20 (term: 'Senior Java Full Stack Developer') ---
[2026-06-26 06:52:22] Opening job: Senior AEM Developer @ Bhasaka Technologies
[2026-06-26 06:52:40] [WARN] Apply button not found/clickable (selector may be stale, or job uses external apply).
[2026-06-26 06:52:40] [ERROR] Failed processing job card 13: 'NoneType' object is not subscriptable
[2026-06-26 06:52:40] --- Processing job 14/20 (term: 'Senior Java Full Stack Developer') ---
[2026-06-26 06:52:40] Opening job: Senior E Commerce Developer @ Kontoor Brands, Inc.
[2026-06-26 06:52:58] [WARN] Apply button not found/clickable (selector may be stale, or job uses external apply).
[2026-06-26 06:52:58] [ERROR] Failed processing job card 14: 'NoneType' object is not subscriptable
[2026-06-26 06:52:58] --- Processing job 15/20 (term: 'Senior Java Full Stack Developer') ---
[2026-06-26 06:52:58] Opening job: Senior Software Engineer @ Edifecs Technologies
[2026-06-26 06:53:16] [WARN] Apply button not found/clickable (selector may be stale, or job uses external apply).
[2026-06-26 06:53:16] [ERROR] Failed processing job card 15: 'NoneType' object is not subscriptable
[2026-06-26 06:53:16] --- Processing job 16/20 (term: 'Senior Java Full Stack Developer') ---
[2026-06-26 06:53:16] Opening job: Senior Java Developer @ Innovya Technologies
[2026-06-26 06:53:34] [WARN] Apply button not found/clickable (selector may be stale, or job uses external apply).
[2026-06-26 06:53:34] [ERROR] Failed processing job card 16: 'NoneType' object is not subscriptable
[2026-06-26 06:53:34] --- Processing job 17/20 (term: 'Senior Java Full Stack Developer') ---
[2026-06-26 06:53:34] Opening job: Senior Java Developer @ Virtualware Innovations
[2026-06-26 06:53:52] [WARN] Apply button not found/clickable (selector may be stale, or job uses external apply).
[2026-06-26 06:53:52] [ERROR] Failed processing job card 17: 'NoneType' object is not subscriptable
[2026-06-26 06:53:52] --- Processing job 18/20 (term: 'Senior Java Full Stack Developer') ---
[2026-06-26 06:53:52] Opening job: Sr. Full Stack Developer @ Ncube Infosolutions
[2026-06-26 06:54:10] [WARN] Apply button not found/clickable (selector may be stale, or job uses external apply).
[2026-06-26 06:54:10] [ERROR] Failed processing job card 18: 'NoneType' object is not subscriptable
[2026-06-26 06:54:10] --- Processing job 19/20 (term: 'Senior Java Full Stack Developer') ---
[2026-06-26 06:54:10] Opening job: Sr Software Engineer-Java @ PointAbout Inc.
[2026-06-26 06:54:28] [WARN] Apply button not found/clickable (selector may be stale, or job uses external apply).
[2026-06-26 06:54:28] [ERROR] Failed processing job card 19: 'NoneType' object is not subscriptable
[2026-06-26 06:54:28] --- Processing job 20/20 (term: 'Senior Java Full Stack Developer') ---
[2026-06-26 06:54:28] Opening job: Senior UI Engineer @ Quickbase
[2026-06-26 06:54:46] [WARN] Apply button not found/clickable (selector may be stale, or job uses external apply).
[2026-06-26 06:54:46] [ERROR] Failed processing job card 20: 'NoneType' object is not subscriptable
[2026-06-26 06:54:46] ═══ Searching: 'Java Developer' ═══
[2026-06-26 06:54:46] Navigating to job search results for 'Java Developer': https://www.naukri.com/java-developer-jobs?k=Java+Developer&experience=4&wfhType=2
[2026-06-26 06:54:49] Job listings loaded.
[2026-06-26 06:54:57] [WARN] Could not find the 'Easy Apply' sidebar checkbox — selector may be stale, verify EASY_APPLY_CHECKBOX_SEL against the live page.
[2026-06-26 06:54:57] Found 20 job card(s) for 'Java Developer'.
[2026-06-26 06:54:57] --- Processing job 1/20 (term: 'Java Developer') ---
[2026-06-26 06:54:57] Opening job: Java Developer @ MNJ Software
[2026-06-26 06:55:15] [WARN] Apply button not found/clickable (selector may be stale, or job uses external apply).
[2026-06-26 06:55:15] [ERROR] Failed processing job card 1: 'NoneType' object is not subscriptable
[2026-06-26 06:55:15] --- Processing job 2/20 (term: 'Java Developer') ---
[2026-06-26 06:55:15] Opening job: Java Developer @ Ovitech Solutions
[2026-06-26 06:55:33] [WARN] Apply button not found/clickable (selector may be stale, or job uses external apply).
[2026-06-26 06:55:33] [ERROR] Failed processing job card 2: 'NoneType' object is not subscriptable
[2026-06-26 06:55:33] --- Processing job 3/20 (term: 'Java Developer') ---
[2026-06-26 06:55:33] Opening job: Java Developer @ Crayontek
[2026-06-26 06:55:51] [WARN] Apply button not found/clickable (selector may be stale, or job uses external apply).
[2026-06-26 06:55:51] [ERROR] Failed processing job card 3: 'NoneType' object is not subscriptable
[2026-06-26 06:55:51] --- Processing job 4/20 (term: 'Java Developer') ---
[2026-06-26 06:55:51] Opening job: Java Developer @ Weitglobal
[2026-06-26 06:56:09] [WARN] Apply button not found/clickable (selector may be stale, or job uses external apply).
[2026-06-26 06:56:09] [ERROR] Failed processing job card 4: 'NoneType' object is not subscriptable
[2026-06-26 06:56:09] --- Processing job 5/20 (term: 'Java Developer') ---
[2026-06-26 06:56:09] Opening job: Java Developer @ Recruitly
[2026-06-26 06:56:27] [WARN] Apply button not found/clickable (selector may be stale, or job uses external apply).
[2026-06-26 06:56:27] [ERROR] Failed processing job card 5: 'NoneType' object is not subscriptable
[2026-06-26 06:56:27] --- Processing job 6/20 (term: 'Java Developer') ---
[2026-06-26 06:56:27] Opening job: Java Developer @ Yellow Sapphire
[2026-06-26 06:56:45] [WARN] Apply button not found/clickable (selector may be stale, or job uses external apply).
[2026-06-26 06:56:45] [ERROR] Failed processing job card 6: 'NoneType' object is not subscriptable
[2026-06-26 06:56:45] --- Processing job 7/20 (term: 'Java Developer') ---
[2026-06-26 06:56:45] Opening job: Java Developer with AI Focus @ Verdantis
[2026-06-26 06:57:03] [WARN] Apply button not found/clickable (selector may be stale, or job uses external apply).
[2026-06-26 06:57:03] [ERROR] Failed processing job card 7: 'NoneType' object is not subscriptable
[2026-06-26 06:57:03] --- Processing job 8/20 (term: 'Java Developer') ---
[2026-06-26 06:57:03] Opening job: Java Developers @ JK Lucent
[2026-06-26 06:57:21] [WARN] Apply button not found/clickable (selector may be stale, or job uses external apply).
[2026-06-26 06:57:21] [ERROR] Failed processing job card 8: 'NoneType' object is not subscriptable
[2026-06-26 06:57:21] --- Processing job 9/20 (term: 'Java Developer') ---
[2026-06-26 06:57:21] Opening job: Mid Experience Java Developer @ Crayontek
[2026-06-26 06:57:39] [WARN] Apply button not found/clickable (selector may be stale, or job uses external apply).
[2026-06-26 06:57:39] [ERROR] Failed processing job card 9: 'NoneType' object is not subscriptable
[2026-06-26 06:57:39] --- Processing job 10/20 (term: 'Java Developer') ---
[2026-06-26 06:57:39] Opening job: Java Developer @ Irisidea
[2026-06-26 06:57:57] [WARN] Apply button not found/clickable (selector may be stale, or job uses external apply).
[2026-06-26 06:57:57] [ERROR] Failed processing job card 10: 'NoneType' object is not subscriptable
[2026-06-26 06:57:57] --- Processing job 11/20 (term: 'Java Developer') ---
[2026-06-26 06:57:57] Opening job: JAVA Developer @ Citta Solutions
[2026-06-26 06:58:15] [WARN] Apply button not found/clickable (selector may be stale, or job uses external apply).
[2026-06-26 06:58:15] [ERROR] Failed processing job card 11: 'NoneType' object is not subscriptable
[2026-06-26 06:58:15] --- Processing job 12/20 (term: 'Java Developer') ---
[2026-06-26 06:58:15] Opening job: Java Developer @ Iris Info
[2026-06-26 06:58:33] [WARN] Apply button not found/clickable (selector may be stale, or job uses external apply).
[2026-06-26 06:58:33] [ERROR] Failed processing job card 12: 'NoneType' object is not subscriptable
[2026-06-26 06:58:33] --- Processing job 13/20 (term: 'Java Developer') ---
[2026-06-26 06:58:33] Opening job: Java Developer @ NTK Creative Tech
[2026-06-26 06:58:51] [WARN] Apply button not found/clickable (selector may be stale, or job uses external apply).
[2026-06-26 06:58:51] [ERROR] Failed processing job card 13: 'NoneType' object is not subscriptable
[2026-06-26 06:58:51] --- Processing job 14/20 (term: 'Java Developer') ---
[2026-06-26 06:58:51] Opening job: Java Developer @ Gokool Software Labs
[2026-06-26 06:59:09] [WARN] Apply button not found/clickable (selector may be stale, or job uses external apply).
[2026-06-26 06:59:09] [ERROR] Failed processing job card 14: 'NoneType' object is not subscriptable
[2026-06-26 06:59:09] --- Processing job 15/20 (term: 'Java Developer') ---
[2026-06-26 06:59:09] Opening job: Java + Selenium Developer, Pan India @ Virtualware Innovations
[2026-06-26 06:59:28] [WARN] Apply button not found/clickable (selector may be stale, or job uses external apply).
[2026-06-26 06:59:28] [ERROR] Failed processing job card 15: 'NoneType' object is not subscriptable
[2026-06-26 06:59:28] --- Processing job 16/20 (term: 'Java Developer') ---
[2026-06-26 06:59:28] Opening job: Java Spark Developer @ Overture Rede
[2026-06-26 06:59:46] [WARN] Apply button not found/clickable (selector may be stale, or job uses external apply).
[2026-06-26 06:59:46] [ERROR] Failed processing job card 16: 'NoneType' object is not subscriptable
[2026-06-26 06:59:46] --- Processing job 17/20 (term: 'Java Developer') ---
[2026-06-26 06:59:46] Opening job: Java Mirco Services Developer @ Insignia Consultancy Solutions
[2026-06-26 07:00:04] [WARN] Apply button not found/clickable (selector may be stale, or job uses external apply).
[2026-06-26 07:00:04] [ERROR] Failed processing job card 17: 'NoneType' object is not subscriptable
[2026-06-26 07:00:04] --- Processing job 18/20 (term: 'Java Developer') ---
[2026-06-26 07:00:04] Opening job: Java Developer(associate and senior Associate ) @ Insignia Consultancy Solutions
[2026-06-26 07:00:22] [WARN] Apply button not found/clickable (selector may be stale, or job uses external apply).
[2026-06-26 07:00:22] [ERROR] Failed processing job card 18: 'NoneType' object is not subscriptable
[2026-06-26 07:00:22] --- Processing job 19/20 (term: 'Java Developer') ---
[2026-06-26 07:00:22] Opening job: Java Devloper @ Codersbrain India
[2026-06-26 07:00:40] [WARN] Apply button not found/clickable (selector may be stale, or job uses external apply).
[2026-06-26 07:00:40] [ERROR] Failed processing job card 19: 'NoneType' object is not subscriptable
[2026-06-26 07:00:40] --- Processing job 20/20 (term: 'Java Developer') ---
[2026-06-26 07:00:40] Opening job: Developer @ Ayatacommerce
[2026-06-26 07:00:58] [WARN] Apply button not found/clickable (selector may be stale, or job uses external apply).
[2026-06-26 07:00:58] [ERROR] Failed processing job card 20: 'NoneType' object is not subscriptable
[2026-06-26 07:00:58] ═══ Searching: 'Senior Java Developer' ═══
[2026-06-26 07:00:58] Navigating to job search results for 'Senior Java Developer': https://www.naukri.com/senior-java-developer-jobs?k=Senior+Java+Developer&experience=4&wfhType=2
[2026-06-26 07:01:02] Job listings loaded.
[2026-06-26 07:01:11] [WARN] Could not find the 'Easy Apply' sidebar checkbox — selector may be stale, verify EASY_APPLY_CHECKBOX_SEL against the live page.
[2026-06-26 07:01:11] Found 20 job card(s) for 'Senior Java Developer'.
[2026-06-26 07:01:11] --- Processing job 1/20 (term: 'Senior Java Developer') ---
[2026-06-26 07:01:11] Opening job: Sr. Java Developer @ MNJ Software
[2026-06-26 07:01:29] [WARN] Apply button not found/clickable (selector may be stale, or job uses external apply).
[2026-06-26 07:01:29] [ERROR] Failed processing job card 1: 'NoneType' object is not subscriptable
[2026-06-26 07:01:29] --- Processing job 2/20 (term: 'Senior Java Developer') ---
[2026-06-26 07:01:29] Opening job: Java Developer(associate and senior Associate ) @ Insignia Consultancy Solutions
[2026-06-26 07:01:46] [WARN] Apply button not found/clickable (selector may be stale, or job uses external apply).
[2026-06-26 07:01:46] [ERROR] Failed processing job card 2: 'NoneType' object is not subscriptable
[2026-06-26 07:01:46] --- Processing job 3/20 (term: 'Senior Java Developer') ---
[2026-06-26 07:01:47] Opening job: Senior Java Developer @ Harris Global Business Services
[2026-06-26 07:02:04] [WARN] Apply button not found/clickable (selector may be stale, or job uses external apply).
[2026-06-26 07:02:04] [ERROR] Failed processing job card 3: 'NoneType' object is not subscriptable
[2026-06-26 07:02:04] --- Processing job 4/20 (term: 'Senior Java Developer') ---
[2026-06-26 07:02:04] Opening job: Senior Java Developer @ Harris Healthcare
[2026-06-26 07:02:22] [WARN] Apply button not found/clickable (selector may be stale, or job uses external apply).
[2026-06-26 07:02:22] [ERROR] Failed processing job card 4: 'NoneType' object is not subscriptable
[2026-06-26 07:02:22] --- Processing job 5/20 (term: 'Senior Java Developer') ---
[2026-06-26 07:02:22] Opening job: Senior Java Developer @ Innovya Technologies
[2026-06-26 07:02:40] [WARN] Apply button not found/clickable (selector may be stale, or job uses external apply).
[2026-06-26 07:02:40] [ERROR] Failed processing job card 5: 'NoneType' object is not subscriptable
[2026-06-26 07:02:40] --- Processing job 6/20 (term: 'Senior Java Developer') ---
[2026-06-26 07:02:41] Opening job: Senior Java Developer @ Virtualware Innovations
[2026-06-26 07:02:58] [WARN] Apply button not found/clickable (selector may be stale, or job uses external apply).
[2026-06-26 07:02:58] [ERROR] Failed processing job card 6: 'NoneType' object is not subscriptable
[2026-06-26 07:02:58] --- Processing job 7/20 (term: 'Senior Java Developer') ---
[2026-06-26 07:02:59] Opening job: Senior Java Developer @ Virtualware Innovations
[2026-06-26 07:03:16] [WARN] Apply button not found/clickable (selector may be stale, or job uses external apply).
[2026-06-26 07:03:16] [ERROR] Failed processing job card 7: 'NoneType' object is not subscriptable
[2026-06-26 07:03:16] --- Processing job 8/20 (term: 'Senior Java Developer') ---
[2026-06-26 07:03:17] Opening job: Senior Software Engineer @ Zuddl
[2026-06-26 07:03:34] [WARN] Apply button not found/clickable (selector may be stale, or job uses external apply).
[2026-06-26 07:03:34] [ERROR] Failed processing job card 8: 'NoneType' object is not subscriptable
[2026-06-26 07:03:34] --- Processing job 9/20 (term: 'Senior Java Developer') ---
[2026-06-26 07:03:34] Opening job: Senior Software Engineer @ Edifecs Technologies
[2026-06-26 07:03:52] [WARN] Apply button not found/clickable (selector may be stale, or job uses external apply).
[2026-06-26 07:03:52] [ERROR] Failed processing job card 9: 'NoneType' object is not subscriptable
[2026-06-26 07:03:52] --- Processing job 10/20 (term: 'Senior Java Developer') ---
[2026-06-26 07:03:53] Opening job: Software Engineer @ Versante Software Technologies
[2026-06-26 07:04:10] [WARN] Apply button not found/clickable (selector may be stale, or job uses external apply).
[2026-06-26 07:04:10] [ERROR] Failed processing job card 10: 'NoneType' object is not subscriptable
[2026-06-26 07:04:10] --- Processing job 11/20 (term: 'Senior Java Developer') ---
[2026-06-26 07:04:10] Opening job: Senior Engineer, PHP Drupal @ Nagarro
[2026-06-26 07:04:28] [WARN] Apply button not found/clickable (selector may be stale, or job uses external apply).
[2026-06-26 07:04:28] [ERROR] Failed processing job card 11: 'NoneType' object is not subscriptable
[2026-06-26 07:04:28] --- Processing job 12/20 (term: 'Senior Java Developer') ---
[2026-06-26 07:04:29] Opening job: Senior Software Developer @ Sahajseva Digital Consultancy
[2026-06-26 07:04:46] [WARN] Apply button not found/clickable (selector may be stale, or job uses external apply).
[2026-06-26 07:04:47] [ERROR] Failed processing job card 12: 'NoneType' object is not subscriptable
[2026-06-26 07:04:47] --- Processing job 13/20 (term: 'Senior Java Developer') ---
[2026-06-26 07:04:47] Opening job: Senior Software Developer Applications @ Learntastic
[2026-06-26 07:05:05] [WARN] Apply button not found/clickable (selector may be stale, or job uses external apply).
[2026-06-26 07:05:05] [ERROR] Failed processing job card 13: 'NoneType' object is not subscriptable
[2026-06-26 07:05:05] --- Processing job 14/20 (term: 'Senior Java Developer') ---
[2026-06-26 07:05:05] Opening job: Senior Software Developer Applications @ Learntastic
[2026-06-26 07:05:24] [WARN] Apply button not found/clickable (selector may be stale, or job uses external apply).
[2026-06-26 07:05:24] [ERROR] Failed processing job card 14: 'NoneType' object is not subscriptable
[2026-06-26 07:05:24] --- Processing job 15/20 (term: 'Senior Java Developer') ---
[2026-06-26 07:05:24] Opening job: Senior Software Engineer, Full Stack @ Mostudio
[2026-06-26 07:05:42] [WARN] Apply button not found/clickable (selector may be stale, or job uses external apply).
[2026-06-26 07:05:42] [ERROR] Failed processing job card 15: 'NoneType' object is not subscriptable
[2026-06-26 07:05:42] --- Processing job 16/20 (term: 'Senior Java Developer') ---
[2026-06-26 07:05:42] Opening job: Full Stack Developer @ E Tech Software
[2026-06-26 07:06:00] [WARN] Apply button not found/clickable (selector may be stale, or job uses external apply).
[2026-06-26 07:06:00] [ERROR] Failed processing job card 16: 'NoneType' object is not subscriptable
[2026-06-26 07:06:00] --- Processing job 17/20 (term: 'Senior Java Developer') ---
[2026-06-26 07:06:00] Opening job: Senior Staff Engineer, Big Data @ Nagarro
[2026-06-26 07:06:18] [WARN] Apply button not found/clickable (selector may be stale, or job uses external apply).
[2026-06-26 07:06:19] [ERROR] Failed processing job card 17: 'NoneType' object is not subscriptable
[2026-06-26 07:06:19] --- Processing job 18/20 (term: 'Senior Java Developer') ---
[2026-06-26 07:06:19] Opening job: Senior Staff Engineer, DevOps @ Nagarro
[2026-06-26 07:06:36] [WARN] Apply button not found/clickable (selector may be stale, or job uses external apply).
[2026-06-26 07:06:37] [ERROR] Failed processing job card 18: 'NoneType' object is not subscriptable
[2026-06-26 07:06:37] --- Processing job 19/20 (term: 'Senior Java Developer') ---
[2026-06-26 07:06:37] Opening job: React Native, Senior Developer, Mendix @ Qloron Technology
[2026-06-26 07:06:54] [WARN] Apply button not found/clickable (selector may be stale, or job uses external apply).
[2026-06-26 07:06:55] [ERROR] Failed processing job card 19: 'NoneType' object is not subscriptable
[2026-06-26 07:06:55] --- Processing job 20/20 (term: 'Senior Java Developer') ---
[2026-06-26 07:06:55] Opening job: BPI Developer Sr Developer @ Sparix Global
[2026-06-26 07:07:12] [WARN] Apply button not found/clickable (selector may be stale, or job uses external apply).
[2026-06-26 07:07:12] [ERROR] Failed processing job card 20: 'NoneType' object is not subscriptable
[2026-06-26 07:07:12] ═══ Searching: 'Spring Boot Developer' ═══
[2026-06-26 07:07:12] Navigating to job search results for 'Spring Boot Developer': https://www.naukri.com/spring-boot-developer-jobs?k=Spring+Boot+Developer&experience=4&wfhType=2
[2026-06-26 07:07:15] Job listings loaded.
[2026-06-26 07:07:23] [WARN] Could not find the 'Easy Apply' sidebar checkbox — selector may be stale, verify EASY_APPLY_CHECKBOX_SEL against the live page.
[2026-06-26 07:07:23] Found 20 job card(s) for 'Spring Boot Developer'.
[2026-06-26 07:07:23] --- Processing job 1/20 (term: 'Spring Boot Developer') ---
[2026-06-26 07:07:23] Opening job: Full-Stack Software Engineer @ Divyan Technologies Lucknow
[2026-06-26 07:07:41] [WARN] Apply button not found/clickable (selector may be stale, or job uses external apply).
[2026-06-26 07:07:41] [ERROR] Failed processing job card 1: 'NoneType' object is not subscriptable
[2026-06-26 07:07:41] --- Processing job 2/20 (term: 'Spring Boot Developer') ---
[2026-06-26 07:07:41] Opening job: Backend Developer (MERN | PostgreSQL) @ Stacklab
[2026-06-26 07:07:59] [WARN] Apply button not found/clickable (selector may be stale, or job uses external apply).
[2026-06-26 07:07:59] [ERROR] Failed processing job card 2: 'NoneType' object is not subscriptable
[2026-06-26 07:07:59] --- Processing job 3/20 (term: 'Spring Boot Developer') ---
[2026-06-26 07:07:59] Opening job: Backend Developer @ Indium Corporation
[2026-06-26 07:08:17] [WARN] Apply button not found/clickable (selector may be stale, or job uses external apply).
[2026-06-26 07:08:17] [ERROR] Failed processing job card 3: 'NoneType' object is not subscriptable
[2026-06-26 07:08:17] --- Processing job 4/20 (term: 'Spring Boot Developer') ---
[2026-06-26 07:08:17] Opening job: Associate Staff Engineer, Frontend AngularJS @ Nagarro
[2026-06-26 07:08:35] [WARN] Apply button not found/clickable (selector may be stale, or job uses external apply).
[2026-06-26 07:08:35] [ERROR] Failed processing job card 4: 'NoneType' object is not subscriptable
[2026-06-26 07:08:35] --- Processing job 5/20 (term: 'Spring Boot Developer') ---
[2026-06-26 07:08:35] Opening job: Associate Staff Engineer, Cloud @ Nagarro
[2026-06-26 07:08:53] [WARN] Apply button not found/clickable (selector may be stale, or job uses external apply).
[2026-06-26 07:08:53] [ERROR] Failed processing job card 5: 'NoneType' object is not subscriptable
[2026-06-26 07:08:53] --- Processing job 6/20 (term: 'Spring Boot Developer') ---
[2026-06-26 07:08:53] Opening job: Java Full Stack Developer @ Vrinda International Noida
[2026-06-26 07:09:12] [WARN] Apply button not found/clickable (selector may be stale, or job uses external apply).
[2026-06-26 07:09:12] [ERROR] Failed processing job card 6: 'NoneType' object is not subscriptable
[2026-06-26 07:09:12] --- Processing job 7/20 (term: 'Spring Boot Developer') ---
[2026-06-26 07:09:12] Opening job: Associate Staff Engineer, Mobile Cross Platform @ Nagarro
[2026-06-26 07:09:30] [WARN] Apply button not found/clickable (selector may be stale, or job uses external apply).
[2026-06-26 07:09:30] [ERROR] Failed processing job card 7: 'NoneType' object is not subscriptable
[2026-06-26 07:09:30] --- Processing job 8/20 (term: 'Spring Boot Developer') ---
[2026-06-26 07:09:30] Opening job: Associate Staff Engineer, .Net Web @ Nagarro
[2026-06-26 07:09:48] [WARN] Apply button not found/clickable (selector may be stale, or job uses external apply).
[2026-06-26 07:09:48] [ERROR] Failed processing job card 8: 'NoneType' object is not subscriptable
[2026-06-26 07:09:48] --- Processing job 9/20 (term: 'Spring Boot Developer') ---
[2026-06-26 07:09:48] Opening job: Associate Staff Engineer @ Nagarro
[2026-06-26 07:10:06] [WARN] Apply button not found/clickable (selector may be stale, or job uses external apply).
[2026-06-26 07:10:06] [ERROR] Failed processing job card 9: 'NoneType' object is not subscriptable
[2026-06-26 07:10:06] --- Processing job 10/20 (term: 'Spring Boot Developer') ---
[2026-06-26 07:10:06] Opening job: Full Stack Developer (Java & Angular) @ Utimaco
[2026-06-26 07:10:13] [ERROR] Unexpected error applying to job: Message: invalid session id: session deleted as the browser has closed the connection
from disconnected: not connected to DevTools
  (Session info: chrome=149.0.7827.197); For documentation on this error, please visit: https://www.selenium.dev/documentation/webdriver/troubleshooting/errors#invalidsessionidexception
Stacktrace:
	undetected_chromedriver!GetHandleVerifier [0x124a543+103f3]
	undetected_chromedriver!GetHandleVerifier [0x124a584+10434]
	undetected_chromedriver!(No symbol) [0x104a700]
	undetected_chromedriver!(No symbol) [0x103999e]
	undetected_chromedriver!(No symbol) [0x1058079]
	undetected_chromedriver!(No symbol) [0x10bc64c]
	undetected_chromedriver!(No symbol) [0x10d2df9]
	undetected_chromedriver!(No symbol) [0x10b5e66]
	undetected_chromedriver!(No symbol) [0x1089159]
	undetected_chromedriver!(No symbol) [0x1089f24]
	undetected_chromedriver!GetHandleVerifier [0x14d4bba+29aa6a]
	undetected_chromedriver!GetHandleVerifier [0x14d0119+295fc9]
	undetected_chromedriver!GetHandleVerifier [0x14f103e+2b6eee]
	undetected_chromedriver!GetHandleVerifier [0x12637f6+296a6]
	undetected_chromedriver!GetHandleVerifier [0x126a91d+307cd]
	undetected_chromedriver!GetHandleVerifier [0x1252d18+18bc8]
	undetected_chromedriver!GetHandleVerifier [0x1252ec5+18d75]
	undetected_chromedriver!GetHandleVerifier [0x123c05f+1f0f]
	KERNEL32!BaseThreadInitThunk [0x753e7ba9+19]
	ntdll!RtlInitializeExceptionChain [0x76f9c0cb+6b]
	ntdll!RtlClearBits [0x76f9c04f+bf]

[2026-06-26 07:10:14] [WARN] Error restoring window handle: Message: invalid session id; For documentation on this error, please visit: https://www.selenium.dev/documentation/webdriver/troubleshooting/errors#invalidsessionidexception
Stacktrace:
	undetected_chromedriver!GetHandleVerifier [0x124a543+103f3]
	undetected_chromedriver!GetHandleVerifier [0x124a584+10434]
	undetected_chromedriver!(No symbol) [0x104a53e]
	undetected_chromedriver!(No symbol) [0x10883e7]
	undetected_chromedriver!(No symbol) [0x10b5f86]
	undetected_chromedriver!(No symbol) [0x10b1192]
	undetected_chromedriver!(No symbol) [0x10b0b71]
	undetected_chromedriver!(No symbol) [0x101db2e]
	undetected_chromedriver!(No symbol) [0x101e0ce]
	undetected_chromedriver!(No symbol) [0x101e5ad]
	undetected_chromedriver!GetHandleVerifier [0x14d4bba+29aa6a]
	undetected_chromedriver!GetHandleVerifier [0x14d0119+295fc9]
	undetected_chromedriver!GetHandleVerifier [0x14f103e+2b6eee]
	undetected_chromedriver!GetHandleVerifier [0x12637f6+296a6]
	undetected_chromedriver!GetHandleVerifier [0x126a91d+307cd]
	undetected_chromedriver!(No symbol) [0x101d6a6]
	undetected_chromedriver!(No symbol) [0x101cd02]
	undetected_chromedriver!GetHandleVerifier [0x163be1f+401ccf]
	KERNEL32!BaseThreadInitThunk [0x753e7ba9+19]
	ntdll!RtlInitializeExceptionChain [0x76f9c0cb+6b]
	ntdll!RtlClearBits [0x76f9c04f+bf]

[2026-06-26 07:10:14] [ERROR] Failed processing job card 10: 'NoneType' object is not subscriptable
[2026-06-26 07:10:14] [FATAL] Browser session was closed or lost: Message: invalid session id; For documentation on this error, please visit: https://www.selenium.dev/documentation/webdriver/troubleshooting/errors#invalidsessionidexception
Stacktrace:
	undetected_chromedriver!GetHandleVerifier [0x124a543+103f3]
	undetected_chromedriver!GetHandleVerifier [0x124a584+10434]
	undetected_chromedriver!(No symbol) [0x104a53e]
	undetected_chromedriver!(No symbol) [0x10883e7]
	undetected_chromedriver!(No symbol) [0x10b5f86]
	undetected_chromedriver!(No symbol) [0x10b1192]
	undetected_chromedriver!(No symbol) [0x10b0b71]
	undetected_chromedriver!(No symbol) [0x101db2e]
	undetected_chromedriver!(No symbol) [0x101e0ce]
	undetected_chromedriver!(No symbol) [0x101e5ad]
	undetected_chromedriver!GetHandleVerifier [0x14d4bba+29aa6a]
	undetected_chromedriver!GetHandleVerifier [0x14d0119+295fc9]
	undetected_chromedriver!GetHandleVerifier [0x14f103e+2b6eee]
	undetected_chromedriver!GetHandleVerifier [0x12637f6+296a6]
	undetected_chromedriver!GetHandleVerifier [0x126a91d+307cd]
	undetected_chromedriver!(No symbol) [0x101d6a6]
	undetected_chromedriver!(No symbol) [0x101cd02]
	undetected_chromedriver!GetHandleVerifier [0x163be1f+401ccf]
	KERNEL32!BaseThreadInitThunk [0x753e7ba9+19]
	ntdll!RtlInitializeExceptionChain [0x76f9c0cb+6b]
	ntdll!RtlClearBits [0x76f9c04f+bf]
. Terminating run.
[2026-06-26 07:10:14] [FATAL] Browser session was closed or lost: Message: invalid session id; For documentation on this error, please visit: https://www.selenium.dev/documentation/webdriver/troubleshooting/errors#invalidsessionidexception
Stacktrace:
	undetected_chromedriver!GetHandleVerifier [0x124a543+103f3]
	undetected_chromedriver!GetHandleVerifier [0x124a584+10434]
	undetected_chromedriver!(No symbol) [0x104a53e]
	undetected_chromedriver!(No symbol) [0x10883e7]
	undetected_chromedriver!(No symbol) [0x10b5f86]
	undetected_chromedriver!(No symbol) [0x10b1192]
	undetected_chromedriver!(No symbol) [0x10b0b71]
	undetected_chromedriver!(No symbol) [0x101db2e]
	undetected_chromedriver!(No symbol) [0x101e0ce]
	undetected_chromedriver!(No symbol) [0x101e5ad]
	undetected_chromedriver!GetHandleVerifier [0x14d4bba+29aa6a]
	undetected_chromedriver!GetHandleVerifier [0x14d0119+295fc9]
	undetected_chromedriver!GetHandleVerifier [0x14f103e+2b6eee]
	undetected_chromedriver!GetHandleVerifier [0x12637f6+296a6]
	undetected_chromedriver!GetHandleVerifier [0x126a91d+307cd]
	undetected_chromedriver!(No symbol) [0x101d6a6]
	undetected_chromedriver!(No symbol) [0x101cd02]
	undetected_chromedriver!GetHandleVerifier [0x163be1f+401ccf]
	KERNEL32!BaseThreadInitThunk [0x753e7ba9+19]
	ntdll!RtlInitializeExceptionChain [0x76f9c0cb+6b]
	ntdll!RtlClearBits [0x76f9c04f+bf]
. Terminating run.
[2026-06-26 07:10:14] Run complete. Total applications submitted this run: 0
[2026-06-26 07:34:47] ════════════════════════════════════════
[2026-06-26 07:34:47]   Naukri Auto-Apply Bot — starting run
[2026-06-26 07:34:47]   AI mode (Gemini): disabled (manual prompts)
[2026-06-26 07:34:47]   Non-Interactive: disabled (manual prompts)
[2026-06-26 07:34:47] ════════════════════════════════════════
[2026-06-26 07:34:48] Monkey-patched uc.Chrome.quit to suppress WinError 6 on exit.
[2026-06-26 07:34:48] Starting Chrome setup...
[2026-06-26 07:34:48] Found cached ChromeDriver: C:\Users\Pawan\AppData\Roaming\undetected_chromedriver\undetected_chromedriver.exe
[2026-06-26 07:34:48] Attempting undetected-chromedriver with use_subprocess=False...
[2026-06-26 07:34:50] Chrome driver (stealth, use_subprocess=False) successfully initialized!
[2026-06-26 07:34:50] Navigating to Naukri login page...
[2026-06-26 07:34:56] Submitted login form. Waiting for homepage to load...
[2026-06-26 07:35:19] Login appears successful.
[2026-06-26 07:35:19] Will search 12 term(s): ['Java Full Stack Developer', 'Senior Java Full Stack Developer', 'Java Developer', 'Senior Java Developer', 'Spring Boot Developer', 'Java Microservices Developer', 'Backend Developer', 'Java Backend Developer', 'Software Engineer', 'Senior Software Engineer', 'Full Stack Developer', 'Java Angular Developer']
[2026-06-26 07:35:19] ═══ Searching: 'Java Full Stack Developer' ═══
[2026-06-26 07:35:19] Navigating to job search results for 'Java Full Stack Developer': https://www.naukri.com/java-full-stack-developer-jobs?k=Java+Full+Stack+Developer&experience=4&wfhType=2
[2026-06-26 07:35:24] Job listings loaded.
[2026-06-26 07:35:32] [WARN] Could not find the 'Easy Apply' sidebar checkbox — selector may be stale, verify EASY_APPLY_CHECKBOX_SEL against the live page.
[2026-06-26 07:35:32] Found 20 job card(s) for 'Java Full Stack Developer'.
[2026-06-26 07:35:32] --- Processing job 1/20 (term: 'Java Full Stack Developer') ---
[2026-06-26 07:35:32] Opening job: Senior Staff Engineer, JavaScript Fullstack @ Nagarro
[2026-06-26 07:35:50] [WARN] Apply button not found/clickable (selector may be stale, or job uses external apply).
[2026-06-26 07:35:50] [ERROR] Failed processing job card 1: 'NoneType' object is not subscriptable
[2026-06-26 07:35:50] --- Processing job 2/20 (term: 'Java Full Stack Developer') ---
[2026-06-26 07:35:50] Opening job: Senior Software Engineer @ Blueprints AI
[2026-06-26 07:36:08] [WARN] Apply button not found/clickable (selector may be stale, or job uses external apply).
[2026-06-26 07:36:08] [ERROR] Failed processing job card 2: 'NoneType' object is not subscriptable
[2026-06-26 07:36:08] --- Processing job 3/20 (term: 'Java Full Stack Developer') ---
[2026-06-26 07:36:08] Opening job: Urgent Hiring: Java Full Stack Developer (Night Shift) @ Jade Global
[2026-06-26 07:36:27] [WARN] Apply button not found/clickable (selector may be stale, or job uses external apply).
[2026-06-26 07:36:27] [ERROR] Failed processing job card 3: 'NoneType' object is not subscriptable
[2026-06-26 07:36:27] --- Processing job 4/20 (term: 'Java Full Stack Developer') ---
[2026-06-26 07:36:27] Opening job: Full Stack Developer Java + React Next js Poland @ Remotestar
[2026-06-26 07:36:45] [WARN] Apply button not found/clickable (selector may be stale, or job uses external apply).
[2026-06-26 07:36:46] [ERROR] Failed processing job card 4: 'NoneType' object is not subscriptable
[2026-06-26 07:36:46] --- Processing job 5/20 (term: 'Java Full Stack Developer') ---
[2026-06-26 07:36:46] Opening job: Full Stack Developer (Java + Angular) @ Mindwise Technologies
[2026-06-26 07:37:04] [WARN] Apply button not found/clickable (selector may be stale, or job uses external apply).
[2026-06-26 07:37:04] [ERROR] Failed processing job card 5: 'NoneType' object is not subscriptable
[2026-06-26 07:37:04] --- Processing job 6/20 (term: 'Java Full Stack Developer') ---
[2026-06-26 07:37:05] Opening job: Software Engineer – Native AI Applications (Full Stack) @ Benwiz Infoservices
[2026-06-26 07:37:23] [WARN] Apply button not found/clickable (selector may be stale, or job uses external apply).
[2026-06-26 07:37:23] [ERROR] Failed processing job card 6: 'NoneType' object is not subscriptable
[2026-06-26 07:37:23] --- Processing job 7/20 (term: 'Java Full Stack Developer') ---
[2026-06-26 07:37:23] Opening job: Java fullstack developer @ Codersbrain India
[2026-06-26 07:37:42] [WARN] Apply button not found/clickable (selector may be stale, or job uses external apply).
[2026-06-26 07:37:42] [ERROR] Failed processing job card 7: 'NoneType' object is not subscriptable
[2026-06-26 07:37:42] --- Processing job 8/20 (term: 'Java Full Stack Developer') ---
[2026-06-26 07:37:42] Opening job: Java Fullstack Developer @ GForce Consulting Solutions
[2026-06-26 07:38:01] [WARN] Apply button not found/clickable (selector may be stale, or job uses external apply).
[2026-06-26 07:38:01] [ERROR] Failed processing job card 8: 'NoneType' object is not subscriptable
[2026-06-26 07:38:01] --- Processing job 9/20 (term: 'Java Full Stack Developer') ---
[2026-06-26 07:38:01] Opening job: Full Stack Java Developer @ AHA Technocrats
[2026-06-26 07:38:20] [WARN] Apply button not found/clickable (selector may be stale, or job uses external apply).
[2026-06-26 07:38:20] [ERROR] Failed processing job card 9: 'NoneType' object is not subscriptable
[2026-06-26 07:38:20] --- Processing job 10/20 (term: 'Java Full Stack Developer') ---
[2026-06-26 07:38:20] Opening job: Full Stack Java Developer @ NS Global Corporation
[2026-06-26 07:38:39] [WARN] Apply button not found/clickable (selector may be stale, or job uses external apply).
[2026-06-26 07:38:39] [ERROR] Failed processing job card 10: 'NoneType' object is not subscriptable
[2026-06-26 07:38:39] --- Processing job 11/20 (term: 'Java Full Stack Developer') ---
[2026-06-26 07:38:39] Opening job: Python Fullstack Developer @ Hurix
[2026-06-26 07:38:58] [WARN] Apply button not found/clickable (selector may be stale, or job uses external apply).
[2026-06-26 07:38:58] [ERROR] Failed processing job card 11: 'NoneType' object is not subscriptable
[2026-06-26 07:38:58] --- Processing job 12/20 (term: 'Java Full Stack Developer') ---
[2026-06-26 07:38:58] Opening job: Full Stack Developer Java Angular @ Logic Planet
[2026-06-26 07:39:19] [WARN] Apply button not found/clickable (selector may be stale, or job uses external apply).
[2026-06-26 07:39:19] [ERROR] Failed processing job card 12: 'NoneType' object is not subscriptable
[2026-06-26 07:39:19] --- Processing job 13/20 (term: 'Java Full Stack Developer') ---
[2026-06-26 07:39:19] Opening job: Java Full Stack Developer @ Saibull Global Partners
[2026-06-26 07:39:38] [WARN] Apply button not found/clickable (selector may be stale, or job uses external apply).
[2026-06-26 07:39:38] [ERROR] Failed processing job card 13: 'NoneType' object is not subscriptable
[2026-06-26 07:39:38] --- Processing job 14/20 (term: 'Java Full Stack Developer') ---
[2026-06-26 07:39:38] Opening job: Full Stack Developer (Java & Angular) @ Utimaco
[2026-06-26 07:39:57] [WARN] Apply button not found/clickable (selector may be stale, or job uses external apply).
[2026-06-26 07:39:57] [ERROR] Failed processing job card 14: 'NoneType' object is not subscriptable
[2026-06-26 07:39:57] --- Processing job 15/20 (term: 'Java Full Stack Developer') ---
[2026-06-26 07:39:57] Opening job: Java Full Stack Developer @ Iris Info
[2026-06-26 07:40:16] [WARN] Apply button not found/clickable (selector may be stale, or job uses external apply).
[2026-06-26 07:40:16] [ERROR] Failed processing job card 15: 'NoneType' object is not subscriptable
[2026-06-26 07:40:16] --- Processing job 16/20 (term: 'Java Full Stack Developer') ---
[2026-06-26 07:40:16] Opening job: Java Full Stack Developer @ Vrinda International Noida
[2026-06-26 07:40:34] [WARN] Apply button not found/clickable (selector may be stale, or job uses external apply).
[2026-06-26 07:40:35] [ERROR] Failed processing job card 16: 'NoneType' object is not subscriptable
[2026-06-26 07:40:35] --- Processing job 17/20 (term: 'Java Full Stack Developer') ---
[2026-06-26 07:40:35] Opening job: Java Full Stack Developer @ Uventure
[2026-06-26 07:40:53] [WARN] Apply button not found/clickable (selector may be stale, or job uses external apply).
[2026-06-26 07:40:53] [ERROR] Failed processing job card 17: 'NoneType' object is not subscriptable
[2026-06-26 07:40:53] --- Processing job 18/20 (term: 'Java Full Stack Developer') ---
[2026-06-26 07:40:53] Opening job: Full stack Architect(freelancer/consultant) @ Codevian Technologies
[2026-06-26 07:41:12] [WARN] Apply button not found/clickable (selector may be stale, or job uses external apply).
[2026-06-26 07:41:12] [ERROR] Failed processing job card 18: 'NoneType' object is not subscriptable
[2026-06-26 07:41:12] --- Processing job 19/20 (term: 'Java Full Stack Developer') ---
[2026-06-26 07:41:12] Opening job: Full Stack Developer | Leading IT Co. | Pune @ Hiring for - Leading IT Co.
[2026-06-26 07:41:31] [WARN] Apply button not found/clickable (selector may be stale, or job uses external apply).
[2026-06-26 07:41:31] [ERROR] Failed processing job card 19: 'NoneType' object is not subscriptable
[2026-06-26 07:41:31] --- Processing job 20/20 (term: 'Java Full Stack Developer') ---
[2026-06-26 07:41:31] Opening job: GenAI Developer @ HackerEarth
[2026-06-26 07:41:50] [WARN] Apply button not found/clickable (selector may be stale, or job uses external apply).
[2026-06-26 07:41:50] [ERROR] Failed processing job card 20: 'NoneType' object is not subscriptable
[2026-06-26 07:41:50] ═══ Searching: 'Senior Java Full Stack Developer' ═══
[2026-06-26 07:41:50] Navigating to job search results for 'Senior Java Full Stack Developer': https://www.naukri.com/senior-java-full-stack-developer-jobs?k=Senior+Java+Full+Stack+Developer&experience=4&wfhType=2
[2026-06-26 07:41:52] Job listings loaded.
[2026-06-26 07:42:00] [WARN] Could not find the 'Easy Apply' sidebar checkbox — selector may be stale, verify EASY_APPLY_CHECKBOX_SEL against the live page.
[2026-06-26 07:42:00] Found 2 job card(s) for 'Senior Java Full Stack Developer'.
[2026-06-26 07:42:00] --- Processing job 1/2 (term: 'Senior Java Full Stack Developer') ---
[2026-06-26 07:42:00] Opening job: GenAI Developer @ HackerEarth
[2026-06-26 07:42:18] [WARN] Apply button not found/clickable (selector may be stale, or job uses external apply).
[2026-06-26 07:42:18] [ERROR] Failed processing job card 1: 'NoneType' object is not subscriptable
[2026-06-26 07:42:18] --- Processing job 2/2 (term: 'Senior Java Full Stack Developer') ---
[2026-06-26 07:42:18] Opening job: Full stack Architect(freelancer/consultant) @ Codevian Technologies
[2026-06-26 07:42:35] [WARN] Apply button not found/clickable (selector may be stale, or job uses external apply).
[2026-06-26 07:42:35] [ERROR] Failed processing job card 2: 'NoneType' object is not subscriptable
[2026-06-26 07:42:35] ═══ Searching: 'Java Developer' ═══
[2026-06-26 07:42:35] Navigating to job search results for 'Java Developer': https://www.naukri.com/java-developer-jobs?k=Java+Developer&experience=4&wfhType=2
[2026-06-26 07:42:37] Job listings loaded.
[2026-06-26 07:42:46] [WARN] Could not find the 'Easy Apply' sidebar checkbox — selector may be stale, verify EASY_APPLY_CHECKBOX_SEL against the live page.
[2026-06-26 07:42:46] Found 20 job card(s) for 'Java Developer'.
[2026-06-26 07:42:46] --- Processing job 1/20 (term: 'Java Developer') ---
[2026-06-26 07:42:46] Opening job: Orchestrate Software Developer @ Zensar
[2026-06-26 07:43:04] [WARN] Apply button not found/clickable (selector may be stale, or job uses external apply).
[2026-06-26 07:43:04] [ERROR] Failed processing job card 1: 'NoneType' object is not subscriptable
[2026-06-26 07:43:04] --- Processing job 2/20 (term: 'Java Developer') ---
[2026-06-26 07:43:04] Opening job: Java Developer @ MNJ Software
[2026-06-26 07:43:22] [WARN] Apply button not found/clickable (selector may be stale, or job uses external apply).
[2026-06-26 07:43:22] [ERROR] Failed processing job card 2: 'NoneType' object is not subscriptable
[2026-06-26 07:43:22] --- Processing job 3/20 (term: 'Java Developer') ---
[2026-06-26 07:43:22] Opening job: Java Developers @ JK Lucent
[2026-06-26 07:43:40] [WARN] Apply button not found/clickable (selector may be stale, or job uses external apply).
[2026-06-26 07:43:40] [ERROR] Failed processing job card 3: 'NoneType' object is not subscriptable
[2026-06-26 07:43:40] --- Processing job 4/20 (term: 'Java Developer') ---
[2026-06-26 07:43:40] Opening job: Java Developer @ Nexdew Technologies
[2026-06-26 07:43:58] [WARN] Apply button not found/clickable (selector may be stale, or job uses external apply).
[2026-06-26 07:43:58] [ERROR] Failed processing job card 4: 'NoneType' object is not subscriptable
[2026-06-26 07:43:58] --- Processing job 5/20 (term: 'Java Developer') ---
[2026-06-26 07:43:58] Opening job: JAVA Developer @ Citta Solutions
[2026-06-26 07:44:16] [WARN] Apply button not found/clickable (selector may be stale, or job uses external apply).
[2026-06-26 07:44:16] [ERROR] Failed processing job card 5: 'NoneType' object is not subscriptable
[2026-06-26 07:44:16] --- Processing job 6/20 (term: 'Java Developer') ---
[2026-06-26 07:44:16] Opening job: Java Developer @ Ovitech Solutions
[2026-06-26 07:44:37] [WARN] Apply button not found/clickable (selector may be stale, or job uses external apply).
[2026-06-26 07:44:37] [ERROR] Failed processing job card 6: 'NoneType' object is not subscriptable
[2026-06-26 07:44:37] --- Processing job 7/20 (term: 'Java Developer') ---
[2026-06-26 07:44:37] Opening job: Java Developer @ Weitglobal
[2026-06-26 07:44:55] [WARN] Apply button not found/clickable (selector may be stale, or job uses external apply).
[2026-06-26 07:44:55] [ERROR] Failed processing job card 7: 'NoneType' object is not subscriptable
[2026-06-26 07:44:55] --- Processing job 8/20 (term: 'Java Developer') ---
[2026-06-26 07:44:55] Opening job: Java Developer @ Crayontek
[2026-06-26 07:45:12] [WARN] Apply button not found/clickable (selector may be stale, or job uses external apply).
[2026-06-26 07:45:12] [ERROR] Failed processing job card 8: 'NoneType' object is not subscriptable
[2026-06-26 07:45:12] --- Processing job 9/20 (term: 'Java Developer') ---
[2026-06-26 07:45:12] Opening job: Java Developer @ Recruitly
[2026-06-26 07:45:25] [ERROR] Unexpected error applying to job: 'NoneType' object has no attribute 'is_displayed'
[2026-06-26 07:45:25] [WARN] Error restoring window handle: Message: no such window: target window already closed
from unknown error: web view not found
  (Session info: chrome=149.0.7827.197)
Stacktrace:
	undetected_chromedriver!GetHandleVerifier [0x124a543+103f3]
	undetected_chromedriver!GetHandleVerifier [0x124a584+10434]
	undetected_chromedriver!(No symbol) [0x104a700]
	undetected_chromedriver!(No symbol) [0x1029603]
	undetected_chromedriver!(No symbol) [0x10bc45b]
	undetected_chromedriver!(No symbol) [0x10c4526]
	undetected_chromedriver!(No symbol) [0x10b6093]
	undetected_chromedriver!(No symbol) [0x1089159]
	undetected_chromedriver!(No symbol) [0x1089f24]
	undetected_chromedriver!GetHandleVerifier [0x14d4bba+29aa6a]
	undetected_chromedriver!GetHandleVerifier [0x14d0119+295fc9]
	undetected_chromedriver!GetHandleVerifier [0x14f103e+2b6eee]
	undetected_chromedriver!GetHandleVerifier [0x12637f6+296a6]
	undetected_chromedriver!GetHandleVerifier [0x126a91d+307cd]
	undetected_chromedriver!GetHandleVerifier [0x1252d18+18bc8]
	undetected_chromedriver!GetHandleVerifier [0x1252ec5+18d75]
	undetected_chromedriver!GetHandleVerifier [0x123c05f+1f0f]
	KERNEL32!BaseThreadInitThunk [0x753e7ba9+19]
	ntdll!RtlInitializeExceptionChain [0x76f9c0cb+6b]
	ntdll!RtlClearBits [0x76f9c04f+bf]

[2026-06-26 07:45:25] [ERROR] Failed processing job card 9: 'NoneType' object is not subscriptable
[2026-06-26 07:45:25] [FATAL] Browser session was closed or lost: Message: invalid session id; For documentation on this error, please visit: https://www.selenium.dev/documentation/webdriver/troubleshooting/errors#invalidsessionidexception
Stacktrace:
	undetected_chromedriver!GetHandleVerifier [0x124a543+103f3]
	undetected_chromedriver!GetHandleVerifier [0x124a584+10434]
	undetected_chromedriver!(No symbol) [0x104a53e]
	undetected_chromedriver!(No symbol) [0x10883e7]
	undetected_chromedriver!(No symbol) [0x10b5f86]
	undetected_chromedriver!(No symbol) [0x10b1192]
	undetected_chromedriver!(No symbol) [0x10b0b71]
	undetected_chromedriver!(No symbol) [0x101db2e]
	undetected_chromedriver!(No symbol) [0x101e0ce]
	undetected_chromedriver!(No symbol) [0x101e5ad]
	undetected_chromedriver!GetHandleVerifier [0x14d4bba+29aa6a]
	undetected_chromedriver!GetHandleVerifier [0x14d0119+295fc9]
	undetected_chromedriver!GetHandleVerifier [0x14f103e+2b6eee]
	undetected_chromedriver!GetHandleVerifier [0x12637f6+296a6]
	undetected_chromedriver!GetHandleVerifier [0x126a91d+307cd]
	undetected_chromedriver!(No symbol) [0x101d6a6]
	undetected_chromedriver!(No symbol) [0x101cd02]
	undetected_chromedriver!GetHandleVerifier [0x163be1f+401ccf]
	KERNEL32!BaseThreadInitThunk [0x753e7ba9+19]
	ntdll!RtlInitializeExceptionChain [0x76f9c0cb+6b]
	ntdll!RtlClearBits [0x76f9c04f+bf]
. Terminating run.
[2026-06-26 07:45:25] [FATAL] Browser session was closed or lost: Message: invalid session id; For documentation on this error, please visit: https://www.selenium.dev/documentation/webdriver/troubleshooting/errors#invalidsessionidexception
Stacktrace:
	undetected_chromedriver!GetHandleVerifier [0x124a543+103f3]
	undetected_chromedriver!GetHandleVerifier [0x124a584+10434]
	undetected_chromedriver!(No symbol) [0x104a53e]
	undetected_chromedriver!(No symbol) [0x10883e7]
	undetected_chromedriver!(No symbol) [0x10b5f86]
	undetected_chromedriver!(No symbol) [0x10b1192]
	undetected_chromedriver!(No symbol) [0x10b0b71]
	undetected_chromedriver!(No symbol) [0x101db2e]
	undetected_chromedriver!(No symbol) [0x101e0ce]
	undetected_chromedriver!(No symbol) [0x101e5ad]
	undetected_chromedriver!GetHandleVerifier [0x14d4bba+29aa6a]
	undetected_chromedriver!GetHandleVerifier [0x14d0119+295fc9]
	undetected_chromedriver!GetHandleVerifier [0x14f103e+2b6eee]
	undetected_chromedriver!GetHandleVerifier [0x12637f6+296a6]
	undetected_chromedriver!GetHandleVerifier [0x126a91d+307cd]
	undetected_chromedriver!(No symbol) [0x101d6a6]
	undetected_chromedriver!(No symbol) [0x101cd02]
	undetected_chromedriver!GetHandleVerifier [0x163be1f+401ccf]
	KERNEL32!BaseThreadInitThunk [0x753e7ba9+19]
	ntdll!RtlInitializeExceptionChain [0x76f9c0cb+6b]
	ntdll!RtlClearBits [0x76f9c04f+bf]
. Terminating run.
[2026-06-26 07:45:25] Run complete. Total applications submitted this run: 0
[2026-06-26 07:45:43] ════════════════════════════════════════
[2026-06-26 07:45:43]   Naukri Auto-Apply Bot — starting run
[2026-06-26 07:45:43]   AI mode (Gemini): disabled (manual prompts)
[2026-06-26 07:45:43]   Non-Interactive: disabled (manual prompts)
[2026-06-26 07:45:43] ════════════════════════════════════════
[2026-06-26 07:45:43] Monkey-patched uc.Chrome.quit to suppress WinError 6 on exit.
[2026-06-26 07:45:43] Starting Chrome setup...
[2026-06-26 07:45:43] Found cached ChromeDriver: C:\Users\Pawan\AppData\Roaming\undetected_chromedriver\undetected_chromedriver.exe
[2026-06-26 07:45:43] Attempting undetected-chromedriver with use_subprocess=False...
[2026-06-26 07:45:45] Chrome driver (stealth, use_subprocess=False) successfully initialized!
[2026-06-26 07:45:45] Navigating to Naukri login page...
[2026-06-26 07:45:48] Submitted login form. Waiting for homepage to load...
[2026-06-26 07:45:52] Login appears successful.
[2026-06-26 07:45:52] Will search 12 term(s): ['Java Full Stack Developer', 'Senior Java Full Stack Developer', 'Java Developer', 'Senior Java Developer', 'Spring Boot Developer', 'Java Microservices Developer', 'Backend Developer', 'Java Backend Developer', 'Software Engineer', 'Senior Software Engineer', 'Full Stack Developer', 'Java Angular Developer']
[2026-06-26 07:45:52] ═══ Searching: 'Java Full Stack Developer' ═══
[2026-06-26 07:45:52] Navigating to job search results for 'Java Full Stack Developer': https://www.naukri.com/java-full-stack-developer-jobs?k=Java+Full+Stack+Developer&experience=4&wfhType=2
[2026-06-26 07:45:54] Job listings loaded.
[2026-06-26 07:46:02] [WARN] Could not find the 'Easy Apply' sidebar checkbox — selector may be stale, verify EASY_APPLY_CHECKBOX_SEL against the live page.
[2026-06-26 07:46:02] Found 20 job card(s) for 'Java Full Stack Developer'.
[2026-06-26 07:46:02] --- Processing job 1/20 (term: 'Java Full Stack Developer') ---
[2026-06-26 07:46:02] Opening job: Java Full Stack Developer @ Vrinda International Noida
[2026-06-26 07:46:25] [WARN] Apply button not found/clickable (selector may be stale, or job uses external apply).
[2026-06-26 07:46:25] [ERROR] Failed processing job card 1: 'NoneType' object is not subscriptable
[2026-06-26 07:46:25] --- Processing job 2/20 (term: 'Java Full Stack Developer') ---
[2026-06-26 07:46:25] Opening job: Full Stack Developer (Java & Angular) @ Utimaco
[2026-06-26 07:46:43] [WARN] Apply button not found/clickable (selector may be stale, or job uses external apply).
[2026-06-26 07:46:43] [ERROR] Failed processing job card 2: 'NoneType' object is not subscriptable
[2026-06-26 07:46:43] --- Processing job 3/20 (term: 'Java Full Stack Developer') ---
[2026-06-26 07:46:43] Opening job: Middle Full-Stack Engineer | Solvy @ Boosta
[2026-06-26 07:47:01] [WARN] Apply button not found/clickable (selector may be stale, or job uses external apply).
[2026-06-26 07:47:01] [ERROR] Failed processing job card 3: 'NoneType' object is not subscriptable
[2026-06-26 07:47:01] --- Processing job 4/20 (term: 'Java Full Stack Developer') ---
[2026-06-26 07:47:01] Opening job: Full-Stack Software Engineer @ Divyan Technologies Lucknow
[2026-06-26 07:47:19] [WARN] Apply button not found/clickable (selector may be stale, or job uses external apply).
[2026-06-26 07:47:19] [ERROR] Failed processing job card 4: 'NoneType' object is not subscriptable
[2026-06-26 07:47:19] --- Processing job 5/20 (term: 'Java Full Stack Developer') ---
[2026-06-26 07:47:19] Opening job: Shopify Developer @ Edata4you
[2026-06-26 07:47:37] [WARN] Apply button not found/clickable (selector may be stale, or job uses external apply).
[2026-06-26 07:47:37] [ERROR] Failed processing job card 5: 'NoneType' object is not subscriptable
[2026-06-26 07:47:37] --- Processing job 6/20 (term: 'Java Full Stack Developer') ---
[2026-06-26 07:47:37] Opening job: Web Developer @ Techbinge India
[2026-06-26 07:47:55] [WARN] Apply button not found/clickable (selector may be stale, or job uses external apply).
[2026-06-26 07:47:55] [ERROR] Failed processing job card 6: 'NoneType' object is not subscriptable
[2026-06-26 07:47:55] --- Processing job 7/20 (term: 'Java Full Stack Developer') ---
[2026-06-26 07:47:55] Opening job: AI Backend Developer @ Nitsan Technologies
[2026-06-26 07:48:13] [WARN] Apply button not found/clickable (selector may be stale, or job uses external apply).
[2026-06-26 07:48:13] [ERROR] Failed processing job card 7: 'NoneType' object is not subscriptable
[2026-06-26 07:48:13] --- Processing job 8/20 (term: 'Java Full Stack Developer') ---
[2026-06-26 07:48:13] Opening job: Senior Platform Engineer @ Ideagen
[2026-06-26 07:48:31] [WARN] Apply button not found/clickable (selector may be stale, or job uses external apply).
[2026-06-26 07:48:31] [ERROR] Failed processing job card 8: 'NoneType' object is not subscriptable
[2026-06-26 07:48:31] --- Processing job 9/20 (term: 'Java Full Stack Developer') ---
[2026-06-26 07:48:31] Opening job: Full Stack Developer @ Fusiontecz
[2026-06-26 07:48:49] [WARN] Apply button not found/clickable (selector may be stale, or job uses external apply).
[2026-06-26 07:48:49] [ERROR] Failed processing job card 9: 'NoneType' object is not subscriptable
[2026-06-26 07:48:49] --- Processing job 10/20 (term: 'Java Full Stack Developer') ---
[2026-06-26 07:48:49] Opening job: Senior Software Engineer @ Zuddl
[2026-06-26 07:49:07] [WARN] Apply button not found/clickable (selector may be stale, or job uses external apply).
[2026-06-26 07:49:07] [ERROR] Failed processing job card 10: 'NoneType' object is not subscriptable
[2026-06-26 07:49:07] --- Processing job 11/20 (term: 'Java Full Stack Developer') ---
[2026-06-26 07:49:07] Opening job: Full Stack Developer @ Abhastra Technology
[2026-06-26 07:49:25] [WARN] Apply button not found/clickable (selector may be stale, or job uses external apply).
[2026-06-26 07:49:25] [ERROR] Failed processing job card 11: 'NoneType' object is not subscriptable
[2026-06-26 07:49:25] --- Processing job 12/20 (term: 'Java Full Stack Developer') ---
[2026-06-26 07:49:25] Opening job: Java Developer @ Ovitech Solutions
[2026-06-26 07:49:43] [WARN] Apply button not found/clickable (selector may be stale, or job uses external apply).
[2026-06-26 07:49:43] [ERROR] Failed processing job card 12: 'NoneType' object is not subscriptable
[2026-06-26 07:49:43] --- Processing job 13/20 (term: 'Java Full Stack Developer') ---
[2026-06-26 07:49:43] Opening job: Java Developer @ Crayontek
[2026-06-26 07:50:01] [WARN] Apply button not found/clickable (selector may be stale, or job uses external apply).
[2026-06-26 07:50:01] [ERROR] Failed processing job card 13: 'NoneType' object is not subscriptable
[2026-06-26 07:50:01] --- Processing job 14/20 (term: 'Java Full Stack Developer') ---
[2026-06-26 07:50:01] Opening job: Java Developer(associate and senior Associate ) @ Insignia Consultancy Solutions
[2026-06-26 07:50:19] [WARN] Apply button not found/clickable (selector may be stale, or job uses external apply).
[2026-06-26 07:50:19] [ERROR] Failed processing job card 14: 'NoneType' object is not subscriptable
[2026-06-26 07:50:19] --- Processing job 15/20 (term: 'Java Full Stack Developer') ---
[2026-06-26 07:50:19] Opening job: Developer @ Ayatacommerce
[2026-06-26 07:50:37] [WARN] Apply button not found/clickable (selector may be stale, or job uses external apply).
[2026-06-26 07:50:37] [ERROR] Failed processing job card 15: 'NoneType' object is not subscriptable
[2026-06-26 07:50:37] --- Processing job 16/20 (term: 'Java Full Stack Developer') ---
[2026-06-26 07:50:37] Opening job: App Developer @ Techbinge India
[2026-06-26 07:50:55] [WARN] Apply button not found/clickable (selector may be stale, or job uses external apply).
[2026-06-26 07:50:55] [ERROR] Failed processing job card 16: 'NoneType' object is not subscriptable
[2026-06-26 07:50:55] --- Processing job 17/20 (term: 'Java Full Stack Developer') ---
[2026-06-26 07:50:55] Opening job: Senior AEM Developer @ Bhasaka Technologies
[2026-06-26 07:51:13] [WARN] Apply button not found/clickable (selector may be stale, or job uses external apply).
[2026-06-26 07:51:13] [ERROR] Failed processing job card 17: 'NoneType' object is not subscriptable
[2026-06-26 07:51:13] --- Processing job 18/20 (term: 'Java Full Stack Developer') ---
[2026-06-26 07:51:13] Opening job: Senior E Commerce Developer @ Kontoor Brands, Inc.
[2026-06-26 07:51:31] [WARN] Apply button not found/clickable (selector may be stale, or job uses external apply).
[2026-06-26 07:51:31] [ERROR] Failed processing job card 18: 'NoneType' object is not subscriptable
[2026-06-26 07:51:31] --- Processing job 19/20 (term: 'Java Full Stack Developer') ---
[2026-06-26 07:51:31] Opening job: Software Engineer, Full Stack @ Mostudio
[2026-06-26 07:51:49] [WARN] Apply button not found/clickable (selector may be stale, or job uses external apply).
[2026-06-26 07:51:49] [ERROR] Failed processing job card 19: 'NoneType' object is not subscriptable
[2026-06-26 07:51:49] --- Processing job 20/20 (term: 'Java Full Stack Developer') ---
[2026-06-26 07:51:49] Opening job: Senior Software Engineer, Full Stack @ Mostudio
[2026-06-26 07:52:07] [WARN] Apply button not found/clickable (selector may be stale, or job uses external apply).
[2026-06-26 07:52:07] [ERROR] Failed processing job card 20: 'NoneType' object is not subscriptable
[2026-06-26 07:52:07] ═══ Searching: 'Senior Java Full Stack Developer' ═══
[2026-06-26 07:52:07] Navigating to job search results for 'Senior Java Full Stack Developer': https://www.naukri.com/senior-java-full-stack-developer-jobs?k=Senior+Java+Full+Stack+Developer&experience=4&wfhType=2
[2026-06-26 07:52:10] Job listings loaded.
[2026-06-26 07:52:18] [WARN] Could not find the 'Easy Apply' sidebar checkbox — selector may be stale, verify EASY_APPLY_CHECKBOX_SEL against the live page.
[2026-06-26 07:52:18] Found 20 job card(s) for 'Senior Java Full Stack Developer'.
[2026-06-26 07:52:18] --- Processing job 1/20 (term: 'Senior Java Full Stack Developer') ---
[2026-06-26 07:52:18] Opening job: Senior Platform Engineer @ Ideagen
[2026-06-26 07:52:36] [WARN] Apply button not found/clickable (selector may be stale, or job uses external apply).
[2026-06-26 07:52:36] [ERROR] Failed processing job card 1: 'NoneType' object is not subscriptable
[2026-06-26 07:52:36] --- Processing job 2/20 (term: 'Senior Java Full Stack Developer') ---
[2026-06-26 07:52:36] Opening job: Senior Software Engineer @ Zuddl
[2026-06-26 07:52:54] [WARN] Apply button not found/clickable (selector may be stale, or job uses external apply).
[2026-06-26 07:52:54] [ERROR] Failed processing job card 2: 'NoneType' object is not subscriptable
[2026-06-26 07:52:54] --- Processing job 3/20 (term: 'Senior Java Full Stack Developer') ---
[2026-06-26 07:52:54] Opening job: Senior Software Engineer, Full Stack @ Mostudio
[2026-06-26 07:53:12] [WARN] Apply button not found/clickable (selector may be stale, or job uses external apply).
[2026-06-26 07:53:12] [ERROR] Failed processing job card 3: 'NoneType' object is not subscriptable
[2026-06-26 07:53:12] --- Processing job 4/20 (term: 'Senior Java Full Stack Developer') ---
[2026-06-26 07:53:12] Opening job: Full Stack Developer @ E Tech Software
[2026-06-26 07:53:30] [WARN] Apply button not found/clickable (selector may be stale, or job uses external apply).
[2026-06-26 07:53:30] [ERROR] Failed processing job card 4: 'NoneType' object is not subscriptable
[2026-06-26 07:53:30] --- Processing job 5/20 (term: 'Senior Java Full Stack Developer') ---
[2026-06-26 07:53:30] Opening job: Senior Java Developer @ Harris Global Business Services
[2026-06-26 07:53:52] [WARN] Apply button not found/clickable (selector may be stale, or job uses external apply).
[2026-06-26 07:53:52] [ERROR] Failed processing job card 5: 'NoneType' object is not subscriptable
[2026-06-26 07:53:52] --- Processing job 6/20 (term: 'Senior Java Full Stack Developer') ---
[2026-06-26 07:53:53] Opening job: Senior Java Developer @ Harris Healthcare
[2026-06-26 07:54:10] [WARN] Apply button not found/clickable (selector may be stale, or job uses external apply).
[2026-06-26 07:54:11] [ERROR] Failed processing job card 6: 'NoneType' object is not subscriptable
[2026-06-26 07:54:11] --- Processing job 7/20 (term: 'Senior Java Full Stack Developer') ---
[2026-06-26 07:54:11] Opening job: BPI Developer Sr Developer @ Sparix Global
[2026-06-26 07:54:28] [WARN] Apply button not found/clickable (selector may be stale, or job uses external apply).
[2026-06-26 07:54:29] [ERROR] Failed processing job card 7: 'NoneType' object is not subscriptable
[2026-06-26 07:54:29] --- Processing job 8/20 (term: 'Senior Java Full Stack Developer') ---
[2026-06-26 07:54:29] Opening job: BPI Developer / Senior Developer @ Sparix Global
[2026-06-26 07:54:46] [WARN] Apply button not found/clickable (selector may be stale, or job uses external apply).
[2026-06-26 07:54:47] [ERROR] Failed processing job card 8: 'NoneType' object is not subscriptable
[2026-06-26 07:54:47] --- Processing job 9/20 (term: 'Senior Java Full Stack Developer') ---
[2026-06-26 07:54:47] Opening job: Full Stack Developer - Grant Management Platform - Pan india @ Social Alpha
[2026-06-26 07:55:04] [WARN] Apply button not found/clickable (selector may be stale, or job uses external apply).
[2026-06-26 07:55:05] [ERROR] Failed processing job card 9: 'NoneType' object is not subscriptable
[2026-06-26 07:55:05] --- Processing job 10/20 (term: 'Senior Java Full Stack Developer') ---
[2026-06-26 07:55:05] Opening job: SENIOR SOFTWARE ENGINEER WITH DATA BACKGROUND @ Svitla Systems
[2026-06-26 07:55:22] [WARN] Apply button not found/clickable (selector may be stale, or job uses external apply).
[2026-06-26 07:55:23] [ERROR] Failed processing job card 10: 'NoneType' object is not subscriptable
[2026-06-26 07:55:23] --- Processing job 11/20 (term: 'Senior Java Full Stack Developer') ---
[2026-06-26 07:55:23] Opening job: Senior Full Stack Java Software Engineer @ Global Business Ser 4u
[2026-06-26 07:55:40] [WARN] Apply button not found/clickable (selector may be stale, or job uses external apply).
[2026-06-26 07:55:41] [ERROR] Failed processing job card 11: 'NoneType' object is not subscriptable
[2026-06-26 07:55:41] --- Processing job 12/20 (term: 'Senior Java Full Stack Developer') ---
[2026-06-26 07:55:41] Opening job: Java Developer(associate and senior Associate ) @ Insignia Consultancy Solutions
[2026-06-26 07:56:02] [WARN] Apply button not found/clickable (selector may be stale, or job uses external apply).
[2026-06-26 07:56:02] [ERROR] Failed processing job card 12: 'NoneType' object is not subscriptable
[2026-06-26 07:56:02] --- Processing job 13/20 (term: 'Senior Java Full Stack Developer') ---
[2026-06-26 07:56:02] Opening job: Senior AEM Developer @ Bhasaka Technologies
[2026-06-26 07:56:20] [WARN] Apply button not found/clickable (selector may be stale, or job uses external apply).
[2026-06-26 07:56:20] [ERROR] Failed processing job card 13: 'NoneType' object is not subscriptable
[2026-06-26 07:56:20] --- Processing job 14/20 (term: 'Senior Java Full Stack Developer') ---
[2026-06-26 07:56:20] Opening job: Senior E Commerce Developer @ Kontoor Brands, Inc.
[2026-06-26 07:56:38] [WARN] Apply button not found/clickable (selector may be stale, or job uses external apply).
[2026-06-26 07:56:38] [ERROR] Failed processing job card 14: 'NoneType' object is not subscriptable
[2026-06-26 07:56:38] --- Processing job 15/20 (term: 'Senior Java Full Stack Developer') ---
[2026-06-26 07:56:38] Opening job: Senior Software Engineer @ Edifecs Technologies
[2026-06-26 07:56:56] [WARN] Apply button not found/clickable (selector may be stale, or job uses external apply).
[2026-06-26 07:56:56] [ERROR] Failed processing job card 15: 'NoneType' object is not subscriptable
[2026-06-26 07:56:56] --- Processing job 16/20 (term: 'Senior Java Full Stack Developer') ---
[2026-06-26 07:56:56] Opening job: Senior Java Developer @ Innovya Technologies
[2026-06-26 07:57:16] [WARN] Apply button not found/clickable (selector may be stale, or job uses external apply).
[2026-06-26 07:57:16] [ERROR] Failed processing job card 16: 'NoneType' object is not subscriptable
[2026-06-26 07:57:16] --- Processing job 17/20 (term: 'Senior Java Full Stack Developer') ---
[2026-06-26 07:57:16] Opening job: Senior Java Developer @ Virtualware Innovations
[2026-06-26 07:57:34] [WARN] Apply button not found/clickable (selector may be stale, or job uses external apply).
[2026-06-26 07:57:34] [ERROR] Failed processing job card 17: 'NoneType' object is not subscriptable
[2026-06-26 07:57:34] --- Processing job 18/20 (term: 'Senior Java Full Stack Developer') ---
[2026-06-26 07:57:34] Opening job: Sr. Full Stack Developer @ Ncube Infosolutions
[2026-06-26 07:57:52] [WARN] Apply button not found/clickable (selector may be stale, or job uses external apply).
[2026-06-26 07:57:52] [ERROR] Failed processing job card 18: 'NoneType' object is not subscriptable
[2026-06-26 07:57:52] --- Processing job 19/20 (term: 'Senior Java Full Stack Developer') ---
[2026-06-26 07:57:52] Opening job: Sr Software Engineer-Java @ PointAbout Inc.
[2026-06-26 07:58:10] [WARN] Apply button not found/clickable (selector may be stale, or job uses external apply).
[2026-06-26 07:58:10] [ERROR] Failed processing job card 19: 'NoneType' object is not subscriptable
[2026-06-26 07:58:10] --- Processing job 20/20 (term: 'Senior Java Full Stack Developer') ---
[2026-06-26 07:58:10] Opening job: Senior UI Engineer @ Quickbase
[2026-06-26 07:58:28] [WARN] Apply button not found/clickable (selector may be stale, or job uses external apply).
[2026-06-26 07:58:28] [ERROR] Failed processing job card 20: 'NoneType' object is not subscriptable
[2026-06-26 07:58:28] ═══ Searching: 'Java Developer' ═══
[2026-06-26 07:58:28] Navigating to job search results for 'Java Developer': https://www.naukri.com/java-developer-jobs?k=Java+Developer&experience=4&wfhType=2
[2026-06-26 07:58:32] Job listings loaded.
[2026-06-26 07:58:40] [WARN] Could not find the 'Easy Apply' sidebar checkbox — selector may be stale, verify EASY_APPLY_CHECKBOX_SEL against the live page.
[2026-06-26 07:58:40] Found 20 job card(s) for 'Java Developer'.
[2026-06-26 07:58:40] --- Processing job 1/20 (term: 'Java Developer') ---
[2026-06-26 07:58:40] Opening job: Java Developer @ MNJ Software
[2026-06-26 07:58:58] [WARN] Apply button not found/clickable (selector may be stale, or job uses external apply).
[2026-06-26 07:58:58] [ERROR] Failed processing job card 1: 'NoneType' object is not subscriptable
[2026-06-26 07:58:58] --- Processing job 2/20 (term: 'Java Developer') ---
[2026-06-26 07:58:58] Opening job: Java Developer @ Ovitech Solutions
[2026-06-26 07:59:16] [WARN] Apply button not found/clickable (selector may be stale, or job uses external apply).
[2026-06-26 07:59:16] [ERROR] Failed processing job card 2: 'NoneType' object is not subscriptable
[2026-06-26 07:59:16] --- Processing job 3/20 (term: 'Java Developer') ---
[2026-06-26 07:59:17] Opening job: Java Developer @ Crayontek
[2026-06-26 07:59:35] [WARN] Apply button not found/clickable (selector may be stale, or job uses external apply).
[2026-06-26 07:59:35] [ERROR] Failed processing job card 3: 'NoneType' object is not subscriptable
[2026-06-26 07:59:35] --- Processing job 4/20 (term: 'Java Developer') ---
[2026-06-26 07:59:35] Opening job: Java Developer @ Weitglobal
[2026-06-26 07:59:53] [WARN] Apply button not found/clickable (selector may be stale, or job uses external apply).
[2026-06-26 07:59:53] [ERROR] Failed processing job card 4: 'NoneType' object is not subscriptable
[2026-06-26 07:59:53] --- Processing job 5/20 (term: 'Java Developer') ---
[2026-06-26 07:59:53] Opening job: Java Developer @ Recruitly
[2026-06-26 08:00:11] [WARN] Apply button not found/clickable (selector may be stale, or job uses external apply).
[2026-06-26 08:00:11] [ERROR] Failed processing job card 5: 'NoneType' object is not subscriptable
[2026-06-26 08:00:11] --- Processing job 6/20 (term: 'Java Developer') ---
[2026-06-26 08:00:11] Opening job: Java Developer @ Yellow Sapphire
[2026-06-26 08:00:29] [WARN] Apply button not found/clickable (selector may be stale, or job uses external apply).
[2026-06-26 08:00:29] [ERROR] Failed processing job card 6: 'NoneType' object is not subscriptable
[2026-06-26 08:00:29] --- Processing job 7/20 (term: 'Java Developer') ---
[2026-06-26 08:00:29] Opening job: Java Developer with AI Focus @ Verdantis
[2026-06-26 08:00:47] [WARN] Apply button not found/clickable (selector may be stale, or job uses external apply).
[2026-06-26 08:00:47] [ERROR] Failed processing job card 7: 'NoneType' object is not subscriptable
[2026-06-26 08:00:47] --- Processing job 8/20 (term: 'Java Developer') ---
[2026-06-26 08:00:47] Opening job: Java Developers @ JK Lucent
[2026-06-26 08:01:05] [WARN] Apply button not found/clickable (selector may be stale, or job uses external apply).
[2026-06-26 08:01:05] [ERROR] Failed processing job card 8: 'NoneType' object is not subscriptable
[2026-06-26 08:01:05] --- Processing job 9/20 (term: 'Java Developer') ---
[2026-06-26 08:01:06] Opening job: Mid Experience Java Developer @ Crayontek
[2026-06-26 08:01:23] [WARN] Apply button not found/clickable (selector may be stale, or job uses external apply).
[2026-06-26 08:01:23] [ERROR] Failed processing job card 9: 'NoneType' object is not subscriptable
[2026-06-26 08:01:23] --- Processing job 10/20 (term: 'Java Developer') ---
[2026-06-26 08:01:24] Opening job: Java Developer @ Irisidea
[2026-06-26 08:01:42] [WARN] Apply button not found/clickable (selector may be stale, or job uses external apply).
[2026-06-26 08:01:42] [ERROR] Failed processing job card 10: 'NoneType' object is not subscriptable
[2026-06-26 08:01:42] --- Processing job 11/20 (term: 'Java Developer') ---
[2026-06-26 08:01:42] Opening job: JAVA Developer @ Citta Solutions
[2026-06-26 08:02:00] [WARN] Apply button not found/clickable (selector may be stale, or job uses external apply).
[2026-06-26 08:02:00] [ERROR] Failed processing job card 11: 'NoneType' object is not subscriptable
[2026-06-26 08:02:00] --- Processing job 12/20 (term: 'Java Developer') ---
[2026-06-26 08:02:00] Opening job: Java Developer @ Iris Info
[2026-06-26 08:02:18] [WARN] Apply button not found/clickable (selector may be stale, or job uses external apply).
[2026-06-26 08:02:18] [ERROR] Failed processing job card 12: 'NoneType' object is not subscriptable
[2026-06-26 08:02:18] --- Processing job 13/20 (term: 'Java Developer') ---
[2026-06-26 08:02:18] Opening job: Java Developer @ NTK Creative Tech
[2026-06-26 08:02:36] [WARN] Apply button not found/clickable (selector may be stale, or job uses external apply).
[2026-06-26 08:02:37] [ERROR] Failed processing job card 13: 'NoneType' object is not subscriptable
[2026-06-26 08:02:37] --- Processing job 14/20 (term: 'Java Developer') ---
[2026-06-26 08:02:37] Opening job: Java Developer @ Gokool Software Labs
[2026-06-26 08:02:54] [WARN] Apply button not found/clickable (selector may be stale, or job uses external apply).
[2026-06-26 08:02:54] [ERROR] Failed processing job card 14: 'NoneType' object is not subscriptable
[2026-06-26 08:02:54] --- Processing job 15/20 (term: 'Java Developer') ---
[2026-06-26 08:02:55] Opening job: Java + Selenium Developer, Pan India @ Virtualware Innovations
[2026-06-26 08:03:13] [WARN] Apply button not found/clickable (selector may be stale, or job uses external apply).
[2026-06-26 08:03:13] [ERROR] Failed processing job card 15: 'NoneType' object is not subscriptable
[2026-06-26 08:03:13] --- Processing job 16/20 (term: 'Java Developer') ---
[2026-06-26 08:03:13] Opening job: Java Spark Developer @ Overture Rede
[2026-06-26 08:03:31] [WARN] Apply button not found/clickable (selector may be stale, or job uses external apply).
[2026-06-26 08:03:31] [ERROR] Failed processing job card 16: 'NoneType' object is not subscriptable
[2026-06-26 08:03:31] --- Processing job 17/20 (term: 'Java Developer') ---
[2026-06-26 08:03:31] Opening job: Java Mirco Services Developer @ Insignia Consultancy Solutions
[2026-06-26 08:03:49] [WARN] Apply button not found/clickable (selector may be stale, or job uses external apply).
[2026-06-26 08:03:49] [ERROR] Failed processing job card 17: 'NoneType' object is not subscriptable
[2026-06-26 08:03:49] --- Processing job 18/20 (term: 'Java Developer') ---
[2026-06-26 08:03:49] Opening job: Java Developer(associate and senior Associate ) @ Insignia Consultancy Solutions
[2026-06-26 08:04:07] [WARN] Apply button not found/clickable (selector may be stale, or job uses external apply).
[2026-06-26 08:04:07] [ERROR] Failed processing job card 18: 'NoneType' object is not subscriptable
[2026-06-26 08:04:07] --- Processing job 19/20 (term: 'Java Developer') ---
[2026-06-26 08:04:07] Opening job: Java Devloper @ Codersbrain India
[2026-06-26 08:04:25] [WARN] Apply button not found/clickable (selector may be stale, or job uses external apply).
[2026-06-26 08:04:25] [ERROR] Failed processing job card 19: 'NoneType' object is not subscriptable
[2026-06-26 08:04:25] --- Processing job 20/20 (term: 'Java Developer') ---
[2026-06-26 08:04:25] Opening job: Developer @ Ayatacommerce
[2026-06-26 08:04:43] [WARN] Apply button not found/clickable (selector may be stale, or job uses external apply).
[2026-06-26 08:04:43] [ERROR] Failed processing job card 20: 'NoneType' object is not subscriptable
[2026-06-26 08:04:43] ═══ Searching: 'Senior Java Developer' ═══
[2026-06-26 08:04:43] Navigating to job search results for 'Senior Java Developer': https://www.naukri.com/senior-java-developer-jobs?k=Senior+Java+Developer&experience=4&wfhType=2
[2026-06-26 08:04:47] Job listings loaded.
[2026-06-26 08:04:55] [WARN] Could not find the 'Easy Apply' sidebar checkbox — selector may be stale, verify EASY_APPLY_CHECKBOX_SEL against the live page.
[2026-06-26 08:04:55] Found 20 job card(s) for 'Senior Java Developer'.
[2026-06-26 08:04:55] --- Processing job 1/20 (term: 'Senior Java Developer') ---
[2026-06-26 08:04:55] Opening job: Sr. Java Developer @ MNJ Software
[2026-06-26 08:05:13] [WARN] Apply button not found/clickable (selector may be stale, or job uses external apply).
[2026-06-26 08:05:13] [ERROR] Failed processing job card 1: 'NoneType' object is not subscriptable
[2026-06-26 08:05:13] --- Processing job 2/20 (term: 'Senior Java Developer') ---
[2026-06-26 08:05:13] Opening job: Java Developer(associate and senior Associate ) @ Insignia Consultancy Solutions
[2026-06-26 08:05:31] [WARN] Apply button not found/clickable (selector may be stale, or job uses external apply).
[2026-06-26 08:05:31] [ERROR] Failed processing job card 2: 'NoneType' object is not subscriptable
[2026-06-26 08:05:31] --- Processing job 3/20 (term: 'Senior Java Developer') ---
[2026-06-26 08:05:31] Opening job: Senior Java Developer @ Harris Global Business Services
[2026-06-26 08:05:49] [WARN] Apply button not found/clickable (selector may be stale, or job uses external apply).
[2026-06-26 08:05:49] [ERROR] Failed processing job card 3: 'NoneType' object is not subscriptable
[2026-06-26 08:05:49] --- Processing job 4/20 (term: 'Senior Java Developer') ---
[2026-06-26 08:05:49] Opening job: Senior Java Developer @ Harris Healthcare
[2026-06-26 08:06:07] [WARN] Apply button not found/clickable (selector may be stale, or job uses external apply).
[2026-06-26 08:06:07] [ERROR] Failed processing job card 4: 'NoneType' object is not subscriptable
[2026-06-26 08:06:07] --- Processing job 5/20 (term: 'Senior Java Developer') ---
[2026-06-26 08:06:07] Opening job: Senior Java Developer @ Innovya Technologies
[2026-06-26 08:06:25] [WARN] Apply button not found/clickable (selector may be stale, or job uses external apply).
[2026-06-26 08:06:25] [ERROR] Failed processing job card 5: 'NoneType' object is not subscriptable
[2026-06-26 08:06:25] --- Processing job 6/20 (term: 'Senior Java Developer') ---
[2026-06-26 08:06:25] Opening job: Senior Java Developer @ Virtualware Innovations
[2026-06-26 08:06:43] [WARN] Apply button not found/clickable (selector may be stale, or job uses external apply).
[2026-06-26 08:06:43] [ERROR] Failed processing job card 6: 'NoneType' object is not subscriptable
[2026-06-26 08:06:43] --- Processing job 7/20 (term: 'Senior Java Developer') ---
[2026-06-26 08:06:43] Opening job: Senior Java Developer @ Virtualware Innovations
[2026-06-26 08:07:01] [WARN] Apply button not found/clickable (selector may be stale, or job uses external apply).
[2026-06-26 08:07:01] [ERROR] Failed processing job card 7: 'NoneType' object is not subscriptable
[2026-06-26 08:07:01] --- Processing job 8/20 (term: 'Senior Java Developer') ---
[2026-06-26 08:07:01] Opening job: Senior Software Engineer @ Zuddl
[2026-06-26 08:07:19] [WARN] Apply button not found/clickable (selector may be stale, or job uses external apply).
[2026-06-26 08:07:19] [ERROR] Failed processing job card 8: 'NoneType' object is not subscriptable
[2026-06-26 08:07:19] --- Processing job 9/20 (term: 'Senior Java Developer') ---
[2026-06-26 08:07:19] Opening job: Senior Software Engineer @ Edifecs Technologies
[2026-06-26 08:07:37] [WARN] Apply button not found/clickable (selector may be stale, or job uses external apply).
[2026-06-26 08:07:37] [ERROR] Failed processing job card 9: 'NoneType' object is not subscriptable
[2026-06-26 08:07:37] --- Processing job 10/20 (term: 'Senior Java Developer') ---
[2026-06-26 08:07:37] Opening job: Software Engineer @ Versante Software Technologies
[2026-06-26 08:07:55] [WARN] Apply button not found/clickable (selector may be stale, or job uses external apply).
[2026-06-26 08:07:55] [ERROR] Failed processing job card 10: 'NoneType' object is not subscriptable
[2026-06-26 08:07:55] --- Processing job 11/20 (term: 'Senior Java Developer') ---
[2026-06-26 08:07:55] Opening job: Senior Engineer, PHP Drupal @ Nagarro
[2026-06-26 08:08:13] [WARN] Apply button not found/clickable (selector may be stale, or job uses external apply).
[2026-06-26 08:08:13] [ERROR] Failed processing job card 11: 'NoneType' object is not subscriptable
[2026-06-26 08:08:13] --- Processing job 12/20 (term: 'Senior Java Developer') ---
[2026-06-26 08:08:13] Opening job: Senior Software Developer @ Sahajseva Digital Consultancy
[2026-06-26 08:08:31] [WARN] Apply button not found/clickable (selector may be stale, or job uses external apply).
[2026-06-26 08:08:31] [ERROR] Failed processing job card 12: 'NoneType' object is not subscriptable
[2026-06-26 08:08:31] --- Processing job 13/20 (term: 'Senior Java Developer') ---
[2026-06-26 08:08:31] Opening job: Senior Software Developer Applications @ Learntastic
[2026-06-26 08:08:49] [WARN] Apply button not found/clickable (selector may be stale, or job uses external apply).
[2026-06-26 08:08:49] [ERROR] Failed processing job card 13: 'NoneType' object is not subscriptable
[2026-06-26 08:08:49] --- Processing job 14/20 (term: 'Senior Java Developer') ---
[2026-06-26 08:08:49] Opening job: Senior Software Developer Applications @ Learntastic
[2026-06-26 08:09:07] [WARN] Apply button not found/clickable (selector may be stale, or job uses external apply).
[2026-06-26 08:09:07] [ERROR] Failed processing job card 14: 'NoneType' object is not subscriptable
[2026-06-26 08:09:07] --- Processing job 15/20 (term: 'Senior Java Developer') ---
[2026-06-26 08:09:07] Opening job: Senior Software Engineer, Full Stack @ Mostudio
[2026-06-26 08:09:25] [WARN] Apply button not found/clickable (selector may be stale, or job uses external apply).
[2026-06-26 08:09:25] [ERROR] Failed processing job card 15: 'NoneType' object is not subscriptable
[2026-06-26 08:09:25] --- Processing job 16/20 (term: 'Senior Java Developer') ---
[2026-06-26 08:09:25] Opening job: Full Stack Developer @ E Tech Software
[2026-06-26 08:09:43] [WARN] Apply button not found/clickable (selector may be stale, or job uses external apply).
[2026-06-26 08:09:43] [ERROR] Failed processing job card 16: 'NoneType' object is not subscriptable
[2026-06-26 08:09:43] --- Processing job 17/20 (term: 'Senior Java Developer') ---
[2026-06-26 08:09:43] Opening job: Senior Staff Engineer, Big Data @ Nagarro
[2026-06-26 08:10:01] [WARN] Apply button not found/clickable (selector may be stale, or job uses external apply).
[2026-06-26 08:10:01] [ERROR] Failed processing job card 17: 'NoneType' object is not subscriptable
[2026-06-26 08:10:01] --- Processing job 18/20 (term: 'Senior Java Developer') ---
[2026-06-26 08:10:01] Opening job: Senior Staff Engineer, DevOps @ Nagarro
[2026-06-26 08:10:19] [WARN] Apply button not found/clickable (selector may be stale, or job uses external apply).
[2026-06-26 08:10:19] [ERROR] Failed processing job card 18: 'NoneType' object is not subscriptable
[2026-06-26 08:10:19] --- Processing job 19/20 (term: 'Senior Java Developer') ---
[2026-06-26 08:10:19] Opening job: React Native, Senior Developer, Mendix @ Qloron Technology
[2026-06-26 08:10:37] [WARN] Apply button not found/clickable (selector may be stale, or job uses external apply).
[2026-06-26 08:10:37] [ERROR] Failed processing job card 19: 'NoneType' object is not subscriptable
[2026-06-26 08:10:37] --- Processing job 20/20 (term: 'Senior Java Developer') ---
[2026-06-26 08:10:37] Opening job: BPI Developer Sr Developer @ Sparix Global
[2026-06-26 08:10:55] [WARN] Apply button not found/clickable (selector may be stale, or job uses external apply).
[2026-06-26 08:10:55] [ERROR] Failed processing job card 20: 'NoneType' object is not subscriptable
[2026-06-26 08:10:55] ═══ Searching: 'Spring Boot Developer' ═══
[2026-06-26 08:10:55] Navigating to job search results for 'Spring Boot Developer': https://www.naukri.com/spring-boot-developer-jobs?k=Spring+Boot+Developer&experience=4&wfhType=2
[2026-06-26 08:10:58] Job listings loaded.
[2026-06-26 08:11:06] [WARN] Could not find the 'Easy Apply' sidebar checkbox — selector may be stale, verify EASY_APPLY_CHECKBOX_SEL against the live page.
[2026-06-26 08:11:06] Found 20 job card(s) for 'Spring Boot Developer'.
[2026-06-26 08:11:06] --- Processing job 1/20 (term: 'Spring Boot Developer') ---
[2026-06-26 08:11:06] Opening job: Full-Stack Software Engineer @ Divyan Technologies Lucknow
[2026-06-26 08:11:24] [WARN] Apply button not found/clickable (selector may be stale, or job uses external apply).
[2026-06-26 08:11:24] [ERROR] Failed processing job card 1: 'NoneType' object is not subscriptable
[2026-06-26 08:11:24] --- Processing job 2/20 (term: 'Spring Boot Developer') ---
[2026-06-26 08:11:24] Opening job: Backend Developer (MERN | PostgreSQL) @ Stacklab
[2026-06-26 08:11:42] [WARN] Apply button not found/clickable (selector may be stale, or job uses external apply).
[2026-06-26 08:11:42] [ERROR] Failed processing job card 2: 'NoneType' object is not subscriptable
[2026-06-26 08:11:42] --- Processing job 3/20 (term: 'Spring Boot Developer') ---
[2026-06-26 08:11:42] Opening job: Backend Developer @ Indium Corporation
[2026-06-26 08:12:00] [WARN] Apply button not found/clickable (selector may be stale, or job uses external apply).
[2026-06-26 08:12:00] [ERROR] Failed processing job card 3: 'NoneType' object is not subscriptable
[2026-06-26 08:12:00] --- Processing job 4/20 (term: 'Spring Boot Developer') ---
[2026-06-26 08:12:00] Opening job: Associate Staff Engineer, Frontend AngularJS @ Nagarro
[2026-06-26 08:12:18] [WARN] Apply button not found/clickable (selector may be stale, or job uses external apply).
[2026-06-26 08:12:18] [ERROR] Failed processing job card 4: 'NoneType' object is not subscriptable
[2026-06-26 08:12:18] --- Processing job 5/20 (term: 'Spring Boot Developer') ---
[2026-06-26 08:12:18] Opening job: Associate Staff Engineer, Cloud @ Nagarro
[2026-06-26 08:12:36] [WARN] Apply button not found/clickable (selector may be stale, or job uses external apply).
[2026-06-26 08:12:36] [ERROR] Failed processing job card 5: 'NoneType' object is not subscriptable
[2026-06-26 08:12:36] --- Processing job 6/20 (term: 'Spring Boot Developer') ---
[2026-06-26 08:12:36] Opening job: Java Full Stack Developer @ Vrinda International Noida
[2026-06-26 08:12:54] [WARN] Apply button not found/clickable (selector may be stale, or job uses external apply).
[2026-06-26 08:12:54] [ERROR] Failed processing job card 6: 'NoneType' object is not subscriptable
[2026-06-26 08:12:54] --- Processing job 7/20 (term: 'Spring Boot Developer') ---
[2026-06-26 08:12:54] Opening job: Associate Staff Engineer, Mobile Cross Platform @ Nagarro
[2026-06-26 08:13:12] [WARN] Apply button not found/clickable (selector may be stale, or job uses external apply).
[2026-06-26 08:13:12] [ERROR] Failed processing job card 7: 'NoneType' object is not subscriptable
[2026-06-26 08:13:12] --- Processing job 8/20 (term: 'Spring Boot Developer') ---
[2026-06-26 08:13:12] Opening job: Associate Staff Engineer, .Net Web @ Nagarro
[2026-06-26 08:13:30] [WARN] Apply button not found/clickable (selector may be stale, or job uses external apply).
[2026-06-26 08:13:30] [ERROR] Failed processing job card 8: 'NoneType' object is not subscriptable
[2026-06-26 08:13:30] --- Processing job 9/20 (term: 'Spring Boot Developer') ---
[2026-06-26 08:13:30] Opening job: Associate Staff Engineer @ Nagarro
[2026-06-26 08:13:48] [WARN] Apply button not found/clickable (selector may be stale, or job uses external apply).
[2026-06-26 08:13:48] [ERROR] Failed processing job card 9: 'NoneType' object is not subscriptable
[2026-06-26 08:13:48] --- Processing job 10/20 (term: 'Spring Boot Developer') ---
[2026-06-26 08:13:48] Opening job: Full Stack Developer (Java & Angular) @ Utimaco
[2026-06-26 08:14:06] [WARN] Apply button not found/clickable (selector may be stale, or job uses external apply).
[2026-06-26 08:14:06] [ERROR] Failed processing job card 10: 'NoneType' object is not subscriptable
[2026-06-26 08:14:06] --- Processing job 11/20 (term: 'Spring Boot Developer') ---
[2026-06-26 08:14:06] Opening job: Senior Software Engineer @ Zuddl
[2026-06-26 08:14:23] [WARN] Apply button not found/clickable (selector may be stale, or job uses external apply).
[2026-06-26 08:14:23] [ERROR] Failed processing job card 11: 'NoneType' object is not subscriptable
[2026-06-26 08:14:23] --- Processing job 12/20 (term: 'Spring Boot Developer') ---
[2026-06-26 08:14:24] Opening job: Embedded IoT Developer Fresher Experienced @ ELK Education
[2026-06-26 08:14:41] [WARN] Apply button not found/clickable (selector may be stale, or job uses external apply).
[2026-06-26 08:14:41] [ERROR] Failed processing job card 12: 'NoneType' object is not subscriptable
[2026-06-26 08:14:41] --- Processing job 13/20 (term: 'Spring Boot Developer') ---
[2026-06-26 08:14:42] Opening job: Embedded IoT Developer Fresher Experienced @ ELK Education
[2026-06-26 08:14:59] [WARN] Apply button not found/clickable (selector may be stale, or job uses external apply).
[2026-06-26 08:14:59] [ERROR] Failed processing job card 13: 'NoneType' object is not subscriptable
[2026-06-26 08:14:59] --- Processing job 14/20 (term: 'Spring Boot Developer') ---
[2026-06-26 08:14:59] Opening job: Software Developer @ Fasyl Technology Group
[2026-06-26 08:15:17] [WARN] Apply button not found/clickable (selector may be stale, or job uses external apply).
[2026-06-26 08:15:17] [ERROR] Failed processing job card 14: 'NoneType' object is not subscriptable
[2026-06-26 08:15:17] --- Processing job 15/20 (term: 'Spring Boot Developer') ---
[2026-06-26 08:15:17] Opening job: Associate Staff Engineer, Java Application Support @ Nagarro
[2026-06-26 08:15:24] Entering handle_chatbot_question. Non-interactive mode: False
[2026-06-26 08:15:24] No more chatbot questions detected.
[2026-06-26 08:15:26] [ERROR] Failed processing job card 15: 'NoneType' object is not subscriptable
[2026-06-26 08:15:26] --- Processing job 16/20 (term: 'Spring Boot Developer') ---
[2026-06-26 08:15:26] Opening job: Associate Staff Engineer ,Fastapp Developer @ Nagarro
[2026-06-26 08:15:44] [WARN] Apply button not found/clickable (selector may be stale, or job uses external apply).
[2026-06-26 08:15:44] [ERROR] Failed processing job card 16: 'NoneType' object is not subscriptable
[2026-06-26 08:15:44] --- Processing job 17/20 (term: 'Spring Boot Developer') ---
[2026-06-26 08:15:44] Opening job: Java Developer(associate and senior Associate ) @ Insignia Consultancy Solutions
[2026-06-26 08:16:01] [WARN] Apply button not found/clickable (selector may be stale, or job uses external apply).
[2026-06-26 08:16:01] [ERROR] Failed processing job card 17: 'NoneType' object is not subscriptable
[2026-06-26 08:16:01] --- Processing job 18/20 (term: 'Spring Boot Developer') ---
[2026-06-26 08:16:02] Opening job: App Developer @ Techbinge India
[2026-06-26 08:16:19] [WARN] Apply button not found/clickable (selector may be stale, or job uses external apply).
[2026-06-26 08:16:19] [ERROR] Failed processing job card 18: 'NoneType' object is not subscriptable
[2026-06-26 08:16:19] --- Processing job 19/20 (term: 'Spring Boot Developer') ---
[2026-06-26 08:16:19] Opening job: SAP CPI Freelancer & Permanent professional @ Spanbix Technologies
[2026-06-26 08:16:37] [WARN] Apply button not found/clickable (selector may be stale, or job uses external apply).
[2026-06-26 08:16:37] [ERROR] Failed processing job card 19: 'NoneType' object is not subscriptable
[2026-06-26 08:16:37] --- Processing job 20/20 (term: 'Spring Boot Developer') ---
[2026-06-26 08:16:38] Opening job: Senior Java Developer @ Innovya Technologies
[2026-06-26 08:16:55] [WARN] Apply button not found/clickable (selector may be stale, or job uses external apply).
[2026-06-26 08:16:55] [ERROR] Failed processing job card 20: 'NoneType' object is not subscriptable
[2026-06-26 08:16:55] ═══ Searching: 'Java Microservices Developer' ═══
[2026-06-26 08:16:55] Navigating to job search results for 'Java Microservices Developer': https://www.naukri.com/java-microservices-developer-jobs?k=Java+Microservices+Developer&experience=4&wfhType=2
[2026-06-26 08:16:58] Job listings loaded.
[2026-06-26 08:17:07] [WARN] Could not find the 'Easy Apply' sidebar checkbox — selector may be stale, verify EASY_APPLY_CHECKBOX_SEL against the live page.
[2026-06-26 08:17:07] Found 20 job card(s) for 'Java Microservices Developer'.
[2026-06-26 08:17:07] --- Processing job 1/20 (term: 'Java Microservices Developer') ---
[2026-06-26 08:17:07] Opening job: Java + Microservices Developers, Pan India @ Virtualware Innovations
[2026-06-26 08:17:25] [WARN] Apply button not found/clickable (selector may be stale, or job uses external apply).
[2026-06-26 08:17:25] [ERROR] Failed processing job card 1: 'NoneType' object is not subscriptable
[2026-06-26 08:17:25] --- Processing job 2/20 (term: 'Java Microservices Developer') ---
[2026-06-26 08:17:25] Opening job: Java + Microservices Developers @ Virtualware Innovations
[2026-06-26 08:17:44] [WARN] Apply button not found/clickable (selector may be stale, or job uses external apply).
[2026-06-26 08:17:44] [ERROR] Failed processing job card 2: 'NoneType' object is not subscriptable
[2026-06-26 08:17:44] --- Processing job 3/20 (term: 'Java Microservices Developer') ---
[2026-06-26 08:17:44] Opening job: Full-Stack Software Engineer @ Divyan Technologies Lucknow
[2026-06-26 08:18:03] [WARN] Apply button not found/clickable (selector may be stale, or job uses external apply).
[2026-06-26 08:18:03] [ERROR] Failed processing job card 3: 'NoneType' object is not subscriptable
[2026-06-26 08:18:03] --- Processing job 4/20 (term: 'Java Microservices Developer') ---
[2026-06-26 08:18:03] Opening job: Backend Developer (MERN | PostgreSQL) @ Stacklab
[2026-06-26 08:18:21] [WARN] Apply button not found/clickable (selector may be stale, or job uses external apply).
[2026-06-26 08:18:21] [ERROR] Failed processing job card 4: 'NoneType' object is not subscriptable
[2026-06-26 08:18:21] --- Processing job 5/20 (term: 'Java Microservices Developer') ---
[2026-06-26 08:18:21] Opening job: Associate Staff Engineer, Frontend AngularJS @ Nagarro
[2026-06-26 08:18:39] [WARN] Apply button not found/clickable (selector may be stale, or job uses external apply).
[2026-06-26 08:18:39] [ERROR] Failed processing job card 5: 'NoneType' object is not subscriptable
[2026-06-26 08:18:39] --- Processing job 6/20 (term: 'Java Microservices Developer') ---
[2026-06-26 08:18:40] Opening job: Associate Staff Engineer, Cloud @ Nagarro
[2026-06-26 08:18:57] [WARN] Apply button not found/clickable (selector may be stale, or job uses external apply).
[2026-06-26 08:18:57] [ERROR] Failed processing job card 6: 'NoneType' object is not subscriptable
[2026-06-26 08:18:57] --- Processing job 7/20 (term: 'Java Microservices Developer') ---
[2026-06-26 08:18:58] Opening job: Associate Staff Engineer, Python @ Nagarro
[2026-06-26 08:19:02] [ERROR] Unexpected error applying to job: Message: invalid session id: session deleted as the browser has closed the connection
from disconnected: Unable to receive message from renderer
  (Session info: chrome=149.0.7827.197); For documentation on this error, please visit: https://www.selenium.dev/documentation/webdriver/troubleshooting/errors#invalidsessionidexception
Stacktrace:
	undetected_chromedriver!GetHandleVerifier [0x124a543+103f3]
	undetected_chromedriver!GetHandleVerifier [0x124a584+10434]
	undetected_chromedriver!(No symbol) [0x104a700]
	undetected_chromedriver!(No symbol) [0x103ad03]
	undetected_chromedriver!(No symbol) [0x103aa35]
	undetected_chromedriver!(No symbol) [0x1038c08]
	undetected_chromedriver!(No symbol) [0x1039456]
	undetected_chromedriver!(No symbol) [0x10460fb]
	undetected_chromedriver!(No symbol) [0x1057bfe]
	undetected_chromedriver!(No symbol) [0x105dc76]
	undetected_chromedriver!(No symbol) [0x1039adc]
	undetected_chromedriver!(No symbol) [0x1057489]
	undetected_chromedriver!(No symbol) [0x10d32aa]
	undetected_chromedriver!(No symbol) [0x10b5e66]
	undetected_chromedriver!(No symbol) [0x1089159]
	undetected_chromedriver!(No symbol) [0x1089f24]
	undetected_chromedriver!GetHandleVerifier [0x14d4bba+29aa6a]
	undetected_chromedriver!GetHandleVerifier [0x14d0119+295fc9]
	undetected_chromedriver!GetHandleVerifier [0x14f103e+2b6eee]
	undetected_chromedriver!GetHandleVerifier [0x12637f6+296a6]
	undetected_chromedriver!GetHandleVerifier [0x126a91d+307cd]
	undetected_chromedriver!GetHandleVerifier [0x1252d18+18bc8]
	undetected_chromedriver!GetHandleVerifier [0x1252ec5+18d75]
	undetected_chromedriver!GetHandleVerifier [0x123c05f+1f0f]
	KERNEL32!BaseThreadInitThunk [0x753e7ba9+19]
	ntdll!RtlInitializeExceptionChain [0x76f9c0cb+6b]
	ntdll!RtlClearBits [0x76f9c04f+bf]

[2026-06-26 08:19:02] [WARN] Error restoring window handle: Message: invalid session id; For documentation on this error, please visit: https://www.selenium.dev/documentation/webdriver/troubleshooting/errors#invalidsessionidexception
Stacktrace:
	undetected_chromedriver!GetHandleVerifier [0x124a543+103f3]
	undetected_chromedriver!GetHandleVerifier [0x124a584+10434]
	undetected_chromedriver!(No symbol) [0x104a53e]
	undetected_chromedriver!(No symbol) [0x10883e7]
	undetected_chromedriver!(No symbol) [0x10b5f86]
	undetected_chromedriver!(No symbol) [0x10b1192]
	undetected_chromedriver!(No symbol) [0x10b0b71]
	undetected_chromedriver!(No symbol) [0x101db2e]
	undetected_chromedriver!(No symbol) [0x101e0ce]
	undetected_chromedriver!(No symbol) [0x101e5ad]
	undetected_chromedriver!GetHandleVerifier [0x14d4bba+29aa6a]
	undetected_chromedriver!GetHandleVerifier [0x14d0119+295fc9]
	undetected_chromedriver!GetHandleVerifier [0x14f103e+2b6eee]
	undetected_chromedriver!GetHandleVerifier [0x12637f6+296a6]
	undetected_chromedriver!GetHandleVerifier [0x126a91d+307cd]
	undetected_chromedriver!(No symbol) [0x101d6a6]
	undetected_chromedriver!(No symbol) [0x101cd02]
	undetected_chromedriver!GetHandleVerifier [0x163be1f+401ccf]
	KERNEL32!BaseThreadInitThunk [0x753e7ba9+19]
	ntdll!RtlInitializeExceptionChain [0x76f9c0cb+6b]
	ntdll!RtlClearBits [0x76f9c04f+bf]

[2026-06-26 08:19:02] [ERROR] Failed processing job card 7: 'NoneType' object is not subscriptable
[2026-06-26 08:19:02] [FATAL] Browser session was closed or lost: Message: invalid session id; For documentation on this error, please visit: https://www.selenium.dev/documentation/webdriver/troubleshooting/errors#invalidsessionidexception
Stacktrace:
	undetected_chromedriver!GetHandleVerifier [0x124a543+103f3]
	undetected_chromedriver!GetHandleVerifier [0x124a584+10434]
	undetected_chromedriver!(No symbol) [0x104a53e]
	undetected_chromedriver!(No symbol) [0x10883e7]
	undetected_chromedriver!(No symbol) [0x10b5f86]
	undetected_chromedriver!(No symbol) [0x10b1192]
	undetected_chromedriver!(No symbol) [0x10b0b71]
	undetected_chromedriver!(No symbol) [0x101db2e]
	undetected_chromedriver!(No symbol) [0x101e0ce]
	undetected_chromedriver!(No symbol) [0x101e5ad]
	undetected_chromedriver!GetHandleVerifier [0x14d4bba+29aa6a]
	undetected_chromedriver!GetHandleVerifier [0x14d0119+295fc9]
	undetected_chromedriver!GetHandleVerifier [0x14f103e+2b6eee]
	undetected_chromedriver!GetHandleVerifier [0x12637f6+296a6]
	undetected_chromedriver!GetHandleVerifier [0x126a91d+307cd]
	undetected_chromedriver!(No symbol) [0x101d6a6]
	undetected_chromedriver!(No symbol) [0x101cd02]
	undetected_chromedriver!GetHandleVerifier [0x163be1f+401ccf]
	KERNEL32!BaseThreadInitThunk [0x753e7ba9+19]
	ntdll!RtlInitializeExceptionChain [0x76f9c0cb+6b]
	ntdll!RtlClearBits [0x76f9c04f+bf]
. Terminating run.
[2026-06-26 08:19:02] [FATAL] Browser session was closed or lost: Message: invalid session id; For documentation on this error, please visit: https://www.selenium.dev/documentation/webdriver/troubleshooting/errors#invalidsessionidexception
Stacktrace:
	undetected_chromedriver!GetHandleVerifier [0x124a543+103f3]
	undetected_chromedriver!GetHandleVerifier [0x124a584+10434]
	undetected_chromedriver!(No symbol) [0x104a53e]
	undetected_chromedriver!(No symbol) [0x10883e7]
	undetected_chromedriver!(No symbol) [0x10b5f86]
	undetected_chromedriver!(No symbol) [0x10b1192]
	undetected_chromedriver!(No symbol) [0x10b0b71]
	undetected_chromedriver!(No symbol) [0x101db2e]
	undetected_chromedriver!(No symbol) [0x101e0ce]
	undetected_chromedriver!(No symbol) [0x101e5ad]
	undetected_chromedriver!GetHandleVerifier [0x14d4bba+29aa6a]
	undetected_chromedriver!GetHandleVerifier [0x14d0119+295fc9]
	undetected_chromedriver!GetHandleVerifier [0x14f103e+2b6eee]
	undetected_chromedriver!GetHandleVerifier [0x12637f6+296a6]
	undetected_chromedriver!GetHandleVerifier [0x126a91d+307cd]
	undetected_chromedriver!(No symbol) [0x101d6a6]
	undetected_chromedriver!(No symbol) [0x101cd02]
	undetected_chromedriver!GetHandleVerifier [0x163be1f+401ccf]
	KERNEL32!BaseThreadInitThunk [0x753e7ba9+19]
	ntdll!RtlInitializeExceptionChain [0x76f9c0cb+6b]
	ntdll!RtlClearBits [0x76f9c04f+bf]
. Terminating run.
[2026-06-26 08:19:02] Run complete. Total applications submitted this run: 0
[2026-06-27 20:02:59] ════════════════════════════════════════
[2026-06-27 20:02:59]   Naukri Auto-Apply Bot — starting run
[2026-06-27 20:02:59]   AI mode (Gemini): disabled (manual prompts)
[2026-06-27 20:02:59]   Non-Interactive: disabled (manual prompts)
[2026-06-27 20:02:59] ════════════════════════════════════════
[2026-06-27 20:03:00] Monkey-patched uc.Chrome.quit to suppress WinError 6 on exit.
[2026-06-27 20:03:00] Starting Chrome setup...
[2026-06-27 20:03:00] Found cached ChromeDriver: C:\Users\Pawan\AppData\Roaming\undetected_chromedriver\undetected_chromedriver.exe
[2026-06-27 20:03:00] Attempting undetected-chromedriver with use_subprocess=False...
[2026-06-27 20:03:04] Chrome driver (stealth, use_subprocess=False) successfully initialized!
[2026-06-27 20:03:04] Navigating to Naukri login page...
[2026-06-27 20:03:06] Submitted login form. Waiting for homepage to load...
[2026-06-27 20:03:10] Login appears successful.
[2026-06-27 20:03:10] Will search 12 term(s): ['Java Full Stack Developer', 'Senior Java Full Stack Developer', 'Java Developer', 'Senior Java Developer', 'Spring Boot Developer', 'Java Microservices Developer', 'Backend Developer', 'Java Backend Developer', 'Software Engineer', 'Senior Software Engineer', 'Full Stack Developer', 'Java Angular Developer']
[2026-06-27 20:03:10] ═══ Searching: 'Java Full Stack Developer' ═══
[2026-06-27 20:03:10] Navigating to job search results for 'Java Full Stack Developer': https://www.naukri.com/java-full-stack-developer-jobs?k=Java+Full+Stack+Developer&experience=4&wfhType=2
[2026-06-27 20:03:13] Job listings loaded.
[2026-06-27 20:03:22] [WARN] Could not find the 'Easy Apply' sidebar checkbox — selector may be stale, verify EASY_APPLY_CHECKBOX_SEL against the live page.
[2026-06-27 20:03:22] Found 20 job card(s) for 'Java Full Stack Developer'.
[2026-06-27 20:03:22] --- Processing job 1/20 (term: 'Java Full Stack Developer') ---
[2026-06-27 20:03:22] Opening job: Java Full Stack Developer @ Vrinda International Noida
[2026-06-27 20:03:39] [WARN] Apply button not found/clickable (selector may be stale, or job uses external apply).
[2026-06-27 20:03:39] [ERROR] Failed processing job card 1: 'NoneType' object is not subscriptable
[2026-06-27 20:03:39] --- Processing job 2/20 (term: 'Java Full Stack Developer') ---
[2026-06-27 20:03:39] Opening job: Full Stack Developer (Java & Angular) @ Utimaco
[2026-06-27 20:03:57] [WARN] Apply button not found/clickable (selector may be stale, or job uses external apply).
[2026-06-27 20:03:57] [ERROR] Failed processing job card 2: 'NoneType' object is not subscriptable
[2026-06-27 20:03:57] --- Processing job 3/20 (term: 'Java Full Stack Developer') ---
[2026-06-27 20:03:57] Opening job: Middle Full-Stack Engineer | Solvy @ Boosta
[2026-06-27 20:04:14] [WARN] Apply button not found/clickable (selector may be stale, or job uses external apply).
[2026-06-27 20:04:14] [ERROR] Failed processing job card 3: 'NoneType' object is not subscriptable
[2026-06-27 20:04:14] --- Processing job 4/20 (term: 'Java Full Stack Developer') ---
[2026-06-27 20:04:14] Opening job: Backend Developer (Java/Kotlin — AI-Assisted Microservices) @ Santriya Technologies
[2026-06-27 20:04:21] Entering handle_chatbot_question. Non-interactive mode: False
[2026-06-27 20:04:31] No chatbot questionnaire detected (or didn't load within 8s).
[2026-06-27 20:04:33] [ERROR] Failed processing job card 4: 'NoneType' object is not subscriptable
[2026-06-27 20:04:33] --- Processing job 5/20 (term: 'Java Full Stack Developer') ---
[2026-06-27 20:04:33] Opening job: Full-Stack Software Engineer @ Divyan Technologies Lucknow
[2026-06-27 20:04:50] [WARN] Apply button not found/clickable (selector may be stale, or job uses external apply).
[2026-06-27 20:04:50] [ERROR] Failed processing job card 5: 'NoneType' object is not subscriptable
[2026-06-27 20:04:50] --- Processing job 6/20 (term: 'Java Full Stack Developer') ---
[2026-06-27 20:04:51] Opening job: Web Developer @ Techbinge India
[2026-06-27 20:05:08] [WARN] Apply button not found/clickable (selector may be stale, or job uses external apply).
[2026-06-27 20:05:08] [ERROR] Failed processing job card 6: 'NoneType' object is not subscriptable
[2026-06-27 20:05:08] --- Processing job 7/20 (term: 'Java Full Stack Developer') ---
[2026-06-27 20:05:08] Opening job: Full Stack Developer @ Fusiontecz
[2026-06-27 20:05:26] [WARN] Apply button not found/clickable (selector may be stale, or job uses external apply).
[2026-06-27 20:05:26] [ERROR] Failed processing job card 7: 'NoneType' object is not subscriptable
[2026-06-27 20:05:26] --- Processing job 8/20 (term: 'Java Full Stack Developer') ---
[2026-06-27 20:05:26] Opening job: Senior Mendix Developer @ Sagous
[2026-06-27 20:05:43] [WARN] Apply button not found/clickable (selector may be stale, or job uses external apply).
[2026-06-27 20:05:44] [ERROR] Failed processing job card 8: 'NoneType' object is not subscriptable
[2026-06-27 20:05:44] --- Processing job 9/20 (term: 'Java Full Stack Developer') ---
[2026-06-27 20:05:44] Opening job: Senior Platform Engineer @ Ideagen
[2026-06-27 20:06:01] [WARN] Apply button not found/clickable (selector may be stale, or job uses external apply).
[2026-06-27 20:06:01] [ERROR] Failed processing job card 9: 'NoneType' object is not subscriptable
[2026-06-27 20:06:01] --- Processing job 10/20 (term: 'Java Full Stack Developer') ---
[2026-06-27 20:06:01] Opening job: Senior Software Engineer @ Zuddl
[2026-06-27 20:06:19] [WARN] Apply button not found/clickable (selector may be stale, or job uses external apply).
[2026-06-27 20:06:19] [ERROR] Failed processing job card 10: 'NoneType' object is not subscriptable
[2026-06-27 20:06:19] --- Processing job 11/20 (term: 'Java Full Stack Developer') ---
[2026-06-27 20:06:19] Opening job: Full Stack Developer @ Abhastra Technology
[2026-06-27 20:06:36] [WARN] Apply button not found/clickable (selector may be stale, or job uses external apply).
[2026-06-27 20:06:36] [ERROR] Failed processing job card 11: 'NoneType' object is not subscriptable
[2026-06-27 20:06:36] --- Processing job 12/20 (term: 'Java Full Stack Developer') ---
[2026-06-27 20:06:36] Opening job: AI Backend Developer @ Nitsan Technologies
[2026-06-27 20:06:54] [WARN] Apply button not found/clickable (selector may be stale, or job uses external apply).
[2026-06-27 20:06:54] [ERROR] Failed processing job card 12: 'NoneType' object is not subscriptable
[2026-06-27 20:06:54] --- Processing job 13/20 (term: 'Java Full Stack Developer') ---
[2026-06-27 20:06:54] Opening job: Java Developer @ Ovitech Solutions
[2026-06-27 20:07:12] [WARN] Apply button not found/clickable (selector may be stale, or job uses external apply).
[2026-06-27 20:07:12] [ERROR] Failed processing job card 13: 'NoneType' object is not subscriptable
[2026-06-27 20:07:12] --- Processing job 14/20 (term: 'Java Full Stack Developer') ---
[2026-06-27 20:07:12] Opening job: Java Developer @ Crayontek
[2026-06-27 20:07:30] [WARN] Apply button not found/clickable (selector may be stale, or job uses external apply).
[2026-06-27 20:07:30] [ERROR] Failed processing job card 14: 'NoneType' object is not subscriptable
[2026-06-27 20:07:30] --- Processing job 15/20 (term: 'Java Full Stack Developer') ---
[2026-06-27 20:07:30] Opening job: Java Developer(associate and senior Associate ) @ Insignia Consultancy Solutions
[2026-06-27 20:07:48] [WARN] Apply button not found/clickable (selector may be stale, or job uses external apply).
[2026-06-27 20:07:48] [ERROR] Failed processing job card 15: 'NoneType' object is not subscriptable
[2026-06-27 20:07:48] --- Processing job 16/20 (term: 'Java Full Stack Developer') ---
[2026-06-27 20:07:48] Opening job: App Developer @ Techbinge India
[2026-06-27 20:08:06] [WARN] Apply button not found/clickable (selector may be stale, or job uses external apply).
[2026-06-27 20:08:06] [ERROR] Failed processing job card 16: 'NoneType' object is not subscriptable
[2026-06-27 20:08:06] --- Processing job 17/20 (term: 'Java Full Stack Developer') ---
[2026-06-27 20:08:06] Opening job: Senior AEM Developer @ Bhasaka Technologies
[2026-06-27 20:08:24] [WARN] Apply button not found/clickable (selector may be stale, or job uses external apply).
[2026-06-27 20:08:24] [ERROR] Failed processing job card 17: 'NoneType' object is not subscriptable
[2026-06-27 20:08:24] --- Processing job 18/20 (term: 'Java Full Stack Developer') ---
[2026-06-27 20:08:24] Opening job: Senior E Commerce Developer @ Kontoor Brands, Inc.
[2026-06-27 20:08:42] [WARN] Apply button not found/clickable (selector may be stale, or job uses external apply).
[2026-06-27 20:08:42] [ERROR] Failed processing job card 18: 'NoneType' object is not subscriptable
[2026-06-27 20:08:42] --- Processing job 19/20 (term: 'Java Full Stack Developer') ---
[2026-06-27 20:08:42] Opening job: Software Engineer, Full Stack @ Mostudio
[2026-06-27 20:08:59] [WARN] Apply button not found/clickable (selector may be stale, or job uses external apply).
[2026-06-27 20:08:59] [ERROR] Failed processing job card 19: 'NoneType' object is not subscriptable
[2026-06-27 20:08:59] --- Processing job 20/20 (term: 'Java Full Stack Developer') ---
[2026-06-27 20:09:00] Opening job: Senior Software Engineer, Full Stack @ Mostudio
[2026-06-27 20:09:17] [WARN] Apply button not found/clickable (selector may be stale, or job uses external apply).
[2026-06-27 20:09:17] [ERROR] Failed processing job card 20: 'NoneType' object is not subscriptable
[2026-06-27 20:09:17] ═══ Searching: 'Senior Java Full Stack Developer' ═══
[2026-06-27 20:09:17] Navigating to job search results for 'Senior Java Full Stack Developer': https://www.naukri.com/senior-java-full-stack-developer-jobs?k=Senior+Java+Full+Stack+Developer&experience=4&wfhType=2
[2026-06-27 20:09:20] Job listings loaded.
[2026-06-27 20:09:28] [WARN] Could not find the 'Easy Apply' sidebar checkbox — selector may be stale, verify EASY_APPLY_CHECKBOX_SEL against the live page.
[2026-06-27 20:09:28] Found 20 job card(s) for 'Senior Java Full Stack Developer'.
[2026-06-27 20:09:28] --- Processing job 1/20 (term: 'Senior Java Full Stack Developer') ---
[2026-06-27 20:09:29] Opening job: Senior Mendix Developer @ Sagous
[2026-06-27 20:09:47] [WARN] Apply button not found/clickable (selector may be stale, or job uses external apply).
[2026-06-27 20:09:47] [ERROR] Failed processing job card 1: 'NoneType' object is not subscriptable
[2026-06-27 20:09:47] --- Processing job 2/20 (term: 'Senior Java Full Stack Developer') ---
[2026-06-27 20:09:47] Opening job: Senior Platform Engineer @ Ideagen
[2026-06-27 20:10:05] [WARN] Apply button not found/clickable (selector may be stale, or job uses external apply).
[2026-06-27 20:10:05] [ERROR] Failed processing job card 2: 'NoneType' object is not subscriptable
[2026-06-27 20:10:05] --- Processing job 3/20 (term: 'Senior Java Full Stack Developer') ---
[2026-06-27 20:10:05] Opening job: Senior Software Engineer @ Zuddl
[2026-06-27 20:10:23] [WARN] Apply button not found/clickable (selector may be stale, or job uses external apply).
[2026-06-27 20:10:23] [ERROR] Failed processing job card 3: 'NoneType' object is not subscriptable
[2026-06-27 20:10:23] --- Processing job 4/20 (term: 'Senior Java Full Stack Developer') ---
[2026-06-27 20:10:23] Opening job: Senior Software Engineer, Full Stack @ Mostudio
[2026-06-27 20:10:41] [WARN] Apply button not found/clickable (selector may be stale, or job uses external apply).
[2026-06-27 20:10:41] [ERROR] Failed processing job card 4: 'NoneType' object is not subscriptable
[2026-06-27 20:10:41] --- Processing job 5/20 (term: 'Senior Java Full Stack Developer') ---
[2026-06-27 20:10:42] Opening job: Full Stack Developer @ E Tech Software
[2026-06-27 20:10:59] [WARN] Apply button not found/clickable (selector may be stale, or job uses external apply).
[2026-06-27 20:10:59] [ERROR] Failed processing job card 5: 'NoneType' object is not subscriptable
[2026-06-27 20:10:59] --- Processing job 6/20 (term: 'Senior Java Full Stack Developer') ---
[2026-06-27 20:10:59] Opening job: Senior Java Developer @ Harris Global Business Services
[2026-06-27 20:11:17] [WARN] Apply button not found/clickable (selector may be stale, or job uses external apply).
[2026-06-27 20:11:17] [ERROR] Failed processing job card 6: 'NoneType' object is not subscriptable
[2026-06-27 20:11:17] --- Processing job 7/20 (term: 'Senior Java Full Stack Developer') ---
[2026-06-27 20:11:18] Opening job: Senior Java Developer @ Harris Healthcare
[2026-06-27 20:11:36] [WARN] Apply button not found/clickable (selector may be stale, or job uses external apply).
[2026-06-27 20:11:36] [ERROR] Failed processing job card 7: 'NoneType' object is not subscriptable
[2026-06-27 20:11:36] --- Processing job 8/20 (term: 'Senior Java Full Stack Developer') ---
[2026-06-27 20:11:36] Opening job: BPI Developer Sr Developer @ Sparix Global
[2026-06-27 20:11:54] [WARN] Apply button not found/clickable (selector may be stale, or job uses external apply).
[2026-06-27 20:11:54] [ERROR] Failed processing job card 8: 'NoneType' object is not subscriptable
[2026-06-27 20:11:54] --- Processing job 9/20 (term: 'Senior Java Full Stack Developer') ---
[2026-06-27 20:11:54] Opening job: BPI Developer / Senior Developer @ Sparix Global
[2026-06-27 20:12:12] [WARN] Apply button not found/clickable (selector may be stale, or job uses external apply).
[2026-06-27 20:12:12] [ERROR] Failed processing job card 9: 'NoneType' object is not subscriptable
[2026-06-27 20:12:12] --- Processing job 10/20 (term: 'Senior Java Full Stack Developer') ---
[2026-06-27 20:12:12] Opening job: Full Stack Developer - Grant Management Platform - Pan india @ Social Alpha
[2026-06-27 20:12:30] [WARN] Apply button not found/clickable (selector may be stale, or job uses external apply).
[2026-06-27 20:12:30] [ERROR] Failed processing job card 10: 'NoneType' object is not subscriptable
[2026-06-27 20:12:30] --- Processing job 11/20 (term: 'Senior Java Full Stack Developer') ---
[2026-06-27 20:12:30] Opening job: Senior Full Stack Java Software Engineer @ Global Business Ser 4u
[2026-06-27 20:12:48] [WARN] Apply button not found/clickable (selector may be stale, or job uses external apply).
[2026-06-27 20:12:48] [ERROR] Failed processing job card 11: 'NoneType' object is not subscriptable
[2026-06-27 20:12:48] --- Processing job 12/20 (term: 'Senior Java Full Stack Developer') ---
[2026-06-27 20:12:48] Opening job: Java Developer(associate and senior Associate ) @ Insignia Consultancy Solutions
[2026-06-27 20:13:06] [WARN] Apply button not found/clickable (selector may be stale, or job uses external apply).
[2026-06-27 20:13:06] [ERROR] Failed processing job card 12: 'NoneType' object is not subscriptable
[2026-06-27 20:13:06] --- Processing job 13/20 (term: 'Senior Java Full Stack Developer') ---
[2026-06-27 20:13:06] Opening job: Senior AEM Developer @ Bhasaka Technologies
[2026-06-27 20:13:23] [WARN] Apply button not found/clickable (selector may be stale, or job uses external apply).
[2026-06-27 20:13:23] [ERROR] Failed processing job card 13: 'NoneType' object is not subscriptable
[2026-06-27 20:13:23] --- Processing job 14/20 (term: 'Senior Java Full Stack Developer') ---
[2026-06-27 20:13:23] Opening job: Senior E Commerce Developer @ Kontoor Brands, Inc.
[2026-06-27 20:13:41] [WARN] Apply button not found/clickable (selector may be stale, or job uses external apply).
[2026-06-27 20:13:41] [ERROR] Failed processing job card 14: 'NoneType' object is not subscriptable
[2026-06-27 20:13:41] --- Processing job 15/20 (term: 'Senior Java Full Stack Developer') ---
[2026-06-27 20:13:41] Opening job: Senior Java Developer @ Innovya Technologies
[2026-06-27 20:13:58] [WARN] Apply button not found/clickable (selector may be stale, or job uses external apply).
[2026-06-27 20:13:58] [ERROR] Failed processing job card 15: 'NoneType' object is not subscriptable
[2026-06-27 20:13:58] --- Processing job 16/20 (term: 'Senior Java Full Stack Developer') ---
[2026-06-27 20:13:58] Opening job: Senior Java Developer @ Virtualware Innovations
[2026-06-27 20:14:16] [WARN] Apply button not found/clickable (selector may be stale, or job uses external apply).
[2026-06-27 20:14:16] [ERROR] Failed processing job card 16: 'NoneType' object is not subscriptable
[2026-06-27 20:14:16] --- Processing job 17/20 (term: 'Senior Java Full Stack Developer') ---
[2026-06-27 20:14:16] Opening job: Sr. Full Stack Developer @ Ncube Infosolutions
[2026-06-27 20:14:34] [WARN] Apply button not found/clickable (selector may be stale, or job uses external apply).
[2026-06-27 20:14:34] [ERROR] Failed processing job card 17: 'NoneType' object is not subscriptable
[2026-06-27 20:14:34] --- Processing job 18/20 (term: 'Senior Java Full Stack Developer') ---
[2026-06-27 20:14:34] Opening job: Sr Software Engineer-Java @ PointAbout Inc.
[2026-06-27 20:14:52] [WARN] Apply button not found/clickable (selector may be stale, or job uses external apply).
[2026-06-27 20:14:52] [ERROR] Failed processing job card 18: 'NoneType' object is not subscriptable
[2026-06-27 20:14:52] --- Processing job 19/20 (term: 'Senior Java Full Stack Developer') ---
[2026-06-27 20:14:52] Opening job: Senior Software Engineer @ Edifecs Technologies
[2026-06-27 20:15:10] [WARN] Apply button not found/clickable (selector may be stale, or job uses external apply).
[2026-06-27 20:15:10] [ERROR] Failed processing job card 19: 'NoneType' object is not subscriptable
[2026-06-27 20:15:10] --- Processing job 20/20 (term: 'Senior Java Full Stack Developer') ---
[2026-06-27 20:15:10] Opening job: Senior UI Engineer @ Quickbase
[2026-06-27 20:15:28] [WARN] Apply button not found/clickable (selector may be stale, or job uses external apply).
[2026-06-27 20:15:28] [ERROR] Failed processing job card 20: 'NoneType' object is not subscriptable
[2026-06-27 20:15:28] ═══ Searching: 'Java Developer' ═══
[2026-06-27 20:15:28] Navigating to job search results for 'Java Developer': https://www.naukri.com/java-developer-jobs?k=Java+Developer&experience=4&wfhType=2
[2026-06-27 20:15:30] Job listings loaded.
[2026-06-27 20:15:38] [WARN] Could not find the 'Easy Apply' sidebar checkbox — selector may be stale, verify EASY_APPLY_CHECKBOX_SEL against the live page.
[2026-06-27 20:15:38] Found 20 job card(s) for 'Java Developer'.
[2026-06-27 20:15:38] --- Processing job 1/20 (term: 'Java Developer') ---
[2026-06-27 20:15:38] Opening job: Java Developer @ MNJ Software
[2026-06-27 20:15:56] [WARN] Apply button not found/clickable (selector may be stale, or job uses external apply).
[2026-06-27 20:15:56] [ERROR] Failed processing job card 1: 'NoneType' object is not subscriptable
[2026-06-27 20:15:56] --- Processing job 2/20 (term: 'Java Developer') ---
[2026-06-27 20:15:56] Opening job: Java Developer @ Ovitech Solutions
[2026-06-27 20:16:14] [WARN] Apply button not found/clickable (selector may be stale, or job uses external apply).
[2026-06-27 20:16:14] [ERROR] Failed processing job card 2: 'NoneType' object is not subscriptable
[2026-06-27 20:16:14] --- Processing job 3/20 (term: 'Java Developer') ---
[2026-06-27 20:16:14] Opening job: Java Developer @ Crayontek
[2026-06-27 20:16:32] [WARN] Apply button not found/clickable (selector may be stale, or job uses external apply).
[2026-06-27 20:16:32] [ERROR] Failed processing job card 3: 'NoneType' object is not subscriptable
[2026-06-27 20:16:32] --- Processing job 4/20 (term: 'Java Developer') ---
[2026-06-27 20:16:32] Opening job: Java Developer @ Weitglobal
[2026-06-27 20:16:50] [WARN] Apply button not found/clickable (selector may be stale, or job uses external apply).
[2026-06-27 20:16:50] [ERROR] Failed processing job card 4: 'NoneType' object is not subscriptable
[2026-06-27 20:16:50] --- Processing job 5/20 (term: 'Java Developer') ---
[2026-06-27 20:16:50] Opening job: Java Developer @ Recruitly
[2026-06-27 20:17:08] [WARN] Apply button not found/clickable (selector may be stale, or job uses external apply).
[2026-06-27 20:17:08] [ERROR] Failed processing job card 5: 'NoneType' object is not subscriptable
[2026-06-27 20:17:08] --- Processing job 6/20 (term: 'Java Developer') ---
[2026-06-27 20:17:08] Opening job: Java Developer @ Yellow Sapphire
[2026-06-27 20:17:26] [WARN] Apply button not found/clickable (selector may be stale, or job uses external apply).
[2026-06-27 20:17:26] [ERROR] Failed processing job card 6: 'NoneType' object is not subscriptable
[2026-06-27 20:17:26] --- Processing job 7/20 (term: 'Java Developer') ---
[2026-06-27 20:17:26] Opening job: Java Developer with AI Focus @ Verdantis
[2026-06-27 20:17:44] [WARN] Apply button not found/clickable (selector may be stale, or job uses external apply).
[2026-06-27 20:17:44] [ERROR] Failed processing job card 7: 'NoneType' object is not subscriptable
[2026-06-27 20:17:44] --- Processing job 8/20 (term: 'Java Developer') ---
[2026-06-27 20:17:44] Opening job: Java Developers @ JK Lucent
[2026-06-27 20:18:02] [WARN] Apply button not found/clickable (selector may be stale, or job uses external apply).
[2026-06-27 20:18:02] [ERROR] Failed processing job card 8: 'NoneType' object is not subscriptable
[2026-06-27 20:18:02] --- Processing job 9/20 (term: 'Java Developer') ---
[2026-06-27 20:18:02] Opening job: Mid Experience Java Developer @ Crayontek
[2026-06-27 20:18:20] [WARN] Apply button not found/clickable (selector may be stale, or job uses external apply).
[2026-06-27 20:18:20] [ERROR] Failed processing job card 9: 'NoneType' object is not subscriptable
[2026-06-27 20:18:20] --- Processing job 10/20 (term: 'Java Developer') ---
[2026-06-27 20:18:20] Opening job: Java Developer @ Irisidea
[2026-06-27 20:18:38] [WARN] Apply button not found/clickable (selector may be stale, or job uses external apply).
[2026-06-27 20:18:38] [ERROR] Failed processing job card 10: 'NoneType' object is not subscriptable
[2026-06-27 20:18:38] --- Processing job 11/20 (term: 'Java Developer') ---
[2026-06-27 20:18:38] Opening job: JAVA Developer @ Citta Solutions
[2026-06-27 20:18:56] [WARN] Apply button not found/clickable (selector may be stale, or job uses external apply).
[2026-06-27 20:18:56] [ERROR] Failed processing job card 11: 'NoneType' object is not subscriptable
[2026-06-27 20:18:56] --- Processing job 12/20 (term: 'Java Developer') ---
[2026-06-27 20:18:56] Opening job: Java Developers @ Sourcetrace Systems
[2026-06-27 20:19:14] [WARN] Apply button not found/clickable (selector may be stale, or job uses external apply).
[2026-06-27 20:19:14] [ERROR] Failed processing job card 12: 'NoneType' object is not subscriptable
[2026-06-27 20:19:14] --- Processing job 13/20 (term: 'Java Developer') ---
[2026-06-27 20:19:14] Opening job: Java Developer @ Iris Info
[2026-06-27 20:19:32] [WARN] Apply button not found/clickable (selector may be stale, or job uses external apply).
[2026-06-27 20:19:32] [ERROR] Failed processing job card 13: 'NoneType' object is not subscriptable
[2026-06-27 20:19:32] --- Processing job 14/20 (term: 'Java Developer') ---
[2026-06-27 20:19:32] Opening job: Java Developer @ NTK Creative Tech
[2026-06-27 20:19:50] [WARN] Apply button not found/clickable (selector may be stale, or job uses external apply).
[2026-06-27 20:19:50] [ERROR] Failed processing job card 14: 'NoneType' object is not subscriptable
[2026-06-27 20:19:50] --- Processing job 15/20 (term: 'Java Developer') ---
[2026-06-27 20:19:50] Opening job: Java Developer @ Gokool Software Labs
[2026-06-27 20:20:08] [WARN] Apply button not found/clickable (selector may be stale, or job uses external apply).
[2026-06-27 20:20:08] [ERROR] Failed processing job card 15: 'NoneType' object is not subscriptable
[2026-06-27 20:20:08] --- Processing job 16/20 (term: 'Java Developer') ---
[2026-06-27 20:20:08] Opening job: Java + Selenium Developer, Pan India @ Virtualware Innovations
[2026-06-27 20:20:26] [WARN] Apply button not found/clickable (selector may be stale, or job uses external apply).
[2026-06-27 20:20:26] [ERROR] Failed processing job card 16: 'NoneType' object is not subscriptable
[2026-06-27 20:20:26] --- Processing job 17/20 (term: 'Java Developer') ---
[2026-06-27 20:20:26] Opening job: Java Spark Developer @ Overture Rede
[2026-06-27 20:20:44] [WARN] Apply button not found/clickable (selector may be stale, or job uses external apply).
[2026-06-27 20:20:44] [ERROR] Failed processing job card 17: 'NoneType' object is not subscriptable
[2026-06-27 20:20:44] --- Processing job 18/20 (term: 'Java Developer') ---
[2026-06-27 20:20:44] Opening job: Java Mirco Services Developer @ Insignia Consultancy Solutions
[2026-06-27 20:21:01] [WARN] Apply button not found/clickable (selector may be stale, or job uses external apply).
[2026-06-27 20:21:02] [ERROR] Failed processing job card 18: 'NoneType' object is not subscriptable
[2026-06-27 20:21:02] --- Processing job 19/20 (term: 'Java Developer') ---
[2026-06-27 20:21:02] Opening job: Java Developer(associate and senior Associate ) @ Insignia Consultancy Solutions
[2026-06-27 20:21:19] [WARN] Apply button not found/clickable (selector may be stale, or job uses external apply).
[2026-06-27 20:21:20] [ERROR] Failed processing job card 19: 'NoneType' object is not subscriptable
[2026-06-27 20:21:20] --- Processing job 20/20 (term: 'Java Developer') ---
[2026-06-27 20:21:20] Opening job: Java Devloper @ Codersbrain India
[2026-06-27 20:21:37] [WARN] Apply button not found/clickable (selector may be stale, or job uses external apply).
[2026-06-27 20:21:37] [ERROR] Failed processing job card 20: 'NoneType' object is not subscriptable
[2026-06-27 20:21:37] ═══ Searching: 'Senior Java Developer' ═══
[2026-06-27 20:21:37] Navigating to job search results for 'Senior Java Developer': https://www.naukri.com/senior-java-developer-jobs?k=Senior+Java+Developer&experience=4&wfhType=2
[2026-06-27 20:21:40] Job listings loaded.
[2026-06-27 20:21:48] [WARN] Could not find the 'Easy Apply' sidebar checkbox — selector may be stale, verify EASY_APPLY_CHECKBOX_SEL against the live page.
[2026-06-27 20:21:48] Found 20 job card(s) for 'Senior Java Developer'.
[2026-06-27 20:21:48] --- Processing job 1/20 (term: 'Senior Java Developer') ---
[2026-06-27 20:21:48] Opening job: Sr. Java Developer @ MNJ Software
[2026-06-27 20:22:06] [WARN] Apply button not found/clickable (selector may be stale, or job uses external apply).
[2026-06-27 20:22:06] [ERROR] Failed processing job card 1: 'NoneType' object is not subscriptable
[2026-06-27 20:22:06] --- Processing job 2/20 (term: 'Senior Java Developer') ---
[2026-06-27 20:22:06] Opening job: Java Developer(associate and senior Associate ) @ Insignia Consultancy Solutions
[2026-06-27 20:22:23] [WARN] Apply button not found/clickable (selector may be stale, or job uses external apply).
[2026-06-27 20:22:23] [ERROR] Failed processing job card 2: 'NoneType' object is not subscriptable
[2026-06-27 20:22:23] --- Processing job 3/20 (term: 'Senior Java Developer') ---
[2026-06-27 20:22:23] Opening job: Senior Java Developer @ Harris Global Business Services
[2026-06-27 20:22:41] [WARN] Apply button not found/clickable (selector may be stale, or job uses external apply).
[2026-06-27 20:22:41] [ERROR] Failed processing job card 3: 'NoneType' object is not subscriptable
[2026-06-27 20:22:41] --- Processing job 4/20 (term: 'Senior Java Developer') ---
[2026-06-27 20:22:41] Opening job: Senior Java Developer @ Harris Healthcare
[2026-06-27 20:22:58] [WARN] Apply button not found/clickable (selector may be stale, or job uses external apply).
[2026-06-27 20:22:58] [ERROR] Failed processing job card 4: 'NoneType' object is not subscriptable
[2026-06-27 20:22:58] --- Processing job 5/20 (term: 'Senior Java Developer') ---
[2026-06-27 20:22:58] Opening job: Senior Java Developer @ Innovya Technologies
[2026-06-27 20:23:16] [WARN] Apply button not found/clickable (selector may be stale, or job uses external apply).
[2026-06-27 20:23:16] [ERROR] Failed processing job card 5: 'NoneType' object is not subscriptable
[2026-06-27 20:23:16] --- Processing job 6/20 (term: 'Senior Java Developer') ---
[2026-06-27 20:23:16] Opening job: Senior Java Developer @ Virtualware Innovations
[2026-06-27 20:23:33] [WARN] Apply button not found/clickable (selector may be stale, or job uses external apply).
[2026-06-27 20:23:33] [ERROR] Failed processing job card 6: 'NoneType' object is not subscriptable
[2026-06-27 20:23:33] --- Processing job 7/20 (term: 'Senior Java Developer') ---
[2026-06-27 20:23:33] Opening job: Senior Java Developer @ Virtualware Innovations
[2026-06-27 20:23:51] [WARN] Apply button not found/clickable (selector may be stale, or job uses external apply).
[2026-06-27 20:23:51] [ERROR] Failed processing job card 7: 'NoneType' object is not subscriptable
[2026-06-27 20:23:51] --- Processing job 8/20 (term: 'Senior Java Developer') ---
[2026-06-27 20:23:51] Opening job: Senior Software Engineer @ Zuddl
[2026-06-27 20:24:08] [WARN] Apply button not found/clickable (selector may be stale, or job uses external apply).
[2026-06-27 20:24:08] [ERROR] Failed processing job card 8: 'NoneType' object is not subscriptable
[2026-06-27 20:24:08] --- Processing job 9/20 (term: 'Senior Java Developer') ---
[2026-06-27 20:24:08] Opening job: Senior Software Engineer @ Edifecs Technologies
[2026-06-27 20:24:26] [WARN] Apply button not found/clickable (selector may be stale, or job uses external apply).
[2026-06-27 20:24:26] [ERROR] Failed processing job card 9: 'NoneType' object is not subscriptable
[2026-06-27 20:24:26] --- Processing job 10/20 (term: 'Senior Java Developer') ---
[2026-06-27 20:24:26] Opening job: Software Engineer @ Versante Software Technologies
[2026-06-27 20:24:43] [WARN] Apply button not found/clickable (selector may be stale, or job uses external apply).
[2026-06-27 20:24:43] [ERROR] Failed processing job card 10: 'NoneType' object is not subscriptable
[2026-06-27 20:24:43] --- Processing job 11/20 (term: 'Senior Java Developer') ---
[2026-06-27 20:24:43] Opening job: Senior Engineer, PHP Drupal @ Nagarro
[2026-06-27 20:25:01] [WARN] Apply button not found/clickable (selector may be stale, or job uses external apply).
[2026-06-27 20:25:01] [ERROR] Failed processing job card 11: 'NoneType' object is not subscriptable
[2026-06-27 20:25:01] --- Processing job 12/20 (term: 'Senior Java Developer') ---
[2026-06-27 20:25:01] Opening job: Senior Mendix Developer @ Sagous
[2026-06-27 20:25:18] [WARN] Apply button not found/clickable (selector may be stale, or job uses external apply).
[2026-06-27 20:25:18] [ERROR] Failed processing job card 12: 'NoneType' object is not subscriptable
[2026-06-27 20:25:18] --- Processing job 13/20 (term: 'Senior Java Developer') ---
[2026-06-27 20:25:19] Opening job: Senior Software Developer @ Sahajseva Digital Consultancy
[2026-06-27 20:25:36] [WARN] Apply button not found/clickable (selector may be stale, or job uses external apply).
[2026-06-27 20:25:36] [ERROR] Failed processing job card 13: 'NoneType' object is not subscriptable
[2026-06-27 20:25:36] --- Processing job 14/20 (term: 'Senior Java Developer') ---
[2026-06-27 20:25:36] Opening job: Senior Software Developer Applications @ Learntastic
[2026-06-27 20:25:54] [WARN] Apply button not found/clickable (selector may be stale, or job uses external apply).
[2026-06-27 20:25:54] [ERROR] Failed processing job card 14: 'NoneType' object is not subscriptable
[2026-06-27 20:25:54] --- Processing job 15/20 (term: 'Senior Java Developer') ---
[2026-06-27 20:25:54] Opening job: Senior Software Developer Applications @ Learntastic
[2026-06-27 20:26:12] [WARN] Apply button not found/clickable (selector may be stale, or job uses external apply).
[2026-06-27 20:26:12] [ERROR] Failed processing job card 15: 'NoneType' object is not subscriptable
[2026-06-27 20:26:12] --- Processing job 16/20 (term: 'Senior Java Developer') ---
[2026-06-27 20:26:12] Opening job: Senior Software Engineer, Full Stack @ Mostudio
[2026-06-27 20:26:29] [WARN] Apply button not found/clickable (selector may be stale, or job uses external apply).
[2026-06-27 20:26:30] [ERROR] Failed processing job card 16: 'NoneType' object is not subscriptable
[2026-06-27 20:26:30] --- Processing job 17/20 (term: 'Senior Java Developer') ---
[2026-06-27 20:26:30] Opening job: Full Stack Developer @ E Tech Software
[2026-06-27 20:26:47] [WARN] Apply button not found/clickable (selector may be stale, or job uses external apply).
[2026-06-27 20:26:47] [ERROR] Failed processing job card 17: 'NoneType' object is not subscriptable
[2026-06-27 20:26:47] --- Processing job 18/20 (term: 'Senior Java Developer') ---
[2026-06-27 20:26:48] Opening job: Senior Staff Engineer, Big Data @ Nagarro
[2026-06-27 20:27:05] [WARN] Apply button not found/clickable (selector may be stale, or job uses external apply).
[2026-06-27 20:27:05] [ERROR] Failed processing job card 18: 'NoneType' object is not subscriptable
[2026-06-27 20:27:05] --- Processing job 19/20 (term: 'Senior Java Developer') ---
[2026-06-27 20:27:05] Opening job: Senior Staff Engineer, DevOps @ Nagarro
[2026-06-27 20:27:23] [WARN] Apply button not found/clickable (selector may be stale, or job uses external apply).
[2026-06-27 20:27:23] [ERROR] Failed processing job card 19: 'NoneType' object is not subscriptable
[2026-06-27 20:27:23] --- Processing job 20/20 (term: 'Senior Java Developer') ---
[2026-06-27 20:27:23] Opening job: React Native, Senior Developer, Mendix @ Qloron Technology
[2026-06-27 20:27:41] [WARN] Apply button not found/clickable (selector may be stale, or job uses external apply).
[2026-06-27 20:27:41] [ERROR] Failed processing job card 20: 'NoneType' object is not subscriptable
[2026-06-27 20:27:41] ═══ Searching: 'Spring Boot Developer' ═══
[2026-06-27 20:27:41] Navigating to job search results for 'Spring Boot Developer': https://www.naukri.com/spring-boot-developer-jobs?k=Spring+Boot+Developer&experience=4&wfhType=2
[2026-06-27 20:27:44] Job listings loaded.
[2026-06-27 20:27:52] [WARN] Could not find the 'Easy Apply' sidebar checkbox — selector may be stale, verify EASY_APPLY_CHECKBOX_SEL against the live page.
[2026-06-27 20:27:52] Found 20 job card(s) for 'Spring Boot Developer'.
[2026-06-27 20:27:52] --- Processing job 1/20 (term: 'Spring Boot Developer') ---
[2026-06-27 20:27:52] Opening job: Full-Stack Software Engineer @ Divyan Technologies Lucknow
[2026-06-27 20:28:10] [WARN] Apply button not found/clickable (selector may be stale, or job uses external apply).
[2026-06-27 20:28:10] [ERROR] Failed processing job card 1: 'NoneType' object is not subscriptable
[2026-06-27 20:28:10] --- Processing job 2/20 (term: 'Spring Boot Developer') ---
[2026-06-27 20:28:10] Opening job: Backend Developer (MERN | PostgreSQL) @ Stacklab
[2026-06-27 20:28:27] [WARN] Apply button not found/clickable (selector may be stale, or job uses external apply).
[2026-06-27 20:28:28] [ERROR] Failed processing job card 2: 'NoneType' object is not subscriptable
[2026-06-27 20:28:28] --- Processing job 3/20 (term: 'Spring Boot Developer') ---
[2026-06-27 20:28:28] Opening job: Associate Staff Engineer, Frontend AngularJS @ Nagarro
[2026-06-27 20:28:45] [WARN] Apply button not found/clickable (selector may be stale, or job uses external apply).
[2026-06-27 20:28:46] [ERROR] Failed processing job card 3: 'NoneType' object is not subscriptable
[2026-06-27 20:28:46] --- Processing job 4/20 (term: 'Spring Boot Developer') ---
[2026-06-27 20:28:46] Opening job: Associate Staff Engineer, Cloud @ Nagarro
[2026-06-27 20:29:03] [WARN] Apply button not found/clickable (selector may be stale, or job uses external apply).
[2026-06-27 20:29:04] [ERROR] Failed processing job card 4: 'NoneType' object is not subscriptable
[2026-06-27 20:29:04] --- Processing job 5/20 (term: 'Spring Boot Developer') ---
[2026-06-27 20:29:04] Opening job: Backend Developer @ Indium Corporation
[2026-06-27 20:29:21] [WARN] Apply button not found/clickable (selector may be stale, or job uses external apply).
[2026-06-27 20:29:21] [ERROR] Failed processing job card 5: 'NoneType' object is not subscriptable
[2026-06-27 20:29:21] --- Processing job 6/20 (term: 'Spring Boot Developer') ---
[2026-06-27 20:29:22] Opening job: Associate Staff Engineer, Mobile Cross Platform @ Nagarro
[2026-06-27 20:29:39] [WARN] Apply button not found/clickable (selector may be stale, or job uses external apply).
[2026-06-27 20:29:39] [ERROR] Failed processing job card 6: 'NoneType' object is not subscriptable
[2026-06-27 20:29:39] --- Processing job 7/20 (term: 'Spring Boot Developer') ---
[2026-06-27 20:29:40] Opening job: Associate Staff Engineer, .Net Web @ Nagarro
[2026-06-27 20:29:57] [WARN] Apply button not found/clickable (selector may be stale, or job uses external apply).
[2026-06-27 20:29:57] [ERROR] Failed processing job card 7: 'NoneType' object is not subscriptable
[2026-06-27 20:29:57] --- Processing job 8/20 (term: 'Spring Boot Developer') ---
[2026-06-27 20:29:58] Opening job: Associate Staff Engineer @ Nagarro
[2026-06-27 20:30:15] [WARN] Apply button not found/clickable (selector may be stale, or job uses external apply).
[2026-06-27 20:30:16] [ERROR] Failed processing job card 8: 'NoneType' object is not subscriptable
[2026-06-27 20:30:16] --- Processing job 9/20 (term: 'Spring Boot Developer') ---
[2026-06-27 20:30:16] Opening job: Java Full Stack Developer @ Vrinda International Noida
[2026-06-27 20:30:33] [WARN] Apply button not found/clickable (selector may be stale, or job uses external apply).
[2026-06-27 20:30:33] [ERROR] Failed processing job card 9: 'NoneType' object is not subscriptable
[2026-06-27 20:30:33] --- Processing job 10/20 (term: 'Spring Boot Developer') ---
[2026-06-27 20:30:33] Opening job: Senior Software Engineer @ Zuddl
[2026-06-27 20:30:51] [WARN] Apply button not found/clickable (selector may be stale, or job uses external apply).
[2026-06-27 20:30:51] [ERROR] Failed processing job card 10: 'NoneType' object is not subscriptable
[2026-06-27 20:30:51] --- Processing job 11/20 (term: 'Spring Boot Developer') ---
[2026-06-27 20:30:51] Opening job: Embedded IoT Developer Fresher Experienced @ ELK Education
[2026-06-27 20:31:09] [WARN] Apply button not found/clickable (selector may be stale, or job uses external apply).
[2026-06-27 20:31:09] [ERROR] Failed processing job card 11: 'NoneType' object is not subscriptable
[2026-06-27 20:31:09] --- Processing job 12/20 (term: 'Spring Boot Developer') ---
[2026-06-27 20:31:09] Opening job: Embedded IoT Developer Fresher Experienced @ ELK Education
[2026-06-27 20:31:27] [WARN] Apply button not found/clickable (selector may be stale, or job uses external apply).
[2026-06-27 20:31:27] [ERROR] Failed processing job card 12: 'NoneType' object is not subscriptable
[2026-06-27 20:31:27] --- Processing job 13/20 (term: 'Spring Boot Developer') ---
[2026-06-27 20:31:27] Opening job: Software Developer @ Fasyl Technology Group
[2026-06-27 20:31:45] [WARN] Apply button not found/clickable (selector may be stale, or job uses external apply).
[2026-06-27 20:31:45] [ERROR] Failed processing job card 13: 'NoneType' object is not subscriptable
[2026-06-27 20:31:45] --- Processing job 14/20 (term: 'Spring Boot Developer') ---
[2026-06-27 20:31:45] Opening job: Associate Staff Engineer, Java Application Support @ Nagarro
[2026-06-27 20:31:52] Entering handle_chatbot_question. Non-interactive mode: False
[2026-06-27 20:31:52] Chatbot question: Please mention your total years of experience
[2026-06-27 20:31:53] [Q-MATCH] Case-insensitive match found for: 'Please mention your total years of experience'
[2026-06-27 20:31:53] Found exact match in questions.json: 'Please mention your total years of experience' -> '4'
[2026-06-27 20:31:54] Clicked option (partial match): '4yrs-5yrs' for answer '4'
[2026-06-27 20:31:54] Clicked submit button after option selection.
[2026-06-27 20:31:55] Chatbot question: How many years of experience do you have in JavaSupport?
[2026-06-27 20:32:07] Clicked option (partial match): '4yrs-5yrs' for answer '4'
[2026-06-27 20:32:07] Clicked submit button after option selection.
[2026-06-27 20:32:09] Chatbot question: Which of the following technologies have you worked on? (Select all that apply)
[2026-06-27 20:32:09] [Q-MATCH] Case-insensitive match found for: 'Which of the following technologies have you worked on? (Sel'
[2026-06-27 20:32:09] Found exact match in questions.json: 'Which of the following technologies have you worked on? (Select all that apply)' -> 'java ,Angular ,  oracle'
[2026-06-27 20:32:10] Clicked option (partial match): 'Oracle' for answer 'java ,Angular ,  oracle'
[2026-06-27 20:32:10] Clicked submit button after option selection.
[2026-06-27 20:32:12] Chatbot question: Are you comfortable working in a 24x7 support rotation, including weekends or night shifts if required?
[2026-06-27 20:32:12] [Q-MATCH] Case-insensitive match found for: 'Are you comfortable working in a 24x7 support rotation, incl'
[2026-06-27 20:32:12] Found exact match in questions.json: 'Are you comfortable working in a 24x7 support rotation, including weekends or night shifts if required?' -> 'yes'
[2026-06-27 20:32:13] Clicked option (exact match): 'Yes'
[2026-06-27 20:32:13] Clicked submit button after option selection.
[2026-06-27 20:32:15] Chatbot question: Are you currently serving notice? if yes mention LWD.
[2026-06-27 20:32:17] [Q-MATCH] Case-insensitive match found for: 'Are you currently serving notice? if yes mention LWD.'
[2026-06-27 20:32:17] Found exact match in questions.json: 'Are you currently serving notice? if yes mention LWD.' -> 'yes'
[2026-06-27 20:32:17] [DEBUG] Trying input: tag=div, type=text
[2026-06-27 20:32:18] Successfully submitted chatbot answer using input (tag=div, type=text)
[2026-06-27 20:32:20] Chatbot question: Mention your current CTC & expected CTC
[2026-06-27 20:32:22] [Q-MATCH] Case-insensitive match found for: 'Mention your current CTC & expected CTC'
[2026-06-27 20:32:22] Found exact match in questions.json: 'Mention your current CTC & expected CTC' -> 'CTC : 1200000  ECTC  :1400000'
[2026-06-27 20:32:22] [DEBUG] Trying input: tag=div, type=text
[2026-06-27 20:32:23] Successfully submitted chatbot answer using input (tag=div, type=text)
[2026-06-27 20:32:25] Chatbot question: Are you comfortable to attend F2f drive in Gurugram on 20th June,2026
[2026-06-27 20:32:35] Clicked option (exact match): 'No'
[2026-06-27 20:32:35] Clicked submit button after option selection.
[2026-06-27 20:32:37] Chatbot question: What is your current notice period?
[2026-06-27 20:32:38] [Q-MATCH] Case-insensitive match found for: 'What is your current notice period?'
[2026-06-27 20:32:38] Found exact match in questions.json: 'What is your current notice period?' -> '20'
[2026-06-27 20:32:38] No option matched '20' among ['Immediate', '0-15 days', '1month', '2month', '3month', 'Skip this question']. Will try text input.
[2026-06-27 20:32:38] [WARN] Could not find any visible input box or matching option for this question.
[2026-06-27 20:32:38] [DEBUG] Total input elements found by selector: 4
[2026-06-27 20:32:38] [DEBUG]   [0] tag=input, type=text, visible=False
[2026-06-27 20:32:38] [DEBUG]   [1] tag=input, type=text, visible=False
[2026-06-27 20:32:38] [DEBUG]   [2] tag=input, type=text, visible=False
[2026-06-27 20:32:38] [DEBUG]   [3] tag=div, type=None, visible=False
[2026-06-27 20:32:38] [DEBUG] Chatbot container HTML: <div class="chatbot_InputContainer inputContainer-focus">
                        <div class="textAreaWrapper">
                        <div id="userInput__l7mkroe5dInputBox" class="textArea" contenteditable="true" data-placeholder="Type message here..."></div>
                        <span class="chatBot chatBot-add-round add-icon d-none p-events-none" id="add-icon__l7mkroe5dInputBox"></span>
                        </div>
                    </div>
[2026-06-27 20:32:41] [ERROR] Failed processing job card 14: 'NoneType' object is not subscriptable
[2026-06-27 20:32:41] --- Processing job 15/20 (term: 'Spring Boot Developer') ---
[2026-06-27 20:32:41] Opening job: Full Stack Developer (Java & Angular) @ Utimaco
[2026-06-27 20:32:58] [WARN] Apply button not found/clickable (selector may be stale, or job uses external apply).
[2026-06-27 20:32:59] [ERROR] Failed processing job card 15: 'NoneType' object is not subscriptable
[2026-06-27 20:32:59] --- Processing job 16/20 (term: 'Spring Boot Developer') ---
[2026-06-27 20:32:59] Opening job: Associate Staff Engineer ,Fastapp Developer @ Nagarro
[2026-06-27 20:33:16] [WARN] Apply button not found/clickable (selector may be stale, or job uses external apply).
[2026-06-27 20:33:17] [ERROR] Failed processing job card 16: 'NoneType' object is not subscriptable
[2026-06-27 20:33:17] --- Processing job 17/20 (term: 'Spring Boot Developer') ---
[2026-06-27 20:33:17] Opening job: Java Developer(associate and senior Associate ) @ Insignia Consultancy Solutions
[2026-06-27 20:33:34] [WARN] Apply button not found/clickable (selector may be stale, or job uses external apply).
[2026-06-27 20:33:34] [ERROR] Failed processing job card 17: 'NoneType' object is not subscriptable
[2026-06-27 20:33:34] --- Processing job 18/20 (term: 'Spring Boot Developer') ---
[2026-06-27 20:33:34] Opening job: App Developer @ Techbinge India
[2026-06-27 20:33:52] [WARN] Apply button not found/clickable (selector may be stale, or job uses external apply).
[2026-06-27 20:33:52] [ERROR] Failed processing job card 18: 'NoneType' object is not subscriptable
[2026-06-27 20:33:52] --- Processing job 19/20 (term: 'Spring Boot Developer') ---
[2026-06-27 20:33:52] Opening job: Java Developer @ Recruitly
[2026-06-27 20:34:10] [WARN] Apply button not found/clickable (selector may be stale, or job uses external apply).
[2026-06-27 20:34:10] [ERROR] Failed processing job card 19: 'NoneType' object is not subscriptable
[2026-06-27 20:34:10] --- Processing job 20/20 (term: 'Spring Boot Developer') ---
[2026-06-27 20:34:10] Opening job: ESRI ArcGIS professional @ Logic Planet
[2026-06-27 20:34:28] [WARN] Apply button not found/clickable (selector may be stale, or job uses external apply).
[2026-06-27 20:34:28] [ERROR] Failed processing job card 20: 'NoneType' object is not subscriptable
[2026-06-27 20:34:28] ═══ Searching: 'Java Microservices Developer' ═══
[2026-06-27 20:34:28] Navigating to job search results for 'Java Microservices Developer': https://www.naukri.com/java-microservices-developer-jobs?k=Java+Microservices+Developer&experience=4&wfhType=2
[2026-06-27 20:34:31] Job listings loaded.
[2026-06-27 20:34:39] [WARN] Could not find the 'Easy Apply' sidebar checkbox — selector may be stale, verify EASY_APPLY_CHECKBOX_SEL against the live page.
[2026-06-27 20:34:39] Found 20 job card(s) for 'Java Microservices Developer'.
[2026-06-27 20:34:39] --- Processing job 1/20 (term: 'Java Microservices Developer') ---
[2026-06-27 20:34:39] Opening job: Java + Microservices Developers, Pan India @ Virtualware Innovations
[2026-06-27 20:34:57] [WARN] Apply button not found/clickable (selector may be stale, or job uses external apply).
[2026-06-27 20:34:57] [ERROR] Failed processing job card 1: 'NoneType' object is not subscriptable
[2026-06-27 20:34:57] --- Processing job 2/20 (term: 'Java Microservices Developer') ---
[2026-06-27 20:34:57] Opening job: Java + Microservices Developers @ Virtualware Innovations
[2026-06-27 20:35:15] [WARN] Apply button not found/clickable (selector may be stale, or job uses external apply).
[2026-06-27 20:35:15] [ERROR] Failed processing job card 2: 'NoneType' object is not subscriptable
[2026-06-27 20:35:15] --- Processing job 3/20 (term: 'Java Microservices Developer') ---
[2026-06-27 20:35:15] Opening job: Full-Stack Software Engineer @ Divyan Technologies Lucknow
[2026-06-27 20:35:33] [WARN] Apply button not found/clickable (selector may be stale, or job uses external apply).
[2026-06-27 20:35:33] [ERROR] Failed processing job card 3: 'NoneType' object is not subscriptable
[2026-06-27 20:35:33] --- Processing job 4/20 (term: 'Java Microservices Developer') ---
[2026-06-27 20:35:33] Opening job: Backend Developer (MERN | PostgreSQL) @ Stacklab
[2026-06-27 20:35:52] [WARN] Apply button not found/clickable (selector may be stale, or job uses external apply).
[2026-06-27 20:35:52] [ERROR] Failed processing job card 4: 'NoneType' object is not subscriptable
[2026-06-27 20:35:52] --- Processing job 5/20 (term: 'Java Microservices Developer') ---
[2026-06-27 20:35:52] Opening job: Associate Staff Engineer, Frontend AngularJS @ Nagarro
[2026-06-27 20:36:10] [WARN] Apply button not found/clickable (selector may be stale, or job uses external apply).
[2026-06-27 20:36:10] [ERROR] Failed processing job card 5: 'NoneType' object is not subscriptable
[2026-06-27 20:36:10] --- Processing job 6/20 (term: 'Java Microservices Developer') ---
[2026-06-27 20:36:10] Opening job: Associate Staff Engineer, Cloud @ Nagarro
[2026-06-27 20:36:28] [WARN] Apply button not found/clickable (selector may be stale, or job uses external apply).
[2026-06-27 20:36:28] [ERROR] Failed processing job card 6: 'NoneType' object is not subscriptable
[2026-06-27 20:36:28] --- Processing job 7/20 (term: 'Java Microservices Developer') ---
[2026-06-27 20:36:28] Opening job: Associate Staff Engineer, Python @ Nagarro
[2026-06-27 20:36:46] [WARN] Apply button not found/clickable (selector may be stale, or job uses external apply).
[2026-06-27 20:36:46] [ERROR] Failed processing job card 7: 'NoneType' object is not subscriptable
[2026-06-27 20:36:46] --- Processing job 8/20 (term: 'Java Microservices Developer') ---
[2026-06-27 20:36:47] Opening job: Associate Staff Engineer, Mainframe @ Nagarro
[2026-06-27 20:37:05] [WARN] Apply button not found/clickable (selector may be stale, or job uses external apply).
[2026-06-27 20:37:05] [ERROR] Failed processing job card 8: 'NoneType' object is not subscriptable
[2026-06-27 20:37:05] --- Processing job 9/20 (term: 'Java Microservices Developer') ---
[2026-06-27 20:37:05] Opening job: Associate Staff Engineer, .Net Web @ Nagarro
[2026-06-27 20:37:23] [WARN] Apply button not found/clickable (selector may be stale, or job uses external apply).
[2026-06-27 20:37:23] [ERROR] Failed processing job card 9: 'NoneType' object is not subscriptable
[2026-06-27 20:37:23] --- Processing job 10/20 (term: 'Java Microservices Developer') ---
[2026-06-27 20:37:23] Opening job: Associate Staff Engineer, PHP Drupal @ Nagarro
[2026-06-27 20:37:41] [WARN] Apply button not found/clickable (selector may be stale, or job uses external apply).
[2026-06-27 20:37:41] [ERROR] Failed processing job card 10: 'NoneType' object is not subscriptable
[2026-06-27 20:37:41] --- Processing job 11/20 (term: 'Java Microservices Developer') ---
[2026-06-27 20:37:41] Opening job: Associate Staff Engineer, ERP @ Nagarro
[2026-06-27 20:37:59] [WARN] Apply button not found/clickable (selector may be stale, or job uses external apply).
[2026-06-27 20:37:59] [ERROR] Failed processing job card 11: 'NoneType' object is not subscriptable
[2026-06-27 20:37:59] --- Processing job 12/20 (term: 'Java Microservices Developer') ---
[2026-06-27 20:38:00] Opening job: Associate Staff Engineer, Sharepoint @ Nagarro
[2026-06-27 20:38:18] [WARN] Apply button not found/clickable (selector may be stale, or job uses external apply).
[2026-06-27 20:38:18] [ERROR] Failed processing job card 12: 'NoneType' object is not subscriptable
[2026-06-27 20:38:18] --- Processing job 13/20 (term: 'Java Microservices Developer') ---
[2026-06-27 20:38:18] Opening job: Associate Staff Engineer, PHP Magento @ Nagarro
[2026-06-27 20:38:36] [WARN] Apply button not found/clickable (selector may be stale, or job uses external apply).
[2026-06-27 20:38:36] [ERROR] Failed processing job card 13: 'NoneType' object is not subscriptable
[2026-06-27 20:38:36] --- Processing job 14/20 (term: 'Java Microservices Developer') ---
[2026-06-27 20:38:36] Opening job: Associate Staff Engineer, Frontend @ Nagarro
[2026-06-27 20:38:54] [WARN] Apply button not found/clickable (selector may be stale, or job uses external apply).
[2026-06-27 20:38:54] [ERROR] Failed processing job card 14: 'NoneType' object is not subscriptable
[2026-06-27 20:38:54] --- Processing job 15/20 (term: 'Java Microservices Developer') ---
[2026-06-27 20:38:54] Opening job: Associate Staff Engineer @ Nagarro
[2026-06-27 20:39:11] [WARN] Apply button not found/clickable (selector may be stale, or job uses external apply).
[2026-06-27 20:39:12] [ERROR] Failed processing job card 15: 'NoneType' object is not subscriptable
[2026-06-27 20:39:12] --- Processing job 16/20 (term: 'Java Microservices Developer') ---
[2026-06-27 20:39:12] Opening job: Senior Software Engineer @ Zuddl
[2026-06-27 20:39:29] [WARN] Apply button not found/clickable (selector may be stale, or job uses external apply).
[2026-06-27 20:39:30] [ERROR] Failed processing job card 16: 'NoneType' object is not subscriptable
[2026-06-27 20:39:30] --- Processing job 17/20 (term: 'Java Microservices Developer') ---
[2026-06-27 20:39:30] Opening job: Embedded IoT Developer Fresher Experienced @ ELK Education
[2026-06-27 20:39:47] [WARN] Apply button not found/clickable (selector may be stale, or job uses external apply).
[2026-06-27 20:39:47] [ERROR] Failed processing job card 17: 'NoneType' object is not subscriptable
[2026-06-27 20:39:47] --- Processing job 18/20 (term: 'Java Microservices Developer') ---
[2026-06-27 20:39:47] Opening job: Embedded IoT Developer Fresher Experienced @ ELK Education
[2026-06-27 20:40:05] [WARN] Apply button not found/clickable (selector may be stale, or job uses external apply).
[2026-06-27 20:40:05] [ERROR] Failed processing job card 18: 'NoneType' object is not subscriptable
[2026-06-27 20:40:05] --- Processing job 19/20 (term: 'Java Microservices Developer') ---
[2026-06-27 20:40:05] Opening job: Database & NoSQL Engineer @ Octobit8
[2026-06-27 20:40:23] [WARN] Apply button not found/clickable (selector may be stale, or job uses external apply).
[2026-06-27 20:40:23] [ERROR] Failed processing job card 19: 'NoneType' object is not subscriptable
[2026-06-27 20:40:23] --- Processing job 20/20 (term: 'Java Microservices Developer') ---
[2026-06-27 20:40:23] Opening job: Full Stack Developer (Java & Angular) @ Utimaco
[2026-06-27 20:40:41] [WARN] Apply button not found/clickable (selector may be stale, or job uses external apply).
[2026-06-27 20:40:41] [ERROR] Failed processing job card 20: 'NoneType' object is not subscriptable
[2026-06-27 20:40:41] ═══ Searching: 'Backend Developer' ═══
[2026-06-27 20:40:41] Navigating to job search results for 'Backend Developer': https://www.naukri.com/backend-developer-jobs?k=Backend+Developer&experience=4&wfhType=2
[2026-06-27 20:40:43] Job listings loaded.
[2026-06-27 20:40:51] [WARN] Could not find the 'Easy Apply' sidebar checkbox — selector may be stale, verify EASY_APPLY_CHECKBOX_SEL against the live page.
[2026-06-27 20:40:51] Found 20 job card(s) for 'Backend Developer'.
[2026-06-27 20:40:51] --- Processing job 1/20 (term: 'Backend Developer') ---
[2026-06-27 20:40:51] Opening job: Backend Developer @ Junky Tech India
[2026-06-27 20:41:09] [WARN] Apply button not found/clickable (selector may be stale, or job uses external apply).
[2026-06-27 20:41:09] [ERROR] Failed processing job card 1: 'NoneType' object is not subscriptable
[2026-06-27 20:41:09] --- Processing job 2/20 (term: 'Backend Developer') ---
[2026-06-27 20:41:09] Opening job: Backend Developer @ Indium Corporation
[2026-06-27 20:41:27] [WARN] Apply button not found/clickable (selector may be stale, or job uses external apply).
[2026-06-27 20:41:27] [ERROR] Failed processing job card 2: 'NoneType' object is not subscriptable
[2026-06-27 20:41:27] --- Processing job 3/20 (term: 'Backend Developer') ---
[2026-06-27 20:41:27] Opening job: Backend Developer @ Invoked Digital
[2026-06-27 20:41:45] [WARN] Apply button not found/clickable (selector may be stale, or job uses external apply).
[2026-06-27 20:41:45] [ERROR] Failed processing job card 3: 'NoneType' object is not subscriptable
[2026-06-27 20:41:45] --- Processing job 4/20 (term: 'Backend Developer') ---
[2026-06-27 20:41:45] Opening job: AI Backend Developer @ Nitsan Technologies
[2026-06-27 20:42:03] [WARN] Apply button not found/clickable (selector may be stale, or job uses external apply).
[2026-06-27 20:42:03] [ERROR] Failed processing job card 4: 'NoneType' object is not subscriptable
[2026-06-27 20:42:03] --- Processing job 5/20 (term: 'Backend Developer') ---
[2026-06-27 20:42:03] Opening job: Backend Developer @ Spherecode
[2026-06-27 20:42:20] [WARN] Apply button not found/clickable (selector may be stale, or job uses external apply).
[2026-06-27 20:42:21] [ERROR] Failed processing job card 5: 'NoneType' object is not subscriptable
[2026-06-27 20:42:21] --- Processing job 6/20 (term: 'Backend Developer') ---
[2026-06-27 20:42:21] Opening job: Backend Developer @ Tab32
[2026-06-27 20:42:38] [WARN] Apply button not found/clickable (selector may be stale, or job uses external apply).
[2026-06-27 20:42:38] [ERROR] Failed processing job card 6: 'NoneType' object is not subscriptable
[2026-06-27 20:42:39] --- Processing job 7/20 (term: 'Backend Developer') ---
[2026-06-27 20:42:39] Opening job: backend Developer @ Sparix Global
[2026-06-27 20:42:56] [WARN] Apply button not found/clickable (selector may be stale, or job uses external apply).
[2026-06-27 20:42:56] [ERROR] Failed processing job card 7: 'NoneType' object is not subscriptable
[2026-06-27 20:42:56] --- Processing job 8/20 (term: 'Backend Developer') ---
[2026-06-27 20:42:56] Opening job: Backend developer @ Androcid
[2026-06-27 20:43:10] [ERROR] Unexpected error applying to job: Message: invalid session id: session deleted as the browser has closed the connection
from disconnected: not connected to DevTools
  (Session info: chrome=149.0.7827.197); For documentation on this error, please visit: https://www.selenium.dev/documentation/webdriver/troubleshooting/errors#invalidsessionidexception
Stacktrace:
	undetected_chromedriver!GetHandleVerifier [0xb6a543+103f3]
	undetected_chromedriver!GetHandleVerifier [0xb6a584+10434]
	undetected_chromedriver!(No symbol) [0x96a700]
	undetected_chromedriver!(No symbol) [0x95999e]
	undetected_chromedriver!(No symbol) [0x978079]
	undetected_chromedriver!(No symbol) [0x9dc64c]
	undetected_chromedriver!(No symbol) [0x9f2df9]
	undetected_chromedriver!(No symbol) [0x9d5e66]
	undetected_chromedriver!(No symbol) [0x9a9159]
	undetected_chromedriver!(No symbol) [0x9a9f24]
	undetected_chromedriver!GetHandleVerifier [0xdf4bba+29aa6a]
	undetected_chromedriver!GetHandleVerifier [0xdf0119+295fc9]
	undetected_chromedriver!GetHandleVerifier [0xe1103e+2b6eee]
	undetected_chromedriver!GetHandleVerifier [0xb837f6+296a6]
	undetected_chromedriver!GetHandleVerifier [0xb8a91d+307cd]
	undetected_chromedriver!GetHandleVerifier [0xb72d18+18bc8]
	undetected_chromedriver!GetHandleVerifier [0xb72ec5+18d75]
	undetected_chromedriver!GetHandleVerifier [0xb5c05f+1f0f]
	KERNEL32!BaseThreadInitThunk [0x753e7ba9+19]
	ntdll!RtlInitializeExceptionChain [0x76f9c0cb+6b]
	ntdll!RtlClearBits [0x76f9c04f+bf]

[2026-06-27 20:43:10] [WARN] Error restoring window handle: Message: invalid session id; For documentation on this error, please visit: https://www.selenium.dev/documentation/webdriver/troubleshooting/errors#invalidsessionidexception
Stacktrace:
	undetected_chromedriver!GetHandleVerifier [0xb6a543+103f3]
	undetected_chromedriver!GetHandleVerifier [0xb6a584+10434]
	undetected_chromedriver!(No symbol) [0x96a53e]
	undetected_chromedriver!(No symbol) [0x9a83e7]
	undetected_chromedriver!(No symbol) [0x9d5f86]
	undetected_chromedriver!(No symbol) [0x9d1192]
	undetected_chromedriver!(No symbol) [0x9d0b71]
	undetected_chromedriver!(No symbol) [0x93db2e]
	undetected_chromedriver!(No symbol) [0x93e0ce]
	undetected_chromedriver!(No symbol) [0x93e5ad]
	undetected_chromedriver!GetHandleVerifier [0xdf4bba+29aa6a]
	undetected_chromedriver!GetHandleVerifier [0xdf0119+295fc9]
	undetected_chromedriver!GetHandleVerifier [0xe1103e+2b6eee]
	undetected_chromedriver!GetHandleVerifier [0xb837f6+296a6]
	undetected_chromedriver!GetHandleVerifier [0xb8a91d+307cd]
	undetected_chromedriver!(No symbol) [0x93d6a6]
	undetected_chromedriver!(No symbol) [0x93cd02]
	undetected_chromedriver!GetHandleVerifier [0xf5be1f+401ccf]
	KERNEL32!BaseThreadInitThunk [0x753e7ba9+19]
	ntdll!RtlInitializeExceptionChain [0x76f9c0cb+6b]
	ntdll!RtlClearBits [0x76f9c04f+bf]

[2026-06-27 20:43:10] [ERROR] Failed processing job card 8: 'NoneType' object is not subscriptable
[2026-06-27 20:43:10] [FATAL] Browser session was closed or lost: Message: invalid session id; For documentation on this error, please visit: https://www.selenium.dev/documentation/webdriver/troubleshooting/errors#invalidsessionidexception
Stacktrace:
	undetected_chromedriver!GetHandleVerifier [0xb6a543+103f3]
	undetected_chromedriver!GetHandleVerifier [0xb6a584+10434]
	undetected_chromedriver!(No symbol) [0x96a53e]
	undetected_chromedriver!(No symbol) [0x9a83e7]
	undetected_chromedriver!(No symbol) [0x9d5f86]
	undetected_chromedriver!(No symbol) [0x9d1192]
	undetected_chromedriver!(No symbol) [0x9d0b71]
	undetected_chromedriver!(No symbol) [0x93db2e]
	undetected_chromedriver!(No symbol) [0x93e0ce]
	undetected_chromedriver!(No symbol) [0x93e5ad]
	undetected_chromedriver!GetHandleVerifier [0xdf4bba+29aa6a]
	undetected_chromedriver!GetHandleVerifier [0xdf0119+295fc9]
	undetected_chromedriver!GetHandleVerifier [0xe1103e+2b6eee]
	undetected_chromedriver!GetHandleVerifier [0xb837f6+296a6]
	undetected_chromedriver!GetHandleVerifier [0xb8a91d+307cd]
	undetected_chromedriver!(No symbol) [0x93d6a6]
	undetected_chromedriver!(No symbol) [0x93cd02]
	undetected_chromedriver!GetHandleVerifier [0xf5be1f+401ccf]
	KERNEL32!BaseThreadInitThunk [0x753e7ba9+19]
	ntdll!RtlInitializeExceptionChain [0x76f9c0cb+6b]
	ntdll!RtlClearBits [0x76f9c04f+bf]
. Terminating run.
[2026-06-27 20:43:10] [FATAL] Browser session was closed or lost: Message: invalid session id; For documentation on this error, please visit: https://www.selenium.dev/documentation/webdriver/troubleshooting/errors#invalidsessionidexception
Stacktrace:
	undetected_chromedriver!GetHandleVerifier [0xb6a543+103f3]
	undetected_chromedriver!GetHandleVerifier [0xb6a584+10434]
	undetected_chromedriver!(No symbol) [0x96a53e]
	undetected_chromedriver!(No symbol) [0x9a83e7]
	undetected_chromedriver!(No symbol) [0x9d5f86]
	undetected_chromedriver!(No symbol) [0x9d1192]
	undetected_chromedriver!(No symbol) [0x9d0b71]
	undetected_chromedriver!(No symbol) [0x93db2e]
	undetected_chromedriver!(No symbol) [0x93e0ce]
	undetected_chromedriver!(No symbol) [0x93e5ad]
	undetected_chromedriver!GetHandleVerifier [0xdf4bba+29aa6a]
	undetected_chromedriver!GetHandleVerifier [0xdf0119+295fc9]
	undetected_chromedriver!GetHandleVerifier [0xe1103e+2b6eee]
	undetected_chromedriver!GetHandleVerifier [0xb837f6+296a6]
	undetected_chromedriver!GetHandleVerifier [0xb8a91d+307cd]
	undetected_chromedriver!(No symbol) [0x93d6a6]
	undetected_chromedriver!(No symbol) [0x93cd02]
	undetected_chromedriver!GetHandleVerifier [0xf5be1f+401ccf]
	KERNEL32!BaseThreadInitThunk [0x753e7ba9+19]
	ntdll!RtlInitializeExceptionChain [0x76f9c0cb+6b]
	ntdll!RtlClearBits [0x76f9c04f+bf]
. Terminating run.
[2026-06-27 20:43:10] Run complete. Total applications submitted this run: 0
[2026-06-29 17:48:33] ════════════════════════════════════════
[2026-06-29 17:48:33]   Naukri Auto-Apply Bot — starting run
[2026-06-29 17:48:33]   AI mode (Gemini): disabled (manual prompts)
[2026-06-29 17:48:33]   Non-Interactive: disabled (manual prompts)
[2026-06-29 17:48:33] ════════════════════════════════════════
[2026-06-29 17:48:35] Monkey-patched uc.Chrome.quit to suppress WinError 6 on exit.
[2026-06-29 17:48:35] Starting Chrome setup...
[2026-06-29 17:48:35] Found cached ChromeDriver: C:\Users\Pawan\AppData\Roaming\undetected_chromedriver\undetected_chromedriver.exe
[2026-06-29 17:48:35] Attempting undetected-chromedriver with use_subprocess=False...
[2026-06-29 17:48:40] Chrome driver (stealth, use_subprocess=False) successfully initialized!
[2026-06-29 17:48:40] Navigating to Naukri login page...
[2026-06-29 17:48:42] Submitted login form. Waiting for homepage to load...
[2026-06-29 17:48:46] Login appears successful.
[2026-06-29 17:48:46] Will search 12 term(s): ['Java Full Stack Developer', 'Senior Java Full Stack Developer', 'Java Developer', 'Senior Java Developer', 'Spring Boot Developer', 'Java Microservices Developer', 'Backend Developer', 'Java Backend Developer', 'Software Engineer', 'Senior Software Engineer', 'Full Stack Developer', 'Java Angular Developer']
[2026-06-29 17:48:46] ═══ Searching: 'Java Full Stack Developer' ═══
[2026-06-29 17:48:46] Navigating to job search results for 'Java Full Stack Developer': https://www.naukri.com/java-full-stack-developer-jobs?k=Java+Full+Stack+Developer&experience=4&wfhType=2
[2026-06-29 17:48:49] Job listings loaded.
[2026-06-29 17:48:57] [WARN] Could not find the 'Easy Apply' sidebar checkbox — selector may be stale, verify EASY_APPLY_CHECKBOX_SEL against the live page.
[2026-06-29 17:48:57] Found 20 job card(s) for 'Java Full Stack Developer'.
[2026-06-29 17:48:57] --- Processing job 1/20 (term: 'Java Full Stack Developer') ---
[2026-06-29 17:48:57] Opening job: Java Full Stack Developer @ Vrinda International Noida
[2026-06-29 17:49:15] [WARN] Apply button not found/clickable (selector may be stale, or job uses external apply).
[2026-06-29 17:49:15] [ERROR] Failed processing job card 1: 'NoneType' object is not subscriptable
[2026-06-29 17:49:15] --- Processing job 2/20 (term: 'Java Full Stack Developer') ---
[2026-06-29 17:49:15] Opening job: Full Stack Developer (Java & Angular) @ Utimaco
[2026-06-29 17:49:33] [WARN] Apply button not found/clickable (selector may be stale, or job uses external apply).
[2026-06-29 17:49:33] [ERROR] Failed processing job card 2: 'NoneType' object is not subscriptable
[2026-06-29 17:49:33] --- Processing job 3/20 (term: 'Java Full Stack Developer') ---
[2026-06-29 17:49:33] Opening job: Middle Full-Stack Engineer | Solvy @ Boosta
[2026-06-29 17:49:50] [WARN] Apply button not found/clickable (selector may be stale, or job uses external apply).
[2026-06-29 17:49:51] [ERROR] Failed processing job card 3: 'NoneType' object is not subscriptable
[2026-06-29 17:49:51] --- Processing job 4/20 (term: 'Java Full Stack Developer') ---
[2026-06-29 17:49:51] Opening job: Full-Stack Software Engineer @ Divyan Technologies Lucknow
[2026-06-29 17:50:08] [WARN] Apply button not found/clickable (selector may be stale, or job uses external apply).
[2026-06-29 17:50:08] [ERROR] Failed processing job card 4: 'NoneType' object is not subscriptable
[2026-06-29 17:50:08] --- Processing job 5/20 (term: 'Java Full Stack Developer') ---
[2026-06-29 17:50:08] Opening job: Web Developer @ Techbinge India
[2026-06-29 17:50:26] [WARN] Apply button not found/clickable (selector may be stale, or job uses external apply).
[2026-06-29 17:50:26] [ERROR] Failed processing job card 5: 'NoneType' object is not subscriptable
[2026-06-29 17:50:26] --- Processing job 6/20 (term: 'Java Full Stack Developer') ---
[2026-06-29 17:50:26] Opening job: Full Stack Developer @ Fusiontecz
[2026-06-29 17:50:44] [WARN] Apply button not found/clickable (selector may be stale, or job uses external apply).
[2026-06-29 17:50:44] [ERROR] Failed processing job card 6: 'NoneType' object is not subscriptable
[2026-06-29 17:50:44] --- Processing job 7/20 (term: 'Java Full Stack Developer') ---
[2026-06-29 17:50:44] Opening job: Hiring For Fullstack Java Developer @ Sierra Circuits
[2026-06-29 17:50:51] Entering handle_chatbot_question. Non-interactive mode: False
[2026-06-29 17:51:00] No chatbot questionnaire detected (or didn't load within 8s).
[2026-06-29 17:51:03] [ERROR] Failed processing job card 7: 'NoneType' object is not subscriptable
[2026-06-29 17:51:03] --- Processing job 8/20 (term: 'Java Full Stack Developer') ---
[2026-06-29 17:51:03] Opening job: Senior Software Engineer @ Zuddl
[2026-06-29 17:51:20] [WARN] Apply button not found/clickable (selector may be stale, or job uses external apply).
[2026-06-29 17:51:20] [ERROR] Failed processing job card 8: 'NoneType' object is not subscriptable
[2026-06-29 17:51:20] --- Processing job 9/20 (term: 'Java Full Stack Developer') ---
[2026-06-29 17:51:20] Opening job: Full Stack Developer @ Abhastra Technology
[2026-06-29 17:51:38] [WARN] Apply button not found/clickable (selector may be stale, or job uses external apply).
[2026-06-29 17:51:38] [ERROR] Failed processing job card 9: 'NoneType' object is not subscriptable
[2026-06-29 17:51:38] --- Processing job 10/20 (term: 'Java Full Stack Developer') ---
[2026-06-29 17:51:38] Opening job: AI Backend Developer @ Nitsan Technologies
[2026-06-29 17:51:56] [WARN] Apply button not found/clickable (selector may be stale, or job uses external apply).
[2026-06-29 17:51:56] [ERROR] Failed processing job card 10: 'NoneType' object is not subscriptable
[2026-06-29 17:51:56] --- Processing job 11/20 (term: 'Java Full Stack Developer') ---
[2026-06-29 17:51:56] Opening job: Senior Mendix Developer @ Sagous
[2026-06-29 17:52:14] [WARN] Apply button not found/clickable (selector may be stale, or job uses external apply).
[2026-06-29 17:52:14] [ERROR] Failed processing job card 11: 'NoneType' object is not subscriptable
[2026-06-29 17:52:14] --- Processing job 12/20 (term: 'Java Full Stack Developer') ---
[2026-06-29 17:52:14] Opening job: Senior Platform Engineer @ Ideagen
[2026-06-29 17:52:32] [WARN] Apply button not found/clickable (selector may be stale, or job uses external apply).
[2026-06-29 17:52:32] [ERROR] Failed processing job card 12: 'NoneType' object is not subscriptable
[2026-06-29 17:52:32] --- Processing job 13/20 (term: 'Java Full Stack Developer') ---
[2026-06-29 17:52:32] Opening job: Java Developer @ Ovitech Solutions
[2026-06-29 17:52:49] [WARN] Apply button not found/clickable (selector may be stale, or job uses external apply).
[2026-06-29 17:52:50] [ERROR] Failed processing job card 13: 'NoneType' object is not subscriptable
[2026-06-29 17:52:50] --- Processing job 14/20 (term: 'Java Full Stack Developer') ---
[2026-06-29 17:52:50] Opening job: Java Developer @ Crayontek
[2026-06-29 17:53:07] [WARN] Apply button not found/clickable (selector may be stale, or job uses external apply).
[2026-06-29 17:53:07] [ERROR] Failed processing job card 14: 'NoneType' object is not subscriptable
[2026-06-29 17:53:07] --- Processing job 15/20 (term: 'Java Full Stack Developer') ---
[2026-06-29 17:53:08] Opening job: Java Developer(associate and senior Associate ) @ Insignia Consultancy Solutions
[2026-06-29 17:53:25] [WARN] Apply button not found/clickable (selector may be stale, or job uses external apply).
[2026-06-29 17:53:25] [ERROR] Failed processing job card 15: 'NoneType' object is not subscriptable
[2026-06-29 17:53:25] --- Processing job 16/20 (term: 'Java Full Stack Developer') ---
[2026-06-29 17:53:25] Opening job: App Developer @ Techbinge India
[2026-06-29 17:53:43] [WARN] Apply button not found/clickable (selector may be stale, or job uses external apply).
[2026-06-29 17:53:43] [ERROR] Failed processing job card 16: 'NoneType' object is not subscriptable
[2026-06-29 17:53:43] --- Processing job 17/20 (term: 'Java Full Stack Developer') ---
[2026-06-29 17:53:43] Opening job: Senior AEM Developer @ Bhasaka Technologies
[2026-06-29 17:54:01] [WARN] Apply button not found/clickable (selector may be stale, or job uses external apply).
[2026-06-29 17:54:01] [ERROR] Failed processing job card 17: 'NoneType' object is not subscriptable
[2026-06-29 17:54:01] --- Processing job 18/20 (term: 'Java Full Stack Developer') ---
[2026-06-29 17:54:01] Opening job: Senior E Commerce Developer @ Kontoor Brands, Inc.
[2026-06-29 17:54:19] [WARN] Apply button not found/clickable (selector may be stale, or job uses external apply).
[2026-06-29 17:54:19] [ERROR] Failed processing job card 18: 'NoneType' object is not subscriptable
[2026-06-29 17:54:19] --- Processing job 19/20 (term: 'Java Full Stack Developer') ---
[2026-06-29 17:54:19] Opening job: Java Developer @ Recruitly
[2026-06-29 17:54:37] [WARN] Apply button not found/clickable (selector may be stale, or job uses external apply).
[2026-06-29 17:54:37] [ERROR] Failed processing job card 19: 'NoneType' object is not subscriptable
[2026-06-29 17:54:37] --- Processing job 20/20 (term: 'Java Full Stack Developer') ---
[2026-06-29 17:54:37] Opening job: Full Stack Developer @ Ovitech Solutions
[2026-06-29 17:54:54] [WARN] Apply button not found/clickable (selector may be stale, or job uses external apply).
[2026-06-29 17:54:55] [ERROR] Failed processing job card 20: 'NoneType' object is not subscriptable
[2026-06-29 17:54:55] ═══ Searching: 'Senior Java Full Stack Developer' ═══
[2026-06-29 17:54:55] Navigating to job search results for 'Senior Java Full Stack Developer': https://www.naukri.com/senior-java-full-stack-developer-jobs?k=Senior+Java+Full+Stack+Developer&experience=4&wfhType=2
[2026-06-29 17:54:57] Job listings loaded.
[2026-06-29 17:55:05] [WARN] Could not find the 'Easy Apply' sidebar checkbox — selector may be stale, verify EASY_APPLY_CHECKBOX_SEL against the live page.
[2026-06-29 17:55:05] Found 20 job card(s) for 'Senior Java Full Stack Developer'.
[2026-06-29 17:55:05] --- Processing job 1/20 (term: 'Senior Java Full Stack Developer') ---
[2026-06-29 17:55:06] Opening job: Senior Mendix Developer @ Sagous
[2026-06-29 17:55:23] [WARN] Apply button not found/clickable (selector may be stale, or job uses external apply).
[2026-06-29 17:55:23] [ERROR] Failed processing job card 1: 'NoneType' object is not subscriptable
[2026-06-29 17:55:23] --- Processing job 2/20 (term: 'Senior Java Full Stack Developer') ---
[2026-06-29 17:55:23] Opening job: Senior Platform Engineer @ Ideagen
[2026-06-29 17:55:41] [WARN] Apply button not found/clickable (selector may be stale, or job uses external apply).
[2026-06-29 17:55:41] [ERROR] Failed processing job card 2: 'NoneType' object is not subscriptable
[2026-06-29 17:55:41] --- Processing job 3/20 (term: 'Senior Java Full Stack Developer') ---
[2026-06-29 17:55:41] Opening job: Senior Software Engineer @ Zuddl
[2026-06-29 17:55:59] [WARN] Apply button not found/clickable (selector may be stale, or job uses external apply).
[2026-06-29 17:55:59] [ERROR] Failed processing job card 3: 'NoneType' object is not subscriptable
[2026-06-29 17:55:59] --- Processing job 4/20 (term: 'Senior Java Full Stack Developer') ---
[2026-06-29 17:55:59] Opening job: Full Stack Developer @ E Tech Software
[2026-06-29 17:56:17] [WARN] Apply button not found/clickable (selector may be stale, or job uses external apply).
[2026-06-29 17:56:17] [ERROR] Failed processing job card 4: 'NoneType' object is not subscriptable
[2026-06-29 17:56:17] --- Processing job 5/20 (term: 'Senior Java Full Stack Developer') ---
[2026-06-29 17:56:17] Opening job: Senior Java Developer @ Harris Global Business Services
[2026-06-29 17:56:34] [WARN] Apply button not found/clickable (selector may be stale, or job uses external apply).
[2026-06-29 17:56:34] [ERROR] Failed processing job card 5: 'NoneType' object is not subscriptable
[2026-06-29 17:56:34] --- Processing job 6/20 (term: 'Senior Java Full Stack Developer') ---
[2026-06-29 17:56:34] Opening job: Senior Java Developer @ Harris Healthcare
[2026-06-29 17:56:52] [WARN] Apply button not found/clickable (selector may be stale, or job uses external apply).
[2026-06-29 17:56:52] [ERROR] Failed processing job card 6: 'NoneType' object is not subscriptable
[2026-06-29 17:56:52] --- Processing job 7/20 (term: 'Senior Java Full Stack Developer') ---
[2026-06-29 17:56:52] Opening job: BPI Developer Sr Developer @ Sparix Global
[2026-06-29 17:57:10] [WARN] Apply button not found/clickable (selector may be stale, or job uses external apply).
[2026-06-29 17:57:10] [ERROR] Failed processing job card 7: 'NoneType' object is not subscriptable
[2026-06-29 17:57:10] --- Processing job 8/20 (term: 'Senior Java Full Stack Developer') ---
[2026-06-29 17:57:10] Opening job: BPI Developer / Senior Developer @ Sparix Global
[2026-06-29 17:57:28] [WARN] Apply button not found/clickable (selector may be stale, or job uses external apply).
[2026-06-29 17:57:28] [ERROR] Failed processing job card 8: 'NoneType' object is not subscriptable
[2026-06-29 17:57:28] --- Processing job 9/20 (term: 'Senior Java Full Stack Developer') ---
[2026-06-29 17:57:28] Opening job: Full Stack Developer - Grant Management Platform - Pan india @ Social Alpha
[2026-06-29 17:57:46] [WARN] Apply button not found/clickable (selector may be stale, or job uses external apply).
[2026-06-29 17:57:46] [ERROR] Failed processing job card 9: 'NoneType' object is not subscriptable
[2026-06-29 17:57:46] --- Processing job 10/20 (term: 'Senior Java Full Stack Developer') ---
[2026-06-29 17:57:46] Opening job: Senior Software Engineer, Full Stack @ Mostudio
[2026-06-29 17:58:04] [WARN] Apply button not found/clickable (selector may be stale, or job uses external apply).
[2026-06-29 17:58:04] [ERROR] Failed processing job card 10: 'NoneType' object is not subscriptable
[2026-06-29 17:58:04] --- Processing job 11/20 (term: 'Senior Java Full Stack Developer') ---
[2026-06-29 17:58:04] Opening job: Senior Full Stack Java Software Engineer @ Global Business Ser 4u
[2026-06-29 17:58:21] [WARN] Apply button not found/clickable (selector may be stale, or job uses external apply).
[2026-06-29 17:58:22] [ERROR] Failed processing job card 11: 'NoneType' object is not subscriptable
[2026-06-29 17:58:22] --- Processing job 12/20 (term: 'Senior Java Full Stack Developer') ---
[2026-06-29 17:58:22] Opening job: Java Developer(associate and senior Associate ) @ Insignia Consultancy Solutions
[2026-06-29 17:58:39] [WARN] Apply button not found/clickable (selector may be stale, or job uses external apply).
[2026-06-29 17:58:39] [ERROR] Failed processing job card 12: 'NoneType' object is not subscriptable
[2026-06-29 17:58:39] --- Processing job 13/20 (term: 'Senior Java Full Stack Developer') ---
[2026-06-29 17:58:40] Opening job: Senior AEM Developer @ Bhasaka Technologies
[2026-06-29 17:58:57] [WARN] Apply button not found/clickable (selector may be stale, or job uses external apply).
[2026-06-29 17:58:57] [ERROR] Failed processing job card 13: 'NoneType' object is not subscriptable
[2026-06-29 17:58:57] --- Processing job 14/20 (term: 'Senior Java Full Stack Developer') ---
[2026-06-29 17:58:57] Opening job: Senior E Commerce Developer @ Kontoor Brands, Inc.
[2026-06-29 17:59:15] [WARN] Apply button not found/clickable (selector may be stale, or job uses external apply).
[2026-06-29 17:59:15] [ERROR] Failed processing job card 14: 'NoneType' object is not subscriptable
[2026-06-29 17:59:15] --- Processing job 15/20 (term: 'Senior Java Full Stack Developer') ---
[2026-06-29 17:59:15] Opening job: Senior Java Developer @ Innovya Technologies
[2026-06-29 17:59:33] [WARN] Apply button not found/clickable (selector may be stale, or job uses external apply).
[2026-06-29 17:59:33] [ERROR] Failed processing job card 15: 'NoneType' object is not subscriptable
[2026-06-29 17:59:33] --- Processing job 16/20 (term: 'Senior Java Full Stack Developer') ---
[2026-06-29 17:59:33] Opening job: Senior Java Developer @ Virtualware Innovations
[2026-06-29 17:59:51] [WARN] Apply button not found/clickable (selector may be stale, or job uses external apply).
[2026-06-29 17:59:51] [ERROR] Failed processing job card 16: 'NoneType' object is not subscriptable
[2026-06-29 17:59:51] --- Processing job 17/20 (term: 'Senior Java Full Stack Developer') ---
[2026-06-29 17:59:51] Opening job: Sr. Full Stack Developer @ Ncube Infosolutions
[2026-06-29 18:00:09] [WARN] Apply button not found/clickable (selector may be stale, or job uses external apply).
[2026-06-29 18:00:09] [ERROR] Failed processing job card 17: 'NoneType' object is not subscriptable
[2026-06-29 18:00:09] --- Processing job 18/20 (term: 'Senior Java Full Stack Developer') ---
[2026-06-29 18:00:09] Opening job: Sr Software Engineer-Java @ PointAbout Inc.
[2026-06-29 18:00:27] [WARN] Apply button not found/clickable (selector may be stale, or job uses external apply).
[2026-06-29 18:00:27] [ERROR] Failed processing job card 18: 'NoneType' object is not subscriptable
[2026-06-29 18:00:27] --- Processing job 19/20 (term: 'Senior Java Full Stack Developer') ---
[2026-06-29 18:00:27] Opening job: Senior Software Engineer @ Edifecs Technologies
[2026-06-29 18:00:44] [WARN] Apply button not found/clickable (selector may be stale, or job uses external apply).
[2026-06-29 18:00:44] [ERROR] Failed processing job card 19: 'NoneType' object is not subscriptable
[2026-06-29 18:00:44] --- Processing job 20/20 (term: 'Senior Java Full Stack Developer') ---
[2026-06-29 18:00:45] Opening job: Senior UI Engineer @ Quickbase
[2026-06-29 18:01:02] [WARN] Apply button not found/clickable (selector may be stale, or job uses external apply).
[2026-06-29 18:01:02] [ERROR] Failed processing job card 20: 'NoneType' object is not subscriptable
[2026-06-29 18:01:02] ═══ Searching: 'Java Developer' ═══
[2026-06-29 18:01:02] Navigating to job search results for 'Java Developer': https://www.naukri.com/java-developer-jobs?k=Java+Developer&experience=4&wfhType=2
[2026-06-29 18:01:05] Job listings loaded.
[2026-06-29 18:01:13] [WARN] Could not find the 'Easy Apply' sidebar checkbox — selector may be stale, verify EASY_APPLY_CHECKBOX_SEL against the live page.
[2026-06-29 18:01:13] Found 20 job card(s) for 'Java Developer'.
[2026-06-29 18:01:13] --- Processing job 1/20 (term: 'Java Developer') ---
[2026-06-29 18:01:13] Opening job: Java Developer @ MNJ Software
[2026-06-29 18:01:31] [WARN] Apply button not found/clickable (selector may be stale, or job uses external apply).
[2026-06-29 18:01:31] [ERROR] Failed processing job card 1: 'NoneType' object is not subscriptable
[2026-06-29 18:01:31] --- Processing job 2/20 (term: 'Java Developer') ---
[2026-06-29 18:01:31] Opening job: Java Developer @ Ovitech Solutions
[2026-06-29 18:01:48] [WARN] Apply button not found/clickable (selector may be stale, or job uses external apply).
[2026-06-29 18:01:49] [ERROR] Failed processing job card 2: 'NoneType' object is not subscriptable
[2026-06-29 18:01:49] --- Processing job 3/20 (term: 'Java Developer') ---
[2026-06-29 18:01:49] Opening job: Java Developer @ Crayontek
[2026-06-29 18:02:06] [WARN] Apply button not found/clickable (selector may be stale, or job uses external apply).
[2026-06-29 18:02:06] [ERROR] Failed processing job card 3: 'NoneType' object is not subscriptable
[2026-06-29 18:02:06] --- Processing job 4/20 (term: 'Java Developer') ---
[2026-06-29 18:02:07] Opening job: Java Developer @ Weitglobal
[2026-06-29 18:02:24] [WARN] Apply button not found/clickable (selector may be stale, or job uses external apply).
[2026-06-29 18:02:24] [ERROR] Failed processing job card 4: 'NoneType' object is not subscriptable
[2026-06-29 18:02:24] --- Processing job 5/20 (term: 'Java Developer') ---
[2026-06-29 18:02:24] Opening job: Java Developer @ Recruitly
[2026-06-29 18:02:42] [WARN] Apply button not found/clickable (selector may be stale, or job uses external apply).
[2026-06-29 18:02:42] [ERROR] Failed processing job card 5: 'NoneType' object is not subscriptable
[2026-06-29 18:02:42] --- Processing job 6/20 (term: 'Java Developer') ---
[2026-06-29 18:02:42] Opening job: Java Developer @ Yellow Sapphire
[2026-06-29 18:03:00] [WARN] Apply button not found/clickable (selector may be stale, or job uses external apply).
[2026-06-29 18:03:00] [ERROR] Failed processing job card 6: 'NoneType' object is not subscriptable
[2026-06-29 18:03:00] --- Processing job 7/20 (term: 'Java Developer') ---
[2026-06-29 18:03:00] Opening job: Java Developer with AI Focus @ Verdantis
[2026-06-29 18:03:18] [WARN] Apply button not found/clickable (selector may be stale, or job uses external apply).
[2026-06-29 18:03:18] [ERROR] Failed processing job card 7: 'NoneType' object is not subscriptable
[2026-06-29 18:03:18] --- Processing job 8/20 (term: 'Java Developer') ---
[2026-06-29 18:03:18] Opening job: Java Developers @ JK Lucent
[2026-06-29 18:03:36] [WARN] Apply button not found/clickable (selector may be stale, or job uses external apply).
[2026-06-29 18:03:36] [ERROR] Failed processing job card 8: 'NoneType' object is not subscriptable
[2026-06-29 18:03:36] --- Processing job 9/20 (term: 'Java Developer') ---
[2026-06-29 18:03:36] Opening job: Mid Experience Java Developer @ Crayontek
[2026-06-29 18:03:54] [WARN] Apply button not found/clickable (selector may be stale, or job uses external apply).
[2026-06-29 18:03:54] [ERROR] Failed processing job card 9: 'NoneType' object is not subscriptable
[2026-06-29 18:03:54] --- Processing job 10/20 (term: 'Java Developer') ---
[2026-06-29 18:03:54] Opening job: Java Developer @ Irisidea
[2026-06-29 18:04:11] [WARN] Apply button not found/clickable (selector may be stale, or job uses external apply).
[2026-06-29 18:04:11] [ERROR] Failed processing job card 10: 'NoneType' object is not subscriptable
[2026-06-29 18:04:11] --- Processing job 11/20 (term: 'Java Developer') ---
[2026-06-29 18:04:12] Opening job: Java Developers @ Sourcetrace Systems
[2026-06-29 18:04:29] [WARN] Apply button not found/clickable (selector may be stale, or job uses external apply).
[2026-06-29 18:04:29] [ERROR] Failed processing job card 11: 'NoneType' object is not subscriptable
[2026-06-29 18:04:29] --- Processing job 12/20 (term: 'Java Developer') ---
[2026-06-29 18:04:29] Opening job: Java Developer @ Iris Info
[2026-06-29 18:04:47] [WARN] Apply button not found/clickable (selector may be stale, or job uses external apply).
[2026-06-29 18:04:47] [ERROR] Failed processing job card 12: 'NoneType' object is not subscriptable
[2026-06-29 18:04:47] --- Processing job 13/20 (term: 'Java Developer') ---
[2026-06-29 18:04:47] Opening job: Java Developer @ NTK Creative Tech
[2026-06-29 18:05:05] [WARN] Apply button not found/clickable (selector may be stale, or job uses external apply).
[2026-06-29 18:05:05] [ERROR] Failed processing job card 13: 'NoneType' object is not subscriptable
[2026-06-29 18:05:05] --- Processing job 14/20 (term: 'Java Developer') ---
[2026-06-29 18:05:05] Opening job: Java Developer @ Gokool Software Labs
[2026-06-29 18:05:23] [WARN] Apply button not found/clickable (selector may be stale, or job uses external apply).
[2026-06-29 18:05:23] [ERROR] Failed processing job card 14: 'NoneType' object is not subscriptable
[2026-06-29 18:05:23] --- Processing job 15/20 (term: 'Java Developer') ---
[2026-06-29 18:05:23] Opening job: Java + Selenium Developer, Pan India @ Virtualware Innovations
[2026-06-29 18:05:41] [WARN] Apply button not found/clickable (selector may be stale, or job uses external apply).
[2026-06-29 18:05:41] [ERROR] Failed processing job card 15: 'NoneType' object is not subscriptable
[2026-06-29 18:05:41] --- Processing job 16/20 (term: 'Java Developer') ---
[2026-06-29 18:05:41] Opening job: Java Spark Developer @ Overture Rede
[2026-06-29 18:05:59] [WARN] Apply button not found/clickable (selector may be stale, or job uses external apply).
[2026-06-29 18:05:59] [ERROR] Failed processing job card 16: 'NoneType' object is not subscriptable
[2026-06-29 18:05:59] --- Processing job 17/20 (term: 'Java Developer') ---
[2026-06-29 18:05:59] Opening job: Java Mirco Services Developer @ Insignia Consultancy Solutions
[2026-06-29 18:06:16] [WARN] Apply button not found/clickable (selector may be stale, or job uses external apply).
[2026-06-29 18:06:16] [ERROR] Failed processing job card 17: 'NoneType' object is not subscriptable
[2026-06-29 18:06:16] --- Processing job 18/20 (term: 'Java Developer') ---
[2026-06-29 18:06:17] Opening job: Java Developer(associate and senior Associate ) @ Insignia Consultancy Solutions
[2026-06-29 18:06:34] [WARN] Apply button not found/clickable (selector may be stale, or job uses external apply).
[2026-06-29 18:06:34] [ERROR] Failed processing job card 18: 'NoneType' object is not subscriptable
[2026-06-29 18:06:34] --- Processing job 19/20 (term: 'Java Developer') ---
[2026-06-29 18:06:34] Opening job: Java Devloper @ Codersbrain India
[2026-06-29 18:06:52] [WARN] Apply button not found/clickable (selector may be stale, or job uses external apply).
[2026-06-29 18:06:52] [ERROR] Failed processing job card 19: 'NoneType' object is not subscriptable
[2026-06-29 18:06:52] --- Processing job 20/20 (term: 'Java Developer') ---
[2026-06-29 18:06:52] Opening job: Senior Java Developer @ Innovya Technologies
[2026-06-29 18:07:10] [WARN] Apply button not found/clickable (selector may be stale, or job uses external apply).
[2026-06-29 18:07:10] [ERROR] Failed processing job card 20: 'NoneType' object is not subscriptable
[2026-06-29 18:07:10] ═══ Searching: 'Senior Java Developer' ═══
[2026-06-29 18:07:10] Navigating to job search results for 'Senior Java Developer': https://www.naukri.com/senior-java-developer-jobs?k=Senior+Java+Developer&experience=4&wfhType=2
[2026-06-29 18:07:13] Job listings loaded.
[2026-06-29 18:07:21] [WARN] Could not find the 'Easy Apply' sidebar checkbox — selector may be stale, verify EASY_APPLY_CHECKBOX_SEL against the live page.
[2026-06-29 18:07:21] Found 20 job card(s) for 'Senior Java Developer'.
[2026-06-29 18:07:21] --- Processing job 1/20 (term: 'Senior Java Developer') ---
[2026-06-29 18:07:21] Opening job: Sr. Java Developer @ MNJ Software
[2026-06-29 18:07:39] [WARN] Apply button not found/clickable (selector may be stale, or job uses external apply).
[2026-06-29 18:07:39] [ERROR] Failed processing job card 1: 'NoneType' object is not subscriptable
[2026-06-29 18:07:39] --- Processing job 2/20 (term: 'Senior Java Developer') ---
[2026-06-29 18:07:39] Opening job: Java Developer(associate and senior Associate ) @ Insignia Consultancy Solutions
[2026-06-29 18:07:57] [WARN] Apply button not found/clickable (selector may be stale, or job uses external apply).
[2026-06-29 18:07:57] [ERROR] Failed processing job card 2: 'NoneType' object is not subscriptable
[2026-06-29 18:07:57] --- Processing job 3/20 (term: 'Senior Java Developer') ---
[2026-06-29 18:07:57] Opening job: Senior Java Developer @ Harris Global Business Services
[2026-06-29 18:08:15] [WARN] Apply button not found/clickable (selector may be stale, or job uses external apply).
[2026-06-29 18:08:15] [ERROR] Failed processing job card 3: 'NoneType' object is not subscriptable
[2026-06-29 18:08:15] --- Processing job 4/20 (term: 'Senior Java Developer') ---
[2026-06-29 18:08:15] Opening job: Senior Java Developer @ Harris Healthcare
[2026-06-29 18:08:33] [WARN] Apply button not found/clickable (selector may be stale, or job uses external apply).
[2026-06-29 18:08:33] [ERROR] Failed processing job card 4: 'NoneType' object is not subscriptable
[2026-06-29 18:08:33] --- Processing job 5/20 (term: 'Senior Java Developer') ---
[2026-06-29 18:08:33] Opening job: Senior Java Developer @ Innovya Technologies
[2026-06-29 18:08:51] [WARN] Apply button not found/clickable (selector may be stale, or job uses external apply).
[2026-06-29 18:08:51] [ERROR] Failed processing job card 5: 'NoneType' object is not subscriptable
[2026-06-29 18:08:51] --- Processing job 6/20 (term: 'Senior Java Developer') ---
[2026-06-29 18:08:51] Opening job: Senior Java Developer @ Virtualware Innovations
[2026-06-29 18:09:09] [WARN] Apply button not found/clickable (selector may be stale, or job uses external apply).
[2026-06-29 18:09:09] [ERROR] Failed processing job card 6: 'NoneType' object is not subscriptable
[2026-06-29 18:09:09] --- Processing job 7/20 (term: 'Senior Java Developer') ---
[2026-06-29 18:09:09] Opening job: Senior Java Developer @ Virtualware Innovations
[2026-06-29 18:09:26] [WARN] Apply button not found/clickable (selector may be stale, or job uses external apply).
[2026-06-29 18:09:27] [ERROR] Failed processing job card 7: 'NoneType' object is not subscriptable
[2026-06-29 18:09:27] --- Processing job 8/20 (term: 'Senior Java Developer') ---
[2026-06-29 18:09:27] Opening job: Senior Software Engineer @ Zuddl
[2026-06-29 18:09:44] [WARN] Apply button not found/clickable (selector may be stale, or job uses external apply).
[2026-06-29 18:09:44] [ERROR] Failed processing job card 8: 'NoneType' object is not subscriptable
[2026-06-29 18:09:44] --- Processing job 9/20 (term: 'Senior Java Developer') ---
[2026-06-29 18:09:45] Opening job: Senior Software Engineer @ Edifecs Technologies
[2026-06-29 18:10:02] [WARN] Apply button not found/clickable (selector may be stale, or job uses external apply).
[2026-06-29 18:10:02] [ERROR] Failed processing job card 9: 'NoneType' object is not subscriptable
[2026-06-29 18:10:02] --- Processing job 10/20 (term: 'Senior Java Developer') ---
[2026-06-29 18:10:02] Opening job: Software Engineer @ Versante Software Technologies
[2026-06-29 18:10:20] [WARN] Apply button not found/clickable (selector may be stale, or job uses external apply).
[2026-06-29 18:10:20] [ERROR] Failed processing job card 10: 'NoneType' object is not subscriptable
[2026-06-29 18:10:20] --- Processing job 11/20 (term: 'Senior Java Developer') ---
[2026-06-29 18:10:20] Opening job: Senior Engineer, PHP Drupal @ Nagarro
[2026-06-29 18:10:38] [WARN] Apply button not found/clickable (selector may be stale, or job uses external apply).
[2026-06-29 18:10:38] [ERROR] Failed processing job card 11: 'NoneType' object is not subscriptable
[2026-06-29 18:10:38] --- Processing job 12/20 (term: 'Senior Java Developer') ---
[2026-06-29 18:10:38] Opening job: Senior Software Developer @ Sahajseva Digital Consultancy
[2026-06-29 18:10:56] [WARN] Apply button not found/clickable (selector may be stale, or job uses external apply).
[2026-06-29 18:10:56] [ERROR] Failed processing job card 12: 'NoneType' object is not subscriptable
[2026-06-29 18:10:56] --- Processing job 13/20 (term: 'Senior Java Developer') ---
[2026-06-29 18:10:56] Opening job: Senior Mendix Developer @ Sagous
[2026-06-29 18:11:14] [WARN] Apply button not found/clickable (selector may be stale, or job uses external apply).
[2026-06-29 18:11:14] [ERROR] Failed processing job card 13: 'NoneType' object is not subscriptable
[2026-06-29 18:11:14] --- Processing job 14/20 (term: 'Senior Java Developer') ---
[2026-06-29 18:11:14] Opening job: Senior Software Developer Applications @ Learntastic
[2026-06-29 18:11:32] [WARN] Apply button not found/clickable (selector may be stale, or job uses external apply).
[2026-06-29 18:11:32] [ERROR] Failed processing job card 14: 'NoneType' object is not subscriptable
[2026-06-29 18:11:32] --- Processing job 15/20 (term: 'Senior Java Developer') ---
[2026-06-29 18:11:32] Opening job: Senior Software Developer Applications @ Learntastic
[2026-06-29 18:11:49] [WARN] Apply button not found/clickable (selector may be stale, or job uses external apply).
[2026-06-29 18:11:49] [ERROR] Failed processing job card 15: 'NoneType' object is not subscriptable
[2026-06-29 18:11:49] --- Processing job 16/20 (term: 'Senior Java Developer') ---
[2026-06-29 18:11:50] Opening job: Full Stack Developer @ E Tech Software
[2026-06-29 18:12:07] [WARN] Apply button not found/clickable (selector may be stale, or job uses external apply).
[2026-06-29 18:12:07] [ERROR] Failed processing job card 16: 'NoneType' object is not subscriptable
[2026-06-29 18:12:07] --- Processing job 17/20 (term: 'Senior Java Developer') ---
[2026-06-29 18:12:07] Opening job: Senior Staff Engineer, Big Data @ Nagarro
[2026-06-29 18:12:25] [WARN] Apply button not found/clickable (selector may be stale, or job uses external apply).
[2026-06-29 18:12:25] [ERROR] Failed processing job card 17: 'NoneType' object is not subscriptable
[2026-06-29 18:12:25] --- Processing job 18/20 (term: 'Senior Java Developer') ---
[2026-06-29 18:12:25] Opening job: Senior Staff Engineer, DevOps @ Nagarro
[2026-06-29 18:12:43] [WARN] Apply button not found/clickable (selector may be stale, or job uses external apply).
[2026-06-29 18:12:43] [ERROR] Failed processing job card 18: 'NoneType' object is not subscriptable
[2026-06-29 18:12:43] --- Processing job 19/20 (term: 'Senior Java Developer') ---
[2026-06-29 18:12:43] Opening job: React Native, Senior Developer, Mendix @ Qloron Technology
[2026-06-29 18:13:01] [WARN] Apply button not found/clickable (selector may be stale, or job uses external apply).
[2026-06-29 18:13:01] [ERROR] Failed processing job card 19: 'NoneType' object is not subscriptable
[2026-06-29 18:13:01] --- Processing job 20/20 (term: 'Senior Java Developer') ---
[2026-06-29 18:13:01] Opening job: BPI Developer Sr Developer @ Sparix Global
[2026-06-29 18:13:19] [WARN] Apply button not found/clickable (selector may be stale, or job uses external apply).
[2026-06-29 18:13:19] [ERROR] Failed processing job card 20: 'NoneType' object is not subscriptable
[2026-06-29 18:13:19] ═══ Searching: 'Spring Boot Developer' ═══
[2026-06-29 18:13:19] Navigating to job search results for 'Spring Boot Developer': https://www.naukri.com/spring-boot-developer-jobs?k=Spring+Boot+Developer&experience=4&wfhType=2
[2026-06-29 18:13:22] Job listings loaded.
[2026-06-29 18:13:30] [WARN] Could not find the 'Easy Apply' sidebar checkbox — selector may be stale, verify EASY_APPLY_CHECKBOX_SEL against the live page.
[2026-06-29 18:13:30] Found 20 job card(s) for 'Spring Boot Developer'.
[2026-06-29 18:13:30] --- Processing job 1/20 (term: 'Spring Boot Developer') ---
[2026-06-29 18:13:30] Opening job: Backend Developer (MERN | PostgreSQL) @ Stacklab
[2026-06-29 18:13:48] [WARN] Apply button not found/clickable (selector may be stale, or job uses external apply).
[2026-06-29 18:13:48] [ERROR] Failed processing job card 1: 'NoneType' object is not subscriptable
[2026-06-29 18:13:48] --- Processing job 2/20 (term: 'Spring Boot Developer') ---
[2026-06-29 18:13:48] Opening job: Full-Stack Software Engineer @ Divyan Technologies Lucknow
[2026-06-29 18:14:06] [WARN] Apply button not found/clickable (selector may be stale, or job uses external apply).
[2026-06-29 18:14:06] [ERROR] Failed processing job card 2: 'NoneType' object is not subscriptable
[2026-06-29 18:14:06] --- Processing job 3/20 (term: 'Spring Boot Developer') ---
[2026-06-29 18:14:06] Opening job: Associate Staff Engineer, Frontend AngularJS @ Nagarro
[2026-06-29 18:14:23] [WARN] Apply button not found/clickable (selector may be stale, or job uses external apply).
[2026-06-29 18:14:24] [ERROR] Failed processing job card 3: 'NoneType' object is not subscriptable
[2026-06-29 18:14:24] --- Processing job 4/20 (term: 'Spring Boot Developer') ---
[2026-06-29 18:14:24] Opening job: Associate Staff Engineer, Cloud @ Nagarro
[2026-06-29 18:14:41] [WARN] Apply button not found/clickable (selector may be stale, or job uses external apply).
[2026-06-29 18:14:41] [ERROR] Failed processing job card 4: 'NoneType' object is not subscriptable
[2026-06-29 18:14:41] --- Processing job 5/20 (term: 'Spring Boot Developer') ---
[2026-06-29 18:14:41] Opening job: Associate Staff Engineer, Mobile Cross Platform @ Nagarro
[2026-06-29 18:14:59] [WARN] Apply button not found/clickable (selector may be stale, or job uses external apply).
[2026-06-29 18:14:59] [ERROR] Failed processing job card 5: 'NoneType' object is not subscriptable
[2026-06-29 18:14:59] --- Processing job 6/20 (term: 'Spring Boot Developer') ---
[2026-06-29 18:14:59] Opening job: Associate Staff Engineer, .Net Web @ Nagarro
[2026-06-29 18:15:17] [WARN] Apply button not found/clickable (selector may be stale, or job uses external apply).
[2026-06-29 18:15:17] [ERROR] Failed processing job card 6: 'NoneType' object is not subscriptable
[2026-06-29 18:15:17] --- Processing job 7/20 (term: 'Spring Boot Developer') ---
[2026-06-29 18:15:17] Opening job: Associate Staff Engineer @ Nagarro
[2026-06-29 18:15:35] [WARN] Apply button not found/clickable (selector may be stale, or job uses external apply).
[2026-06-29 18:15:35] [ERROR] Failed processing job card 7: 'NoneType' object is not subscriptable
[2026-06-29 18:15:35] --- Processing job 8/20 (term: 'Spring Boot Developer') ---
[2026-06-29 18:15:35] Opening job: Java Full Stack Developer @ Vrinda International Noida
[2026-06-29 18:15:53] [WARN] Apply button not found/clickable (selector may be stale, or job uses external apply).
[2026-06-29 18:15:53] [ERROR] Failed processing job card 8: 'NoneType' object is not subscriptable
[2026-06-29 18:15:53] --- Processing job 9/20 (term: 'Spring Boot Developer') ---
[2026-06-29 18:15:53] Opening job: Senior Software Engineer @ Zuddl
[2026-06-29 18:16:10] [WARN] Apply button not found/clickable (selector may be stale, or job uses external apply).
[2026-06-29 18:16:10] [ERROR] Failed processing job card 9: 'NoneType' object is not subscriptable
[2026-06-29 18:16:10] --- Processing job 10/20 (term: 'Spring Boot Developer') ---
[2026-06-29 18:16:11] Opening job: Embedded IoT Developer Fresher Experienced @ ELK Education
[2026-06-29 18:16:28] [WARN] Apply button not found/clickable (selector may be stale, or job uses external apply).
[2026-06-29 18:16:28] [ERROR] Failed processing job card 10: 'NoneType' object is not subscriptable
[2026-06-29 18:16:28] --- Processing job 11/20 (term: 'Spring Boot Developer') ---
[2026-06-29 18:16:29] Opening job: Embedded IoT Developer Fresher Experienced @ ELK Education
[2026-06-29 18:16:46] [WARN] Apply button not found/clickable (selector may be stale, or job uses external apply).
[2026-06-29 18:16:46] [ERROR] Failed processing job card 11: 'NoneType' object is not subscriptable
[2026-06-29 18:16:46] --- Processing job 12/20 (term: 'Spring Boot Developer') ---
[2026-06-29 18:16:46] Opening job: Software Developer @ Fasyl Technology Group
[2026-06-29 18:17:04] [WARN] Apply button not found/clickable (selector may be stale, or job uses external apply).
[2026-06-29 18:17:04] [ERROR] Failed processing job card 12: 'NoneType' object is not subscriptable
[2026-06-29 18:17:04] --- Processing job 13/20 (term: 'Spring Boot Developer') ---
[2026-06-29 18:17:04] Opening job: Associate Staff Engineer, Java Application Support @ Nagarro
[2026-06-29 18:17:11] Entering handle_chatbot_question. Non-interactive mode: False
[2026-06-29 18:17:11] Chatbot question: Please mention your total years of experience
[2026-06-29 18:17:12] [Q-MATCH] Case-insensitive match found for: 'Please mention your total years of experience'
[2026-06-29 18:17:12] Found exact match in questions.json: 'Please mention your total years of experience' -> '4'
[2026-06-29 18:17:13] Clicked option (partial match): '4yrs-5yrs' for answer '4'
[2026-06-29 18:17:13] Clicked submit button after option selection.
[2026-06-29 18:17:15] Chatbot question: How many years of experience do you have in JavaSupport?
[2026-06-29 18:17:16] [Q-MATCH] Exact match found for: 'How many years of experience do you have in JavaSupport?'
[2026-06-29 18:17:16] Found exact match in questions.json: 'How many years of experience do you have in JavaSupport?' -> '4'
[2026-06-29 18:17:16] Clicked option (partial match): '4yrs-5yrs' for answer '4'
[2026-06-29 18:17:17] Clicked submit button after option selection.
[2026-06-29 18:17:18] Chatbot question: Which of the following technologies have you worked on? (Select all that apply)
[2026-06-29 18:17:19] [Q-MATCH] Case-insensitive match found for: 'Which of the following technologies have you worked on? (Sel'
[2026-06-29 18:17:19] Found exact match in questions.json: 'Which of the following technologies have you worked on? (Select all that apply)' -> 'java ,Angular ,  oracle'
[2026-06-29 18:17:20] Clicked option (partial match): 'Oracle' for answer 'java ,Angular ,  oracle'
[2026-06-29 18:17:20] Clicked submit button after option selection.
[2026-06-29 18:17:22] Chatbot question: Are you comfortable working in a 24x7 support rotation, including weekends or night shifts if required?
[2026-06-29 18:17:22] [Q-MATCH] Case-insensitive match found for: 'Are you comfortable working in a 24x7 support rotation, incl'
[2026-06-29 18:17:22] Found exact match in questions.json: 'Are you comfortable working in a 24x7 support rotation, including weekends or night shifts if required?' -> 'yes'
[2026-06-29 18:17:22] Clicked option (exact match): 'Yes'
[2026-06-29 18:17:23] Clicked submit button after option selection.
[2026-06-29 18:17:24] Chatbot question: Are you currently serving notice? if yes mention LWD.
[2026-06-29 18:17:27] [Q-MATCH] Case-insensitive match found for: 'Are you currently serving notice? if yes mention LWD.'
[2026-06-29 18:17:27] Found exact match in questions.json: 'Are you currently serving notice? if yes mention LWD.' -> 'yes'
[2026-06-29 18:17:27] [DEBUG] Trying input: tag=div, type=text
[2026-06-29 18:17:27] Successfully submitted chatbot answer using input (tag=div, type=text)
[2026-06-29 18:17:29] Chatbot question: Mention your current CTC & expected CTC
[2026-06-29 18:17:32] [Q-MATCH] Case-insensitive match found for: 'Mention your current CTC & expected CTC'
[2026-06-29 18:17:32] Found exact match in questions.json: 'Mention your current CTC & expected CTC' -> 'CTC : 1200000  ECTC  :1400000'
[2026-06-29 18:17:32] [DEBUG] Trying input: tag=div, type=text
[2026-06-29 18:17:32] Successfully submitted chatbot answer using input (tag=div, type=text)
[2026-06-29 18:17:34] Chatbot question: Are you comfortable to attend F2f drive in Gurugram on 20th June,2026
[2026-06-29 18:17:35] [Q-MATCH] Exact match found for: 'Are you comfortable to attend F2f drive in Gurugram on 20th '
[2026-06-29 18:17:35] Found exact match in questions.json: 'Are you comfortable to attend F2f drive in Gurugram on 20th June,2026' -> 'no'
[2026-06-29 18:17:35] Clicked option (exact match): 'No'
[2026-06-29 18:17:35] Clicked submit button after option selection.
[2026-06-29 18:17:37] Chatbot question: Thank you for your responses.
[2026-06-29 18:17:40] [Q-MATCH] Exact match found for: 'Thank you for your responses.'
[2026-06-29 18:17:40] Found exact match in questions.json: 'Thank you for your responses.' -> 'Yes'
[2026-06-29 18:17:41] No option matched 'Yes' among ['4\n3\n5\nNone']. Will try text input.
[2026-06-29 18:17:41] [WARN] Could not find any visible input box or matching option for this question.
[2026-06-29 18:17:41] [DEBUG] Total input elements found by selector: 3
[2026-06-29 18:17:41] [DEBUG]   [0] tag=input, type=text, visible=False
[2026-06-29 18:17:41] [DEBUG]   [1] tag=input, type=text, visible=False
[2026-06-29 18:17:41] [DEBUG]   [2] tag=input, type=text, visible=False
[2026-06-29 18:17:43] [ERROR] Failed processing job card 13: 'NoneType' object is not subscriptable
[2026-06-29 18:17:43] --- Processing job 14/20 (term: 'Spring Boot Developer') ---
[2026-06-29 18:17:43] Opening job: Associate Staff Engineer ,Fastapp Developer @ Nagarro
[2026-06-29 18:18:00] [WARN] Apply button not found/clickable (selector may be stale, or job uses external apply).
[2026-06-29 18:18:01] [ERROR] Failed processing job card 14: 'NoneType' object is not subscriptable
[2026-06-29 18:18:01] --- Processing job 15/20 (term: 'Spring Boot Developer') ---
[2026-06-29 18:18:01] Opening job: Java Developer(associate and senior Associate ) @ Insignia Consultancy Solutions
[2026-06-29 18:18:18] [WARN] Apply button not found/clickable (selector may be stale, or job uses external apply).
[2026-06-29 18:18:18] [ERROR] Failed processing job card 15: 'NoneType' object is not subscriptable
[2026-06-29 18:18:18] --- Processing job 16/20 (term: 'Spring Boot Developer') ---
[2026-06-29 18:18:18] Opening job: App Developer @ Techbinge India
[2026-06-29 18:18:36] [WARN] Apply button not found/clickable (selector may be stale, or job uses external apply).
[2026-06-29 18:18:36] [ERROR] Failed processing job card 16: 'NoneType' object is not subscriptable
[2026-06-29 18:18:36] --- Processing job 17/20 (term: 'Spring Boot Developer') ---
[2026-06-29 18:18:36] Opening job: Software Engineer @ Zoom Start India
[2026-06-29 18:18:54] [WARN] Apply button not found/clickable (selector may be stale, or job uses external apply).
[2026-06-29 18:18:54] [ERROR] Failed processing job card 17: 'NoneType' object is not subscriptable
[2026-06-29 18:18:54] --- Processing job 18/20 (term: 'Spring Boot Developer') ---
[2026-06-29 18:18:54] Opening job: Full Stack Developer (Java & Angular) @ Utimaco
[2026-06-29 18:19:12] [WARN] Apply button not found/clickable (selector may be stale, or job uses external apply).
[2026-06-29 18:19:12] [ERROR] Failed processing job card 18: 'NoneType' object is not subscriptable
[2026-06-29 18:19:12] --- Processing job 19/20 (term: 'Spring Boot Developer') ---
[2026-06-29 18:19:12] Opening job: Java Developer @ Recruitly
[2026-06-29 18:19:30] [WARN] Apply button not found/clickable (selector may be stale, or job uses external apply).
[2026-06-29 18:19:30] [ERROR] Failed processing job card 19: 'NoneType' object is not subscriptable
[2026-06-29 18:19:30] --- Processing job 20/20 (term: 'Spring Boot Developer') ---
[2026-06-29 18:19:30] Opening job: ESRI ArcGIS professional @ Logic Planet
[2026-06-29 18:19:47] [WARN] Apply button not found/clickable (selector may be stale, or job uses external apply).
[2026-06-29 18:19:48] [ERROR] Failed processing job card 20: 'NoneType' object is not subscriptable
[2026-06-29 18:19:48] ═══ Searching: 'Java Microservices Developer' ═══
[2026-06-29 18:19:48] Navigating to job search results for 'Java Microservices Developer': https://www.naukri.com/java-microservices-developer-jobs?k=Java+Microservices+Developer&experience=4&wfhType=2
[2026-06-29 18:19:50] Job listings loaded.
[2026-06-29 18:19:58] [WARN] Could not find the 'Easy Apply' sidebar checkbox — selector may be stale, verify EASY_APPLY_CHECKBOX_SEL against the live page.
[2026-06-29 18:19:58] Found 20 job card(s) for 'Java Microservices Developer'.
[2026-06-29 18:19:58] --- Processing job 1/20 (term: 'Java Microservices Developer') ---
[2026-06-29 18:19:58] Opening job: Java + Microservices Developers, Pan India @ Virtualware Innovations
[2026-06-29 18:20:16] [WARN] Apply button not found/clickable (selector may be stale, or job uses external apply).
[2026-06-29 18:20:16] [ERROR] Failed processing job card 1: 'NoneType' object is not subscriptable
[2026-06-29 18:20:16] --- Processing job 2/20 (term: 'Java Microservices Developer') ---
[2026-06-29 18:20:16] Opening job: Java + Microservices Developers @ Virtualware Innovations
[2026-06-29 18:20:34] [WARN] Apply button not found/clickable (selector may be stale, or job uses external apply).
[2026-06-29 18:20:34] [ERROR] Failed processing job card 2: 'NoneType' object is not subscriptable
[2026-06-29 18:20:34] --- Processing job 3/20 (term: 'Java Microservices Developer') ---
[2026-06-29 18:20:34] Opening job: Backend Developer (MERN | PostgreSQL) @ Stacklab
[2026-06-29 18:20:51] [WARN] Apply button not found/clickable (selector may be stale, or job uses external apply).
[2026-06-29 18:20:51] [ERROR] Failed processing job card 3: 'NoneType' object is not subscriptable
[2026-06-29 18:20:51] --- Processing job 4/20 (term: 'Java Microservices Developer') ---
[2026-06-29 18:20:52] Opening job: Full-Stack Software Engineer @ Divyan Technologies Lucknow
[2026-06-29 18:21:09] [WARN] Apply button not found/clickable (selector may be stale, or job uses external apply).
[2026-06-29 18:21:09] [ERROR] Failed processing job card 4: 'NoneType' object is not subscriptable
[2026-06-29 18:21:09] --- Processing job 5/20 (term: 'Java Microservices Developer') ---
[2026-06-29 18:21:09] Opening job: Associate Staff Engineer, Frontend AngularJS @ Nagarro
[2026-06-29 18:21:27] [WARN] Apply button not found/clickable (selector may be stale, or job uses external apply).
[2026-06-29 18:21:27] [ERROR] Failed processing job card 5: 'NoneType' object is not subscriptable
[2026-06-29 18:21:27] --- Processing job 6/20 (term: 'Java Microservices Developer') ---
[2026-06-29 18:21:27] Opening job: Associate Staff Engineer, Cloud @ Nagarro
[2026-06-29 18:21:45] [WARN] Apply button not found/clickable (selector may be stale, or job uses external apply).
[2026-06-29 18:21:45] [ERROR] Failed processing job card 6: 'NoneType' object is not subscriptable
[2026-06-29 18:21:45] --- Processing job 7/20 (term: 'Java Microservices Developer') ---
[2026-06-29 18:21:45] Opening job: Associate Staff Engineer, Python @ Nagarro
[2026-06-29 18:22:03] [WARN] Apply button not found/clickable (selector may be stale, or job uses external apply).
[2026-06-29 18:22:03] [ERROR] Failed processing job card 7: 'NoneType' object is not subscriptable
[2026-06-29 18:22:03] --- Processing job 8/20 (term: 'Java Microservices Developer') ---
[2026-06-29 18:22:03] Opening job: Associate Staff Engineer, Mainframe @ Nagarro
[2026-06-29 18:22:21] [WARN] Apply button not found/clickable (selector may be stale, or job uses external apply).
[2026-06-29 18:22:21] [ERROR] Failed processing job card 8: 'NoneType' object is not subscriptable
[2026-06-29 18:22:21] --- Processing job 9/20 (term: 'Java Microservices Developer') ---
[2026-06-29 18:22:21] Opening job: Associate Staff Engineer, .Net Web @ Nagarro
[2026-06-29 18:22:39] [WARN] Apply button not found/clickable (selector may be stale, or job uses external apply).
[2026-06-29 18:22:39] [ERROR] Failed processing job card 9: 'NoneType' object is not subscriptable
[2026-06-29 18:22:39] --- Processing job 10/20 (term: 'Java Microservices Developer') ---
[2026-06-29 18:22:39] Opening job: Associate Staff Engineer, PHP Drupal @ Nagarro
[2026-06-29 18:22:56] [WARN] Apply button not found/clickable (selector may be stale, or job uses external apply).
[2026-06-29 18:22:56] [ERROR] Failed processing job card 10: 'NoneType' object is not subscriptable
[2026-06-29 18:22:56] --- Processing job 11/20 (term: 'Java Microservices Developer') ---
[2026-06-29 18:22:57] Opening job: Associate Staff Engineer, ERP @ Nagarro
[2026-06-29 18:23:14] [WARN] Apply button not found/clickable (selector may be stale, or job uses external apply).
[2026-06-29 18:23:14] [ERROR] Failed processing job card 11: 'NoneType' object is not subscriptable
[2026-06-29 18:23:14] --- Processing job 12/20 (term: 'Java Microservices Developer') ---
[2026-06-29 18:23:14] Opening job: Associate Staff Engineer, Sharepoint @ Nagarro
[2026-06-29 18:23:32] [WARN] Apply button not found/clickable (selector may be stale, or job uses external apply).
[2026-06-29 18:23:32] [ERROR] Failed processing job card 12: 'NoneType' object is not subscriptable
[2026-06-29 18:23:32] --- Processing job 13/20 (term: 'Java Microservices Developer') ---
[2026-06-29 18:23:32] Opening job: Associate Staff Engineer, PHP Magento @ Nagarro
[2026-06-29 18:23:50] [WARN] Apply button not found/clickable (selector may be stale, or job uses external apply).
[2026-06-29 18:23:50] [ERROR] Failed processing job card 13: 'NoneType' object is not subscriptable
[2026-06-29 18:23:50] --- Processing job 14/20 (term: 'Java Microservices Developer') ---
[2026-06-29 18:23:50] Opening job: Associate Staff Engineer, Frontend @ Nagarro
[2026-06-29 18:24:08] [WARN] Apply button not found/clickable (selector may be stale, or job uses external apply).
[2026-06-29 18:24:08] [ERROR] Failed processing job card 14: 'NoneType' object is not subscriptable
[2026-06-29 18:24:08] --- Processing job 15/20 (term: 'Java Microservices Developer') ---
[2026-06-29 18:24:08] Opening job: Associate Staff Engineer @ Nagarro
[2026-06-29 18:24:26] [WARN] Apply button not found/clickable (selector may be stale, or job uses external apply).
[2026-06-29 18:24:26] [ERROR] Failed processing job card 15: 'NoneType' object is not subscriptable
[2026-06-29 18:24:26] --- Processing job 16/20 (term: 'Java Microservices Developer') ---
[2026-06-29 18:24:26] Opening job: Senior Software Engineer @ Zuddl
[2026-06-29 18:24:43] [WARN] Apply button not found/clickable (selector may be stale, or job uses external apply).
[2026-06-29 18:24:44] [ERROR] Failed processing job card 16: 'NoneType' object is not subscriptable
[2026-06-29 18:24:44] --- Processing job 17/20 (term: 'Java Microservices Developer') ---
[2026-06-29 18:24:44] Opening job: Embedded IoT Developer Fresher Experienced @ ELK Education
[2026-06-29 18:25:01] [WARN] Apply button not found/clickable (selector may be stale, or job uses external apply).
[2026-06-29 18:25:01] [ERROR] Failed processing job card 17: 'NoneType' object is not subscriptable
[2026-06-29 18:25:01] --- Processing job 18/20 (term: 'Java Microservices Developer') ---
[2026-06-29 18:25:02] Opening job: Embedded IoT Developer Fresher Experienced @ ELK Education
[2026-06-29 18:25:19] [WARN] Apply button not found/clickable (selector may be stale, or job uses external apply).
[2026-06-29 18:25:19] [ERROR] Failed processing job card 18: 'NoneType' object is not subscriptable
[2026-06-29 18:25:19] --- Processing job 19/20 (term: 'Java Microservices Developer') ---
[2026-06-29 18:25:19] Opening job: Database & NoSQL Engineer @ Octobit8
[2026-06-29 18:25:37] [WARN] Apply button not found/clickable (selector may be stale, or job uses external apply).
[2026-06-29 18:25:37] [ERROR] Failed processing job card 19: 'NoneType' object is not subscriptable
[2026-06-29 18:25:37] --- Processing job 20/20 (term: 'Java Microservices Developer') ---
[2026-06-29 18:25:37] Opening job: Java Developer @ Ovitech Solutions
[2026-06-29 18:25:55] [WARN] Apply button not found/clickable (selector may be stale, or job uses external apply).
[2026-06-29 18:25:55] [ERROR] Failed processing job card 20: 'NoneType' object is not subscriptable
[2026-06-29 18:25:55] ═══ Searching: 'Backend Developer' ═══
[2026-06-29 18:25:55] Navigating to job search results for 'Backend Developer': https://www.naukri.com/backend-developer-jobs?k=Backend+Developer&experience=4&wfhType=2
[2026-06-29 18:25:58] Job listings loaded.
[2026-06-29 18:26:06] [WARN] Could not find the 'Easy Apply' sidebar checkbox — selector may be stale, verify EASY_APPLY_CHECKBOX_SEL against the live page.
[2026-06-29 18:26:06] Found 20 job card(s) for 'Backend Developer'.
[2026-06-29 18:26:06] --- Processing job 1/20 (term: 'Backend Developer') ---
[2026-06-29 18:26:06] Opening job: Backend Developer @ Junky Tech
[2026-06-29 18:26:24] [WARN] Apply button not found/clickable (selector may be stale, or job uses external apply).
[2026-06-29 18:26:24] [ERROR] Failed processing job card 1: 'NoneType' object is not subscriptable
[2026-06-29 18:26:24] --- Processing job 2/20 (term: 'Backend Developer') ---
[2026-06-29 18:26:24] Opening job: AI Backend Developer @ Nitsan Technologies
[2026-06-29 18:26:41] [WARN] Apply button not found/clickable (selector may be stale, or job uses external apply).
[2026-06-29 18:26:41] [ERROR] Failed processing job card 2: 'NoneType' object is not subscriptable
[2026-06-29 18:26:41] --- Processing job 3/20 (term: 'Backend Developer') ---
[2026-06-29 18:26:42] Opening job: Backend Developer @ Spherecode
[2026-06-29 18:26:59] [WARN] Apply button not found/clickable (selector may be stale, or job uses external apply).
[2026-06-29 18:26:59] [ERROR] Failed processing job card 3: 'NoneType' object is not subscriptable
[2026-06-29 18:26:59] --- Processing job 4/20 (term: 'Backend Developer') ---
[2026-06-29 18:27:00] Opening job: Backend Developer @ Tab32
[2026-06-29 18:27:17] [WARN] Apply button not found/clickable (selector may be stale, or job uses external apply).
[2026-06-29 18:27:17] [ERROR] Failed processing job card 4: 'NoneType' object is not subscriptable
[2026-06-29 18:27:17] --- Processing job 5/20 (term: 'Backend Developer') ---
[2026-06-29 18:27:17] Opening job: backend Developer @ Sparix Global
[2026-06-29 18:27:35] [WARN] Apply button not found/clickable (selector may be stale, or job uses external apply).
[2026-06-29 18:27:35] [ERROR] Failed processing job card 5: 'NoneType' object is not subscriptable
[2026-06-29 18:27:35] --- Processing job 6/20 (term: 'Backend Developer') ---
[2026-06-29 18:27:35] Opening job: Backend developer @ Androcid
[2026-06-29 18:27:53] [WARN] Apply button not found/clickable (selector may be stale, or job uses external apply).
[2026-06-29 18:27:53] [ERROR] Failed processing job card 6: 'NoneType' object is not subscriptable
[2026-06-29 18:27:53] --- Processing job 7/20 (term: 'Backend Developer') ---
[2026-06-29 18:27:53] Opening job: Backend Dotnet Developer @ Sparix Global
[2026-06-29 18:28:11] [WARN] Apply button not found/clickable (selector may be stale, or job uses external apply).
[2026-06-29 18:28:11] [ERROR] Failed processing job card 7: 'NoneType' object is not subscriptable
[2026-06-29 18:28:11] --- Processing job 8/20 (term: 'Backend Developer') ---
[2026-06-29 18:28:11] Opening job: Backend Developer (MERN | PostgreSQL) @ Stacklab
[2026-06-29 18:28:29] [WARN] Apply button not found/clickable (selector may be stale, or job uses external apply).
[2026-06-29 18:28:29] [ERROR] Failed processing job card 8: 'NoneType' object is not subscriptable
[2026-06-29 18:28:29] --- Processing job 9/20 (term: 'Backend Developer') ---
[2026-06-29 18:28:29] Opening job: Node.js Backend Developer @ Astroidea Softway Llp
[2026-06-29 18:28:47] [WARN] Apply button not found/clickable (selector may be stale, or job uses external apply).
[2026-06-29 18:28:47] [ERROR] Failed processing job card 9: 'NoneType' object is not subscriptable
[2026-06-29 18:28:47] --- Processing job 10/20 (term: 'Backend Developer') ---
[2026-06-29 18:28:47] Opening job: Python Backend Developer @ BSH Technologies
[2026-06-29 18:29:04] [WARN] Apply button not found/clickable (selector may be stale, or job uses external apply).
[2026-06-29 18:29:05] [ERROR] Failed processing job card 10: 'NoneType' object is not subscriptable
[2026-06-29 18:29:05] --- Processing job 11/20 (term: 'Backend Developer') ---
[2026-06-29 18:29:05] Opening job: Backend Developer @ Pocket Fm
[2026-06-29 18:29:22] [WARN] Apply button not found/clickable (selector may be stale, or job uses external apply).
[2026-06-29 18:29:22] [ERROR] Failed processing job card 11: 'NoneType' object is not subscriptable
[2026-06-29 18:29:22] --- Processing job 12/20 (term: 'Backend Developer') ---
[2026-06-29 18:29:22] Opening job: Senior SFMC Backend Developer @ Sparix Global
[2026-06-29 18:29:40] [WARN] Apply button not found/clickable (selector may be stale, or job uses external apply).
[2026-06-29 18:29:40] [ERROR] Failed processing job card 12: 'NoneType' object is not subscriptable
[2026-06-29 18:29:40] --- Processing job 13/20 (term: 'Backend Developer') ---
[2026-06-29 18:29:40] Opening job: Java Backend Developer (with Web3) @ Marsdevs
[2026-06-29 18:29:58] [WARN] Apply button not found/clickable (selector may be stale, or job uses external apply).
[2026-06-29 18:29:58] [ERROR] Failed processing job card 13: 'NoneType' object is not subscriptable
[2026-06-29 18:29:58] --- Processing job 14/20 (term: 'Backend Developer') ---
[2026-06-29 18:29:58] Opening job: Backend Developer, Pan India @ iCresset Talent Solutions
[2026-06-29 18:30:16] [WARN] Apply button not found/clickable (selector may be stale, or job uses external apply).
[2026-06-29 18:30:16] [ERROR] Failed processing job card 14: 'NoneType' object is not subscriptable
[2026-06-29 18:30:16] --- Processing job 15/20 (term: 'Backend Developer') ---
[2026-06-29 18:30:16] Opening job: Senior Backend Developer @ Tabby
[2026-06-29 18:30:33] [WARN] Apply button not found/clickable (selector may be stale, or job uses external apply).
[2026-06-29 18:30:33] [ERROR] Failed processing job card 15: 'NoneType' object is not subscriptable
[2026-06-29 18:30:33] --- Processing job 16/20 (term: 'Backend Developer') ---
[2026-06-29 18:30:34] Opening job: Senior Backend Developer @ Neetable
[2026-06-29 18:30:51] [WARN] Apply button not found/clickable (selector may be stale, or job uses external apply).
[2026-06-29 18:30:51] [ERROR] Failed processing job card 16: 'NoneType' object is not subscriptable
[2026-06-29 18:30:51] --- Processing job 17/20 (term: 'Backend Developer') ---
[2026-06-29 18:30:51] Opening job: Backend Developer (Python & Django) @ Back2stores Technologies
[2026-06-29 18:31:09] [WARN] Apply button not found/clickable (selector may be stale, or job uses external apply).
[2026-06-29 18:31:09] [ERROR] Failed processing job card 17: 'NoneType' object is not subscriptable
[2026-06-29 18:31:09] --- Processing job 18/20 (term: 'Backend Developer') ---
[2026-06-29 18:31:09] Opening job: Java Backend Developer @ Binarytouch Technologies
[2026-06-29 18:31:27] [WARN] Apply button not found/clickable (selector may be stale, or job uses external apply).
[2026-06-29 18:31:27] [ERROR] Failed processing job card 18: 'NoneType' object is not subscriptable
[2026-06-29 18:31:27] --- Processing job 19/20 (term: 'Backend Developer') ---
[2026-06-29 18:31:27] Opening job: Go Backend Developer @ Srijan Spectrum
[2026-06-29 18:31:45] [WARN] Apply button not found/clickable (selector may be stale, or job uses external apply).
[2026-06-29 18:31:45] [ERROR] Failed processing job card 19: 'NoneType' object is not subscriptable
[2026-06-29 18:31:45] --- Processing job 20/20 (term: 'Backend Developer') ---
[2026-06-29 18:31:45] Opening job: Senior Backend Developer @ Turgajo Technologies
[2026-06-29 18:32:03] [WARN] Apply button not found/clickable (selector may be stale, or job uses external apply).
[2026-06-29 18:32:03] [ERROR] Failed processing job card 20: 'NoneType' object is not subscriptable
[2026-06-29 18:32:03] ═══ Searching: 'Java Backend Developer' ═══
[2026-06-29 18:32:03] Navigating to job search results for 'Java Backend Developer': https://www.naukri.com/java-backend-developer-jobs?k=Java+Backend+Developer&experience=4&wfhType=2
[2026-06-29 18:32:06] Job listings loaded.
[2026-06-29 18:32:14] [WARN] Could not find the 'Easy Apply' sidebar checkbox — selector may be stale, verify EASY_APPLY_CHECKBOX_SEL against the live page.
[2026-06-29 18:32:14] Found 20 job card(s) for 'Java Backend Developer'.
[2026-06-29 18:32:14] --- Processing job 1/20 (term: 'Java Backend Developer') ---
[2026-06-29 18:32:14] Opening job: Java Backend Developer @ Binarytouch Technologies
[2026-06-29 18:32:31] [WARN] Apply button not found/clickable (selector may be stale, or job uses external apply).
[2026-06-29 18:32:32] [ERROR] Failed processing job card 1: 'NoneType' object is not subscriptable
[2026-06-29 18:32:32] --- Processing job 2/20 (term: 'Java Backend Developer') ---
[2026-06-29 18:32:32] Opening job: Java Backend Developer (with Web3) @ Marsdevs
[2026-06-29 18:32:49] [WARN] Apply button not found/clickable (selector may be stale, or job uses external apply).
[2026-06-29 18:32:49] [ERROR] Failed processing job card 2: 'NoneType' object is not subscriptable
[2026-06-29 18:32:49] --- Processing job 3/20 (term: 'Java Backend Developer') ---
[2026-06-29 18:32:49] Opening job: Backend Developer (MERN | PostgreSQL) @ Stacklab
[2026-06-29 18:33:07] [WARN] Apply button not found/clickable (selector may be stale, or job uses external apply).
[2026-06-29 18:33:07] [ERROR] Failed processing job card 3: 'NoneType' object is not subscriptable
[2026-06-29 18:33:07] --- Processing job 4/20 (term: 'Java Backend Developer') ---
[2026-06-29 18:33:07] Opening job: Web Developer @ Techbinge India
[2026-06-29 18:33:25] [WARN] Apply button not found/clickable (selector may be stale, or job uses external apply).
[2026-06-29 18:33:25] [ERROR] Failed processing job card 4: 'NoneType' object is not subscriptable
[2026-06-29 18:33:25] --- Processing job 5/20 (term: 'Java Backend Developer') ---
[2026-06-29 18:33:25] Opening job: Associate Staff Engineer, Python @ Nagarro
[2026-06-29 18:33:43] [WARN] Apply button not found/clickable (selector may be stale, or job uses external apply).
[2026-06-29 18:33:43] [ERROR] Failed processing job card 5: 'NoneType' object is not subscriptable
[2026-06-29 18:33:43] --- Processing job 6/20 (term: 'Java Backend Developer') ---
[2026-06-29 18:33:43] Opening job: Associate Staff Engineer, Mobile Hybrid @ Nagarro
[2026-06-29 18:34:01] [WARN] Apply button not found/clickable (selector may be stale, or job uses external apply).
[2026-06-29 18:34:01] [ERROR] Failed processing job card 6: 'NoneType' object is not subscriptable
[2026-06-29 18:34:01] --- Processing job 7/20 (term: 'Java Backend Developer') ---
[2026-06-29 18:34:01] Opening job: Backend Developer @ Junky Tech
[2026-06-29 18:34:19] [WARN] Apply button not found/clickable (selector may be stale, or job uses external apply).
[2026-06-29 18:34:19] [ERROR] Failed processing job card 7: 'NoneType' object is not subscriptable
[2026-06-29 18:34:19] --- Processing job 8/20 (term: 'Java Backend Developer') ---
[2026-06-29 18:34:19] Opening job: Intermediate Mobile Developer @ Ahom Technologies
[2026-06-29 18:34:37] [WARN] Apply button not found/clickable (selector may be stale, or job uses external apply).
[2026-06-29 18:34:37] [ERROR] Failed processing job card 8: 'NoneType' object is not subscriptable
[2026-06-29 18:34:37] --- Processing job 9/20 (term: 'Java Backend Developer') ---
[2026-06-29 18:34:37] Opening job: AI Backend Developer @ Nitsan Technologies
[2026-06-29 18:34:55] [WARN] Apply button not found/clickable (selector may be stale, or job uses external apply).
[2026-06-29 18:34:55] [ERROR] Failed processing job card 9: 'NoneType' object is not subscriptable
[2026-06-29 18:34:55] --- Processing job 10/20 (term: 'Java Backend Developer') ---
[2026-06-29 18:34:55] Opening job: Python Developer @ Nitsan Technologies
[2026-06-29 18:35:12] [WARN] Apply button not found/clickable (selector may be stale, or job uses external apply).
[2026-06-29 18:35:12] [ERROR] Failed processing job card 10: 'NoneType' object is not subscriptable
[2026-06-29 18:35:12] --- Processing job 11/20 (term: 'Java Backend Developer') ---
[2026-06-29 18:35:13] Opening job: Software Engineer @ Numerator
[2026-06-29 18:35:30] [WARN] Apply button not found/clickable (selector may be stale, or job uses external apply).
[2026-06-29 18:35:30] [ERROR] Failed processing job card 11: 'NoneType' object is not subscriptable
[2026-06-29 18:35:30] --- Processing job 12/20 (term: 'Java Backend Developer') ---
[2026-06-29 18:35:30] Opening job: Python Backend Developer @ BSH Technologies
[2026-06-29 18:35:48] [WARN] Apply button not found/clickable (selector may be stale, or job uses external apply).
[2026-06-29 18:35:48] [ERROR] Failed processing job card 12: 'NoneType' object is not subscriptable
[2026-06-29 18:35:48] --- Processing job 13/20 (term: 'Java Backend Developer') ---
[2026-06-29 18:35:48] Opening job: Java Developer(associate and senior Associate ) @ Insignia Consultancy Solutions
[2026-06-29 18:36:06] [WARN] Apply button not found/clickable (selector may be stale, or job uses external apply).
[2026-06-29 18:36:06] [ERROR] Failed processing job card 13: 'NoneType' object is not subscriptable
[2026-06-29 18:36:06] --- Processing job 14/20 (term: 'Java Backend Developer') ---
[2026-06-29 18:36:06] Opening job: Developer @ Ayatacommerce
[2026-06-29 18:36:24] [WARN] Apply button not found/clickable (selector may be stale, or job uses external apply).
[2026-06-29 18:36:24] [ERROR] Failed processing job card 14: 'NoneType' object is not subscriptable
[2026-06-29 18:36:24] --- Processing job 15/20 (term: 'Java Backend Developer') ---
[2026-06-29 18:36:24] Opening job: Software Engineer @ Zoom Start India
[2026-06-29 18:36:42] [WARN] Apply button not found/clickable (selector may be stale, or job uses external apply).
[2026-06-29 18:36:42] [ERROR] Failed processing job card 15: 'NoneType' object is not subscriptable
[2026-06-29 18:36:42] --- Processing job 16/20 (term: 'Java Backend Developer') ---
[2026-06-29 18:36:42] Opening job: Full Stack Developer (Java & Angular) @ Utimaco
[2026-06-29 18:36:59] [WARN] Apply button not found/clickable (selector may be stale, or job uses external apply).
[2026-06-29 18:36:59] [ERROR] Failed processing job card 16: 'NoneType' object is not subscriptable
[2026-06-29 18:36:59] --- Processing job 17/20 (term: 'Java Backend Developer') ---
[2026-06-29 18:37:00] Opening job: Full-Stack Developer @ Bay Street Staffing
[2026-06-29 18:37:17] [WARN] Apply button not found/clickable (selector may be stale, or job uses external apply).
[2026-06-29 18:37:17] [ERROR] Failed processing job card 17: 'NoneType' object is not subscriptable
[2026-06-29 18:37:17] --- Processing job 18/20 (term: 'Java Backend Developer') ---
[2026-06-29 18:37:17] Opening job: ESRI ArcGIS professional @ Logic Planet
[2026-06-29 18:37:35] [WARN] Apply button not found/clickable (selector may be stale, or job uses external apply).
[2026-06-29 18:37:35] [ERROR] Failed processing job card 18: 'NoneType' object is not subscriptable
[2026-06-29 18:37:35] --- Processing job 19/20 (term: 'Java Backend Developer') ---
[2026-06-29 18:37:35] Opening job: Angular Developer @ TechKnowledgeHub.org
[2026-06-29 18:37:52] [WARN] Apply button not found/clickable (selector may be stale, or job uses external apply).
[2026-06-29 18:37:53] [ERROR] Failed processing job card 19: 'NoneType' object is not subscriptable
[2026-06-29 18:37:53] --- Processing job 20/20 (term: 'Java Backend Developer') ---
[2026-06-29 18:37:53] Opening job: Full Stack Developer @ Construe Labs
[2026-06-29 18:38:10] [WARN] Apply button not found/clickable (selector may be stale, or job uses external apply).
[2026-06-29 18:38:10] [ERROR] Failed processing job card 20: 'NoneType' object is not subscriptable
[2026-06-29 18:38:10] ═══ Searching: 'Software Engineer' ═══
[2026-06-29 18:38:10] Navigating to job search results for 'Software Engineer': https://www.naukri.com/software-engineer-jobs?k=Software+Engineer&experience=4&wfhType=2
[2026-06-29 18:38:13] Job listings loaded.
[2026-06-29 18:38:21] [WARN] Could not find the 'Easy Apply' sidebar checkbox — selector may be stale, verify EASY_APPLY_CHECKBOX_SEL against the live page.
[2026-06-29 18:38:21] Found 20 job card(s) for 'Software Engineer'.
[2026-06-29 18:38:21] --- Processing job 1/20 (term: 'Software Engineer') ---
[2026-06-29 18:38:21] Opening job: Software Engineer @ Zoom Start India
[2026-06-29 18:38:39] [WARN] Apply button not found/clickable (selector may be stale, or job uses external apply).
[2026-06-29 18:38:39] [ERROR] Failed processing job card 1: 'NoneType' object is not subscriptable
[2026-06-29 18:38:39] --- Processing job 2/20 (term: 'Software Engineer') ---
[2026-06-29 18:38:39] Opening job: Software Engineer @ What The Food
[2026-06-29 18:38:56] [WARN] Apply button not found/clickable (selector may be stale, or job uses external apply).
[2026-06-29 18:38:57] [ERROR] Failed processing job card 2: 'NoneType' object is not subscriptable
[2026-06-29 18:38:57] --- Processing job 3/20 (term: 'Software Engineer') ---
[2026-06-29 18:38:57] Opening job: Software Engineer @ Frappe
[2026-06-29 18:39:14] [WARN] Apply button not found/clickable (selector may be stale, or job uses external apply).
[2026-06-29 18:39:14] [ERROR] Failed processing job card 3: 'NoneType' object is not subscriptable
[2026-06-29 18:39:14] --- Processing job 4/20 (term: 'Software Engineer') ---
[2026-06-29 18:39:14] Opening job: Software Engineer @ Numerator
[2026-06-29 18:39:32] [WARN] Apply button not found/clickable (selector may be stale, or job uses external apply).
[2026-06-29 18:39:32] [ERROR] Failed processing job card 4: 'NoneType' object is not subscriptable
[2026-06-29 18:39:32] --- Processing job 5/20 (term: 'Software Engineer') ---
[2026-06-29 18:39:32] Opening job: Software Engineer @ Versante Software Technologies
[2026-06-29 18:39:49] [WARN] Apply button not found/clickable (selector may be stale, or job uses external apply).
[2026-06-29 18:39:49] [ERROR] Failed processing job card 5: 'NoneType' object is not subscriptable
[2026-06-29 18:39:50] --- Processing job 6/20 (term: 'Software Engineer') ---
[2026-06-29 18:39:50] Opening job: Software Engineer @ Sadhana It Solutions
[2026-06-29 18:40:07] [WARN] Apply button not found/clickable (selector may be stale, or job uses external apply).
[2026-06-29 18:40:07] [ERROR] Failed processing job card 6: 'NoneType' object is not subscriptable
[2026-06-29 18:40:07] --- Processing job 7/20 (term: 'Software Engineer') ---
[2026-06-29 18:40:07] Opening job: Software Engineer @ Numerator
[2026-06-29 18:40:25] [WARN] Apply button not found/clickable (selector may be stale, or job uses external apply).
[2026-06-29 18:40:25] [ERROR] Failed processing job card 7: 'NoneType' object is not subscriptable
[2026-06-29 18:40:25] --- Processing job 8/20 (term: 'Software Engineer') ---
[2026-06-29 18:40:25] Opening job: Software Engineer @ Manta Health
[2026-06-29 18:40:42] [WARN] Apply button not found/clickable (selector may be stale, or job uses external apply).
[2026-06-29 18:40:42] [ERROR] Failed processing job card 8: 'NoneType' object is not subscriptable
[2026-06-29 18:40:42] --- Processing job 9/20 (term: 'Software Engineer') ---
[2026-06-29 18:40:43] Opening job: Software Engineer (.Net, Angular) @ Numerator
[2026-06-29 18:41:00] [WARN] Apply button not found/clickable (selector may be stale, or job uses external apply).
[2026-06-29 18:41:00] [ERROR] Failed processing job card 9: 'NoneType' object is not subscriptable
[2026-06-29 18:41:00] --- Processing job 10/20 (term: 'Software Engineer') ---
[2026-06-29 18:41:00] Opening job: Software Engineer @ Edifecs Technologies
[2026-06-29 18:41:18] [WARN] Apply button not found/clickable (selector may be stale, or job uses external apply).
[2026-06-29 18:41:18] [ERROR] Failed processing job card 10: 'NoneType' object is not subscriptable
[2026-06-29 18:41:18] --- Processing job 11/20 (term: 'Software Engineer') ---
[2026-06-29 18:41:18] Opening job: Software Engineer @ Deltek
[2026-06-29 18:41:36] [WARN] Apply button not found/clickable (selector may be stale, or job uses external apply).
[2026-06-29 18:41:36] [ERROR] Failed processing job card 11: 'NoneType' object is not subscriptable
[2026-06-29 18:41:36] --- Processing job 12/20 (term: 'Software Engineer') ---
[2026-06-29 18:41:36] Opening job: Software Engineer @ Replicon
[2026-06-29 18:41:54] [WARN] Apply button not found/clickable (selector may be stale, or job uses external apply).
[2026-06-29 18:41:54] [ERROR] Failed processing job card 12: 'NoneType' object is not subscriptable
[2026-06-29 18:41:54] --- Processing job 13/20 (term: 'Software Engineer') ---
[2026-06-29 18:41:54] Opening job: AI Software Engineer @ Open Fabric
[2026-06-29 18:42:11] [WARN] Apply button not found/clickable (selector may be stale, or job uses external apply).
[2026-06-29 18:42:11] [ERROR] Failed processing job card 13: 'NoneType' object is not subscriptable
[2026-06-29 18:42:11] --- Processing job 14/20 (term: 'Software Engineer') ---
[2026-06-29 18:42:12] Opening job: Software Engineer @ Msmp Technologies
[2026-06-29 18:42:29] [WARN] Apply button not found/clickable (selector may be stale, or job uses external apply).
[2026-06-29 18:42:29] [ERROR] Failed processing job card 14: 'NoneType' object is not subscriptable
[2026-06-29 18:42:29] --- Processing job 15/20 (term: 'Software Engineer') ---
[2026-06-29 18:42:29] Opening job: Full-Stack Software Engineer @ Divyan Technologies Lucknow
[2026-06-29 18:42:47] [WARN] Apply button not found/clickable (selector may be stale, or job uses external apply).
[2026-06-29 18:42:47] [ERROR] Failed processing job card 15: 'NoneType' object is not subscriptable
[2026-06-29 18:42:47] --- Processing job 16/20 (term: 'Software Engineer') ---
[2026-06-29 18:42:47] Opening job: Senior Software Engineer (Perl) @ Bloom Equity Partners
[2026-06-29 18:43:05] [WARN] Apply button not found/clickable (selector may be stale, or job uses external apply).
[2026-06-29 18:43:05] [ERROR] Failed processing job card 16: 'NoneType' object is not subscriptable
[2026-06-29 18:43:05] --- Processing job 17/20 (term: 'Software Engineer') ---
[2026-06-29 18:43:05] Opening job: Software Engineer @ Crossing Hurdles
[2026-06-29 18:43:11] Entering handle_chatbot_question. Non-interactive mode: False
[2026-06-29 18:43:12] Chatbot question: Do you hold a PhD (completed/pursuing) in CS or a related field, or a Master's with 3+ years of experience and research background?
[2026-06-29 18:43:12] [Q-MATCH] Exact match found for: 'Do you hold a PhD (completed/pursuing) in CS or a related fi'
[2026-06-29 18:43:12] Found exact match in questions.json: 'Do you hold a PhD (completed/pursuing) in CS or a related field, or a Master's with 3+ years of experience and research background?' -> 'no'
[2026-06-29 18:43:13] Clicked option (exact match): 'NO'
[2026-06-29 18:43:13] Clicked submit button after option selection.
[2026-06-29 18:43:14] Chatbot question: How many years of experience designing or solving advanced CS problems in algorithms, systems, cybersecurity, databases, or networks?
[2026-06-29 18:44:07] [DEBUG] Trying input: tag=div, type=text
[2026-06-29 18:44:08] Successfully submitted chatbot answer using input (tag=div, type=text)
[2026-06-29 18:44:10] Chatbot question: This is a 3-month contractual PPT role requiring at least 4 hrs/day, up to 40 hrs/week, with 4 hrs overlap with PST. Are you comfortable with this?
[2026-06-29 18:45:38] Clicked option (exact match): 'yes'
[2026-06-29 18:45:38] Clicked submit button after option selection.
[2026-06-29 18:45:40] Chatbot question: Thank you for your responses.
[2026-06-29 18:45:45] [Q-MATCH] Exact match found for: 'Thank you for your responses.'
[2026-06-29 18:45:45] Found exact match in questions.json: 'Thank you for your responses.' -> 'Yes'
[2026-06-29 18:45:47] No option matched 'Yes' among ['4\n3\n5\nNone']. Will try text input.
[2026-06-29 18:45:47] [WARN] Could not find any visible input box or matching option for this question.
[2026-06-29 18:45:48] [DEBUG] Total input elements found by selector: 3
[2026-06-29 18:45:48] [DEBUG]   [0] tag=input, type=text, visible=False
[2026-06-29 18:45:48] [DEBUG]   [1] tag=input, type=text, visible=False
[2026-06-29 18:45:49] [DEBUG]   [2] tag=input, type=text, visible=False
[2026-06-29 18:45:52] [ERROR] Failed processing job card 17: 'NoneType' object is not subscriptable
[2026-06-29 18:45:52] --- Processing job 18/20 (term: 'Software Engineer') ---
[2026-06-29 18:45:52] Opening job: Software Engineer – Native AI Applications (Full Stack) @ Benwiz Infoservices
[2026-06-29 18:45:59] Entering handle_chatbot_question. Non-interactive mode: False
[2026-06-29 18:46:07] No chatbot questionnaire detected (or didn't load within 8s).
[2026-06-29 18:46:09] [ERROR] Failed processing job card 18: 'NoneType' object is not subscriptable
[2026-06-29 18:46:09] --- Processing job 19/20 (term: 'Software Engineer') ---
[2026-06-29 18:46:09] Opening job: Senior Software Engineer @ Zuddl
[2026-06-29 18:46:27] [WARN] Apply button not found/clickable (selector may be stale, or job uses external apply).
[2026-06-29 18:46:27] [ERROR] Failed processing job card 19: 'NoneType' object is not subscriptable
[2026-06-29 18:46:27] --- Processing job 20/20 (term: 'Software Engineer') ---
[2026-06-29 18:46:27] Opening job: Core Software Engineer (C++) @ Clickhouse
[2026-06-29 18:46:45] [WARN] Apply button not found/clickable (selector may be stale, or job uses external apply).
[2026-06-29 18:46:45] [ERROR] Failed processing job card 20: 'NoneType' object is not subscriptable
[2026-06-29 18:46:45] ═══ Searching: 'Senior Software Engineer' ═══
[2026-06-29 18:46:45] Navigating to job search results for 'Senior Software Engineer': https://www.naukri.com/senior-software-engineer-jobs?k=Senior+Software+Engineer&experience=4&wfhType=2
[2026-06-29 18:46:48] Job listings loaded.
[2026-06-29 18:46:56] [WARN] Could not find the 'Easy Apply' sidebar checkbox — selector may be stale, verify EASY_APPLY_CHECKBOX_SEL against the live page.
[2026-06-29 18:46:56] Found 20 job card(s) for 'Senior Software Engineer'.
[2026-06-29 18:46:56] --- Processing job 1/20 (term: 'Senior Software Engineer') ---
[2026-06-29 18:46:56] Opening job: Senior Software Engineer (Perl) @ Bloom Equity Partners
[2026-06-29 18:47:14] [WARN] Apply button not found/clickable (selector may be stale, or job uses external apply).
[2026-06-29 18:47:14] [ERROR] Failed processing job card 1: 'NoneType' object is not subscriptable
[2026-06-29 18:47:14] --- Processing job 2/20 (term: 'Senior Software Engineer') ---
[2026-06-29 18:47:14] Opening job: Senior Software Engineer @ Zuddl
[2026-06-29 18:47:32] [WARN] Apply button not found/clickable (selector may be stale, or job uses external apply).
[2026-06-29 18:47:32] [ERROR] Failed processing job card 2: 'NoneType' object is not subscriptable
[2026-06-29 18:47:32] --- Processing job 3/20 (term: 'Senior Software Engineer') ---
[2026-06-29 18:47:33] Opening job: Senior Software Engineer - AI Evaluation & Benchmarks @ Alignerr
[2026-06-29 18:47:51] [WARN] Apply button not found/clickable (selector may be stale, or job uses external apply).
[2026-06-29 18:47:51] [ERROR] Failed processing job card 3: 'NoneType' object is not subscriptable
[2026-06-29 18:47:51] --- Processing job 4/20 (term: 'Senior Software Engineer') ---
[2026-06-29 18:47:51] Opening job: Senior Software Engineer @ Edifecs Technologies
[2026-06-29 18:48:09] [WARN] Apply button not found/clickable (selector may be stale, or job uses external apply).
[2026-06-29 18:48:09] [ERROR] Failed processing job card 4: 'NoneType' object is not subscriptable
[2026-06-29 18:48:09] --- Processing job 5/20 (term: 'Senior Software Engineer') ---
[2026-06-29 18:48:09] Opening job: ServiceNow Senior Software Engineer - TSOM/SOMT @ Newrocket
[2026-06-29 18:48:27] [WARN] Apply button not found/clickable (selector may be stale, or job uses external apply).
[2026-06-29 18:48:27] [ERROR] Failed processing job card 5: 'NoneType' object is not subscriptable
[2026-06-29 18:48:27] --- Processing job 6/20 (term: 'Senior Software Engineer') ---
[2026-06-29 18:48:28] Opening job: ServiceNow Senior Software Engineer - CSM/FSM @ Newrocket
[2026-06-29 18:48:46] [WARN] Apply button not found/clickable (selector may be stale, or job uses external apply).
[2026-06-29 18:48:46] [ERROR] Failed processing job card 6: 'NoneType' object is not subscriptable
[2026-06-29 18:48:46] --- Processing job 7/20 (term: 'Senior Software Engineer') ---
[2026-06-29 18:48:46] Opening job: Sr Software Engineer @ iCresset Talent Solutions
[2026-06-29 18:49:04] [WARN] Apply button not found/clickable (selector may be stale, or job uses external apply).
[2026-06-29 18:49:04] [ERROR] Failed processing job card 7: 'NoneType' object is not subscriptable
[2026-06-29 18:49:04] --- Processing job 8/20 (term: 'Senior Software Engineer') ---
[2026-06-29 18:49:04] Opening job: Senior Software Engineer @ Replicon
[2026-06-29 18:49:22] [WARN] Apply button not found/clickable (selector may be stale, or job uses external apply).
[2026-06-29 18:49:22] [ERROR] Failed processing job card 8: 'NoneType' object is not subscriptable
[2026-06-29 18:49:22] --- Processing job 9/20 (term: 'Senior Software Engineer') ---
[2026-06-29 18:49:22] Opening job: Senior Software Engineer @ Blueprints AI
[2026-06-29 18:49:29] Entering handle_chatbot_question. Non-interactive mode: False
[2026-06-29 18:49:30] Chatbot question: What is the secret word mentioned in this job post? (We ask this to confirm you actually read the full post before applying.)
[2026-06-30 20:29:08] ════════════════════════════════════════
[2026-06-30 20:29:08]   Naukri Auto-Apply Bot — starting run
[2026-06-30 20:29:08]   AI mode (Gemini): disabled (manual prompts)
[2026-06-30 20:29:08]   Non-Interactive: disabled (manual prompts)
[2026-06-30 20:29:08] ════════════════════════════════════════
[2026-06-30 20:29:09] Monkey-patched uc.Chrome.quit to suppress WinError 6 on exit.
[2026-06-30 20:29:09] Starting Chrome setup...
[2026-06-30 20:29:09] Found cached ChromeDriver: C:\Users\Pawan\AppData\Roaming\undetected_chromedriver\undetected_chromedriver.exe
[2026-06-30 20:29:09] Attempting undetected-chromedriver with use_subprocess=False...
[2026-06-30 20:29:13] Chrome driver (stealth, use_subprocess=False) successfully initialized!
[2026-06-30 20:29:13] Navigating to Naukri login page...
[2026-06-30 20:29:17] Submitted login form. Waiting for homepage to load...
[2026-06-30 20:29:20] Login appears successful.
[2026-06-30 20:29:20] Will search 12 term(s): ['Java Full Stack Developer', 'Senior Java Full Stack Developer', 'Java Developer', 'Senior Java Developer', 'Spring Boot Developer', 'Java Microservices Developer', 'Backend Developer', 'Java Backend Developer', 'Software Engineer', 'Senior Software Engineer', 'Full Stack Developer', 'Java Angular Developer']
[2026-06-30 20:29:20] ═══ Searching: 'Java Full Stack Developer' ═══
[2026-06-30 20:29:20] Navigating to job search results for 'Java Full Stack Developer': https://www.naukri.com/java-full-stack-developer-jobs?k=Java+Full+Stack+Developer&experience=4&wfhType=2
[2026-06-30 20:29:22] Job listings loaded.
[2026-06-30 20:29:31] [WARN] Could not find the 'Easy Apply' sidebar checkbox — selector may be stale, verify EASY_APPLY_CHECKBOX_SEL against the live page.
[2026-06-30 20:29:31] Found 20 job card(s) for 'Java Full Stack Developer'.
[2026-06-30 20:29:31] --- Processing job 1/20 (term: 'Java Full Stack Developer') ---
[2026-06-30 20:29:31] Opening job: Java Full Stack Developer @ Vrinda International Noida
[2026-06-30 20:29:49] [WARN] Apply button not found/clickable (selector may be stale, or job uses external apply).
[2026-06-30 20:29:49] [ERROR] Failed processing job card 1: 'NoneType' object is not subscriptable
[2026-06-30 20:29:49] --- Processing job 2/20 (term: 'Java Full Stack Developer') ---
[2026-06-30 20:29:49] Opening job: Full Stack Developer (Java & Angular) @ Utimaco
[2026-06-30 20:30:07] [WARN] Apply button not found/clickable (selector may be stale, or job uses external apply).
[2026-06-30 20:30:07] [ERROR] Failed processing job card 2: 'NoneType' object is not subscriptable
[2026-06-30 20:30:07] --- Processing job 3/20 (term: 'Java Full Stack Developer') ---
[2026-06-30 20:30:07] Opening job: Middle Full-Stack Engineer | Solvy @ Boosta
[2026-06-30 20:30:25] [WARN] Apply button not found/clickable (selector may be stale, or job uses external apply).
[2026-06-30 20:30:25] [ERROR] Failed processing job card 3: 'NoneType' object is not subscriptable
[2026-06-30 20:30:25] --- Processing job 4/20 (term: 'Java Full Stack Developer') ---
[2026-06-30 20:30:25] Opening job: Full-Stack Software Engineer @ Divyan Technologies Lucknow
[2026-06-30 20:30:43] [WARN] Apply button not found/clickable (selector may be stale, or job uses external apply).
[2026-06-30 20:30:43] [ERROR] Failed processing job card 4: 'NoneType' object is not subscriptable
[2026-06-30 20:30:43] --- Processing job 5/20 (term: 'Java Full Stack Developer') ---
[2026-06-30 20:30:43] Opening job: Fullstack Developer @ Aoqolt Inc.
[2026-06-30 20:30:50] Entering handle_chatbot_question. Non-interactive mode: False
[2026-06-30 20:30:50] Chatbot question: No
[2026-06-30 20:30:51] [Q-MATCH] Exact match found for: 'No'
[2026-06-30 20:30:51] Found exact match in questions.json: 'No' -> 'no'
[2026-06-30 20:30:51] Clicked option (exact match): 'No'
[2026-06-30 20:30:53] Chatbot question: Thank you for your responses.
[2026-06-30 20:30:57] [Q-MATCH] Exact match found for: 'Thank you for your responses.'
[2026-06-30 20:30:57] Found exact match in questions.json: 'Thank you for your responses.' -> 'Yes'
[2026-06-30 20:30:59] No option matched 'Yes' among ['Zero-shot prompting\nFew-shot prompting\nFine Tuning\nRetrieval-Augmented Gen']. Will try text input.
[2026-06-30 20:30:59] [WARN] Could not find any visible input box or matching option for this question.
[2026-06-30 20:31:00] [DEBUG] Total input elements found by selector: 3
[2026-06-30 20:31:00] [DEBUG]   [0] tag=input, type=text, visible=False
[2026-06-30 20:31:01] [DEBUG]   [1] tag=input, type=text, visible=False
[2026-06-30 20:31:01] [DEBUG]   [2] tag=input, type=text, visible=False
[2026-06-30 20:31:03] [ERROR] Failed processing job card 5: 'NoneType' object is not subscriptable
[2026-06-30 20:31:03] --- Processing job 6/20 (term: 'Java Full Stack Developer') ---
[2026-06-30 20:31:03] Opening job: Backend Developer @ Anti Ai
[2026-06-30 20:31:21] [WARN] Apply button not found/clickable (selector may be stale, or job uses external apply).
[2026-06-30 20:31:21] [ERROR] Failed processing job card 6: 'NoneType' object is not subscriptable
[2026-06-30 20:31:21] --- Processing job 7/20 (term: 'Java Full Stack Developer') ---
[2026-06-30 20:31:21] Opening job: C # Developer - AHOI Technology @ Ahoi Technology
[2026-06-30 20:31:39] [WARN] Apply button not found/clickable (selector may be stale, or job uses external apply).
[2026-06-30 20:31:39] [ERROR] Failed processing job card 7: 'NoneType' object is not subscriptable
[2026-06-30 20:31:39] --- Processing job 8/20 (term: 'Java Full Stack Developer') ---
[2026-06-30 20:31:39] Opening job: Web Developer @ Techbinge India
[2026-06-30 20:31:57] [WARN] Apply button not found/clickable (selector may be stale, or job uses external apply).
[2026-06-30 20:31:57] [ERROR] Failed processing job card 8: 'NoneType' object is not subscriptable
[2026-06-30 20:31:57] --- Processing job 9/20 (term: 'Java Full Stack Developer') ---
[2026-06-30 20:31:57] Opening job: Full Stack Developer @ Fusiontecz
[2026-06-30 20:32:15] [WARN] Apply button not found/clickable (selector may be stale, or job uses external apply).
[2026-06-30 20:32:15] [ERROR] Failed processing job card 9: 'NoneType' object is not subscriptable
[2026-06-30 20:32:15] --- Processing job 10/20 (term: 'Java Full Stack Developer') ---
[2026-06-30 20:32:16] Opening job: Software Engineer @ Zoom Start India
[2026-06-30 20:32:33] [WARN] Apply button not found/clickable (selector may be stale, or job uses external apply).
[2026-06-30 20:32:34] [ERROR] Failed processing job card 10: 'NoneType' object is not subscriptable
[2026-06-30 20:32:34] --- Processing job 11/20 (term: 'Java Full Stack Developer') ---
[2026-06-30 20:32:34] Opening job: Senior Software Engineer @ Zuddl
[2026-06-30 20:32:52] [WARN] Apply button not found/clickable (selector may be stale, or job uses external apply).
[2026-06-30 20:32:52] [ERROR] Failed processing job card 11: 'NoneType' object is not subscriptable
[2026-06-30 20:32:52] --- Processing job 12/20 (term: 'Java Full Stack Developer') ---
[2026-06-30 20:32:52] Opening job: Full Stack Developer @ Abhastra Technology
[2026-06-30 20:33:09] [WARN] Apply button not found/clickable (selector may be stale, or job uses external apply).
[2026-06-30 20:33:09] [ERROR] Failed processing job card 12: 'NoneType' object is not subscriptable
[2026-06-30 20:33:09] --- Processing job 13/20 (term: 'Java Full Stack Developer') ---
[2026-06-30 20:33:09] Opening job: AI Backend Developer @ Nitsan Technologies
[2026-06-30 20:33:27] [WARN] Apply button not found/clickable (selector may be stale, or job uses external apply).
[2026-06-30 20:33:27] [ERROR] Failed processing job card 13: 'NoneType' object is not subscriptable
[2026-06-30 20:33:27] --- Processing job 14/20 (term: 'Java Full Stack Developer') ---
[2026-06-30 20:33:27] Opening job: Senior Mendix Developer @ Sagous
[2026-06-30 20:33:45] [WARN] Apply button not found/clickable (selector may be stale, or job uses external apply).
[2026-06-30 20:33:45] [ERROR] Failed processing job card 14: 'NoneType' object is not subscriptable
[2026-06-30 20:33:45] --- Processing job 15/20 (term: 'Java Full Stack Developer') ---
[2026-06-30 20:33:46] Opening job: Java Developer @ Ovitech Solutions
[2026-06-30 20:34:03] [WARN] Apply button not found/clickable (selector may be stale, or job uses external apply).
[2026-06-30 20:34:03] [ERROR] Failed processing job card 15: 'NoneType' object is not subscriptable
[2026-06-30 20:34:03] --- Processing job 16/20 (term: 'Java Full Stack Developer') ---
[2026-06-30 20:34:03] Opening job: Java Developer @ Crayontek
[2026-06-30 20:34:21] [WARN] Apply button not found/clickable (selector may be stale, or job uses external apply).
[2026-06-30 20:34:21] [ERROR] Failed processing job card 16: 'NoneType' object is not subscriptable
[2026-06-30 20:34:21] --- Processing job 17/20 (term: 'Java Full Stack Developer') ---
[2026-06-30 20:34:21] Opening job: Java Developer(associate and senior Associate ) @ Insignia Consultancy Solutions
[2026-06-30 20:34:39] [WARN] Apply button not found/clickable (selector may be stale, or job uses external apply).
[2026-06-30 20:34:39] [ERROR] Failed processing job card 17: 'NoneType' object is not subscriptable
[2026-06-30 20:34:39] --- Processing job 18/20 (term: 'Java Full Stack Developer') ---
[2026-06-30 20:34:39] Opening job: App Developer @ Techbinge India
[2026-06-30 20:34:57] [WARN] Apply button not found/clickable (selector may be stale, or job uses external apply).
[2026-06-30 20:34:57] [ERROR] Failed processing job card 18: 'NoneType' object is not subscriptable
[2026-06-30 20:34:57] --- Processing job 19/20 (term: 'Java Full Stack Developer') ---
[2026-06-30 20:34:57] Opening job: Senior AEM Developer @ Bhasaka Technologies
[2026-06-30 20:35:15] [WARN] Apply button not found/clickable (selector may be stale, or job uses external apply).
[2026-06-30 20:35:15] [ERROR] Failed processing job card 19: 'NoneType' object is not subscriptable
[2026-06-30 20:35:15] --- Processing job 20/20 (term: 'Java Full Stack Developer') ---
[2026-06-30 20:35:15] Opening job: Senior E Commerce Developer @ Kontoor Brands, Inc.
[2026-06-30 20:35:33] [WARN] Apply button not found/clickable (selector may be stale, or job uses external apply).
[2026-06-30 20:35:33] [ERROR] Failed processing job card 20: 'NoneType' object is not subscriptable
[2026-06-30 20:35:33] ═══ Searching: 'Senior Java Full Stack Developer' ═══
[2026-06-30 20:35:33] Navigating to job search results for 'Senior Java Full Stack Developer': https://www.naukri.com/senior-java-full-stack-developer-jobs?k=Senior+Java+Full+Stack+Developer&experience=4&wfhType=2
[2026-06-30 20:35:36] Job listings loaded.
[2026-06-30 20:35:44] [WARN] Could not find the 'Easy Apply' sidebar checkbox — selector may be stale, verify EASY_APPLY_CHECKBOX_SEL against the live page.
[2026-06-30 20:35:44] Found 20 job card(s) for 'Senior Java Full Stack Developer'.
[2026-06-30 20:35:44] --- Processing job 1/20 (term: 'Senior Java Full Stack Developer') ---
[2026-06-30 20:35:44] Opening job: Senior Mendix Developer @ Sagous
[2026-06-30 20:36:02] [WARN] Apply button not found/clickable (selector may be stale, or job uses external apply).
[2026-06-30 20:36:02] [ERROR] Failed processing job card 1: 'NoneType' object is not subscriptable
[2026-06-30 20:36:02] --- Processing job 2/20 (term: 'Senior Java Full Stack Developer') ---
[2026-06-30 20:36:02] Opening job: Senior Software Engineer @ Zuddl
[2026-06-30 20:36:20] [WARN] Apply button not found/clickable (selector may be stale, or job uses external apply).
[2026-06-30 20:36:20] [ERROR] Failed processing job card 2: 'NoneType' object is not subscriptable
[2026-06-30 20:36:20] --- Processing job 3/20 (term: 'Senior Java Full Stack Developer') ---
[2026-06-30 20:36:20] Opening job: Full Stack Developer @ E Tech Software
[2026-06-30 20:36:38] [WARN] Apply button not found/clickable (selector may be stale, or job uses external apply).
[2026-06-30 20:36:38] [ERROR] Failed processing job card 3: 'NoneType' object is not subscriptable
[2026-06-30 20:36:38] --- Processing job 4/20 (term: 'Senior Java Full Stack Developer') ---
[2026-06-30 20:36:38] Opening job: Senior Java Developer @ Harris Global Business Services
[2026-06-30 20:36:56] [WARN] Apply button not found/clickable (selector may be stale, or job uses external apply).
[2026-06-30 20:36:56] [ERROR] Failed processing job card 4: 'NoneType' object is not subscriptable
[2026-06-30 20:36:56] --- Processing job 5/20 (term: 'Senior Java Full Stack Developer') ---
[2026-06-30 20:36:56] Opening job: Senior Java Developer @ Harris Healthcare
[2026-06-30 20:37:14] [WARN] Apply button not found/clickable (selector may be stale, or job uses external apply).
[2026-06-30 20:37:14] [ERROR] Failed processing job card 5: 'NoneType' object is not subscriptable
[2026-06-30 20:37:14] --- Processing job 6/20 (term: 'Senior Java Full Stack Developer') ---
[2026-06-30 20:37:14] Opening job: BPI Developer Sr Developer @ Sparix Global
[2026-06-30 20:37:32] [WARN] Apply button not found/clickable (selector may be stale, or job uses external apply).
[2026-06-30 20:37:32] [ERROR] Failed processing job card 6: 'NoneType' object is not subscriptable
[2026-06-30 20:37:32] --- Processing job 7/20 (term: 'Senior Java Full Stack Developer') ---
[2026-06-30 20:37:32] Opening job: BPI Developer / Senior Developer @ Sparix Global
[2026-06-30 20:37:50] [WARN] Apply button not found/clickable (selector may be stale, or job uses external apply).
[2026-06-30 20:37:50] [ERROR] Failed processing job card 7: 'NoneType' object is not subscriptable
[2026-06-30 20:37:50] --- Processing job 8/20 (term: 'Senior Java Full Stack Developer') ---
[2026-06-30 20:37:50] Opening job: Full Stack Developer - Grant Management Platform - Pan india @ Social Alpha
[2026-06-30 20:38:08] [WARN] Apply button not found/clickable (selector may be stale, or job uses external apply).
[2026-06-30 20:38:08] [ERROR] Failed processing job card 8: 'NoneType' object is not subscriptable
[2026-06-30 20:38:08] --- Processing job 9/20 (term: 'Senior Java Full Stack Developer') ---
[2026-06-30 20:38:09] Opening job: Senior Software Engineer, Full Stack @ Mostudio
[2026-06-30 20:38:26] [WARN] Apply button not found/clickable (selector may be stale, or job uses external apply).
[2026-06-30 20:38:26] [ERROR] Failed processing job card 9: 'NoneType' object is not subscriptable
[2026-06-30 20:38:26] --- Processing job 10/20 (term: 'Senior Java Full Stack Developer') ---
[2026-06-30 20:38:27] Opening job: Senior Full Stack Java Software Engineer @ Global Business Ser 4u
[2026-06-30 20:38:44] [WARN] Apply button not found/clickable (selector may be stale, or job uses external apply).
[2026-06-30 20:38:45] [ERROR] Failed processing job card 10: 'NoneType' object is not subscriptable
[2026-06-30 20:38:45] --- Processing job 11/20 (term: 'Senior Java Full Stack Developer') ---
[2026-06-30 20:38:45] Opening job: Java Developer(associate and senior Associate ) @ Insignia Consultancy Solutions
[2026-06-30 20:39:03] [WARN] Apply button not found/clickable (selector may be stale, or job uses external apply).
[2026-06-30 20:39:03] [ERROR] Failed processing job card 11: 'NoneType' object is not subscriptable
[2026-06-30 20:39:03] --- Processing job 12/20 (term: 'Senior Java Full Stack Developer') ---
[2026-06-30 20:39:03] Opening job: Senior AEM Developer @ Bhasaka Technologies
[2026-06-30 20:39:21] [WARN] Apply button not found/clickable (selector may be stale, or job uses external apply).
[2026-06-30 20:39:21] [ERROR] Failed processing job card 12: 'NoneType' object is not subscriptable
[2026-06-30 20:39:21] --- Processing job 13/20 (term: 'Senior Java Full Stack Developer') ---
[2026-06-30 20:39:21] Opening job: Senior E Commerce Developer @ Kontoor Brands, Inc.
[2026-06-30 20:39:39] [WARN] Apply button not found/clickable (selector may be stale, or job uses external apply).
[2026-06-30 20:39:39] [ERROR] Failed processing job card 13: 'NoneType' object is not subscriptable
[2026-06-30 20:39:39] --- Processing job 14/20 (term: 'Senior Java Full Stack Developer') ---
[2026-06-30 20:39:39] Opening job: Senior Java Developer @ Innovya Technologies
[2026-06-30 20:39:57] [WARN] Apply button not found/clickable (selector may be stale, or job uses external apply).
[2026-06-30 20:39:57] [ERROR] Failed processing job card 14: 'NoneType' object is not subscriptable
[2026-06-30 20:39:57] --- Processing job 15/20 (term: 'Senior Java Full Stack Developer') ---
[2026-06-30 20:39:57] Opening job: Senior Java Developer @ Virtualware Innovations
[2026-06-30 20:40:15] [WARN] Apply button not found/clickable (selector may be stale, or job uses external apply).
[2026-06-30 20:40:15] [ERROR] Failed processing job card 15: 'NoneType' object is not subscriptable
[2026-06-30 20:40:15] --- Processing job 16/20 (term: 'Senior Java Full Stack Developer') ---
[2026-06-30 20:40:15] Opening job: Sr. Full Stack Developer @ Ncube Infosolutions
[2026-06-30 20:40:33] [WARN] Apply button not found/clickable (selector may be stale, or job uses external apply).
[2026-06-30 20:40:33] [ERROR] Failed processing job card 16: 'NoneType' object is not subscriptable
[2026-06-30 20:40:33] --- Processing job 17/20 (term: 'Senior Java Full Stack Developer') ---
[2026-06-30 20:40:33] Opening job: Sr Software Engineer-Java @ PointAbout Inc.
[2026-06-30 20:40:51] [WARN] Apply button not found/clickable (selector may be stale, or job uses external apply).
[2026-06-30 20:40:51] [ERROR] Failed processing job card 17: 'NoneType' object is not subscriptable
[2026-06-30 20:40:51] --- Processing job 18/20 (term: 'Senior Java Full Stack Developer') ---
[2026-06-30 20:40:51] Opening job: Senior UI Engineer @ Quickbase
[2026-06-30 20:41:09] [WARN] Apply button not found/clickable (selector may be stale, or job uses external apply).
[2026-06-30 20:41:09] [ERROR] Failed processing job card 18: 'NoneType' object is not subscriptable
[2026-06-30 20:41:09] --- Processing job 19/20 (term: 'Senior Java Full Stack Developer') ---
[2026-06-30 20:41:09] Opening job: BPI Developer / Sr Developer @ Sparix Global
[2026-06-30 20:41:27] [WARN] Apply button not found/clickable (selector may be stale, or job uses external apply).
[2026-06-30 20:41:27] [ERROR] Failed processing job card 19: 'NoneType' object is not subscriptable
[2026-06-30 20:41:27] --- Processing job 20/20 (term: 'Senior Java Full Stack Developer') ---
[2026-06-30 20:41:27] Opening job: Sr. Full-Stack Developer @ Neuron7
[2026-06-30 20:41:45] [WARN] Apply button not found/clickable (selector may be stale, or job uses external apply).
[2026-06-30 20:41:45] [ERROR] Failed processing job card 20: 'NoneType' object is not subscriptable
[2026-06-30 20:41:45] ═══ Searching: 'Java Developer' ═══
[2026-06-30 20:41:45] Navigating to job search results for 'Java Developer': https://www.naukri.com/java-developer-jobs?k=Java+Developer&experience=4&wfhType=2
[2026-06-30 20:41:47] Job listings loaded.
[2026-06-30 20:41:56] [WARN] Could not find the 'Easy Apply' sidebar checkbox — selector may be stale, verify EASY_APPLY_CHECKBOX_SEL against the live page.
[2026-06-30 20:41:56] Found 20 job card(s) for 'Java Developer'.
[2026-06-30 20:41:56] --- Processing job 1/20 (term: 'Java Developer') ---
[2026-06-30 20:41:56] Opening job: Java Developer @ Nexdew Technologies
[2026-06-30 20:42:14] [WARN] Apply button not found/clickable (selector may be stale, or job uses external apply).
[2026-06-30 20:42:14] [ERROR] Failed processing job card 1: 'NoneType' object is not subscriptable
[2026-06-30 20:42:14] --- Processing job 2/20 (term: 'Java Developer') ---
[2026-06-30 20:42:14] Opening job: Java Developer @ MNJ Software
[2026-06-30 20:42:32] [WARN] Apply button not found/clickable (selector may be stale, or job uses external apply).
[2026-06-30 20:42:32] [ERROR] Failed processing job card 2: 'NoneType' object is not subscriptable
[2026-06-30 20:42:32] --- Processing job 3/20 (term: 'Java Developer') ---
[2026-06-30 20:42:32] Opening job: Java Developer @ Ovitech Solutions
[2026-06-30 20:42:50] [WARN] Apply button not found/clickable (selector may be stale, or job uses external apply).
[2026-06-30 20:42:50] [ERROR] Failed processing job card 3: 'NoneType' object is not subscriptable
[2026-06-30 20:42:50] --- Processing job 4/20 (term: 'Java Developer') ---
[2026-06-30 20:42:50] Opening job: Java Developer @ Crayontek
[2026-06-30 20:43:14] ════════════════════════════════════════
[2026-06-30 20:43:14]   Naukri Auto-Apply Bot — starting run
[2026-06-30 20:43:14]   AI mode (Gemini): disabled (manual prompts)
[2026-06-30 20:43:14]   Non-Interactive: disabled (manual prompts)
[2026-06-30 20:43:14] ════════════════════════════════════════
[2026-06-30 20:43:15] Monkey-patched uc.Chrome.quit to suppress WinError 6 on exit.
[2026-06-30 20:43:15] Starting Chrome setup...
[2026-06-30 20:43:15] Found cached ChromeDriver: C:\Users\Pawan\AppData\Roaming\undetected_chromedriver\undetected_chromedriver.exe
[2026-06-30 20:43:15] Attempting undetected-chromedriver with use_subprocess=False...
[2026-06-30 20:43:17] Chrome driver (stealth, use_subprocess=False) successfully initialized!
[2026-06-30 20:43:17] Navigating to Naukri login page...
[2026-06-30 20:43:20] Submitted login form. Waiting for homepage to load...
[2026-06-30 20:43:25] Login appears successful.
[2026-06-30 20:43:25] Will search 12 term(s): ['Java Full Stack Developer', 'Senior Java Full Stack Developer', 'Java Developer', 'Senior Java Developer', 'Spring Boot Developer', 'Java Microservices Developer', 'Backend Developer', 'Java Backend Developer', 'Software Engineer', 'Senior Software Engineer', 'Full Stack Developer', 'Java Angular Developer']
[2026-06-30 20:43:25] ═══ Searching: 'Java Full Stack Developer' ═══
[2026-06-30 20:43:25] Navigating to job search results for 'Java Full Stack Developer': https://www.naukri.com/java-full-stack-developer-jobs?k=Java+Full+Stack+Developer&experience=4&wfhType=2
[2026-06-30 20:43:27] Job listings loaded.
[2026-06-30 20:43:35] [WARN] Could not find the 'Easy Apply' sidebar checkbox — selector may be stale, verify EASY_APPLY_CHECKBOX_SEL against the live page.
[2026-06-30 20:43:35] Found 20 job card(s) for 'Java Full Stack Developer'.
[2026-06-30 20:43:35] --- Processing job 1/20 (term: 'Java Full Stack Developer') ---
[2026-06-30 20:43:35] Opening job: Java Full Stack Developer @ Vrinda International Noida
[2026-06-30 20:43:53] [WARN] Apply button not found/clickable (selector may be stale, or job uses external apply).
[2026-06-30 20:43:53] [ERROR] Failed processing job card 1: 'NoneType' object is not subscriptable
[2026-06-30 20:43:53] --- Processing job 2/20 (term: 'Java Full Stack Developer') ---
[2026-06-30 20:43:53] Opening job: Full Stack Developer (Java & Angular) @ Utimaco
[2026-06-30 20:44:11] [WARN] Apply button not found/clickable (selector may be stale, or job uses external apply).
[2026-06-30 20:44:11] [ERROR] Failed processing job card 2: 'NoneType' object is not subscriptable
[2026-06-30 20:44:11] --- Processing job 3/20 (term: 'Java Full Stack Developer') ---
[2026-06-30 20:44:11] Opening job: Full Stack Developer Java + React Next js Poland @ Remotestar
[2026-06-30 20:44:29] [WARN] Apply button not found/clickable (selector may be stale, or job uses external apply).
[2026-06-30 20:44:29] [ERROR] Failed processing job card 3: 'NoneType' object is not subscriptable
[2026-06-30 20:44:29] --- Processing job 4/20 (term: 'Java Full Stack Developer') ---
[2026-06-30 20:44:29] Opening job: Middle Full-Stack Engineer | Solvy @ Boosta
[2026-06-30 20:44:47] [WARN] Apply button not found/clickable (selector may be stale, or job uses external apply).
[2026-06-30 20:44:47] [ERROR] Failed processing job card 4: 'NoneType' object is not subscriptable
[2026-06-30 20:44:47] --- Processing job 5/20 (term: 'Java Full Stack Developer') ---
[2026-06-30 20:44:47] Opening job: Full-Stack Software Engineer @ Divyan Technologies Lucknow
[2026-06-30 20:45:05] [WARN] Apply button not found/clickable (selector may be stale, or job uses external apply).
[2026-06-30 20:45:05] [ERROR] Failed processing job card 5: 'NoneType' object is not subscriptable
[2026-06-30 20:45:05] --- Processing job 6/20 (term: 'Java Full Stack Developer') ---
[2026-06-30 20:45:05] Opening job: Backend Developer @ Anti Ai
[2026-06-30 20:45:23] [WARN] Apply button not found/clickable (selector may be stale, or job uses external apply).
[2026-06-30 20:45:23] [ERROR] Failed processing job card 6: 'NoneType' object is not subscriptable
[2026-06-30 20:45:23] --- Processing job 7/20 (term: 'Java Full Stack Developer') ---
[2026-06-30 20:45:23] Opening job: C # Developer - AHOI Technology @ Ahoi Technology
[2026-06-30 20:45:41] [WARN] Apply button not found/clickable (selector may be stale, or job uses external apply).
[2026-06-30 20:45:41] [ERROR] Failed processing job card 7: 'NoneType' object is not subscriptable
[2026-06-30 20:45:41] --- Processing job 8/20 (term: 'Java Full Stack Developer') ---
[2026-06-30 20:45:41] Opening job: AI Fullstack Developer @ Zealogics.com
[2026-06-30 20:45:59] [WARN] Apply button not found/clickable (selector may be stale, or job uses external apply).
[2026-06-30 20:45:59] [ERROR] Failed processing job card 8: 'NoneType' object is not subscriptable
[2026-06-30 20:45:59] --- Processing job 9/20 (term: 'Java Full Stack Developer') ---
[2026-06-30 20:45:59] Opening job: Web Developer @ Techbinge India
[2026-06-30 20:46:17] [WARN] Apply button not found/clickable (selector may be stale, or job uses external apply).
[2026-06-30 20:46:17] [ERROR] Failed processing job card 9: 'NoneType' object is not subscriptable
[2026-06-30 20:46:17] --- Processing job 10/20 (term: 'Java Full Stack Developer') ---
[2026-06-30 20:46:17] Opening job: Full Stack Developer @ Fusiontecz
[2026-06-30 20:46:35] [WARN] Apply button not found/clickable (selector may be stale, or job uses external apply).
[2026-06-30 20:46:35] [ERROR] Failed processing job card 10: 'NoneType' object is not subscriptable
[2026-06-30 20:46:35] --- Processing job 11/20 (term: 'Java Full Stack Developer') ---
[2026-06-30 20:46:36] Opening job: Software Engineer @ Zoom Start India
[2026-06-30 20:46:53] [WARN] Apply button not found/clickable (selector may be stale, or job uses external apply).
[2026-06-30 20:46:54] [ERROR] Failed processing job card 11: 'NoneType' object is not subscriptable
[2026-06-30 20:46:54] --- Processing job 12/20 (term: 'Java Full Stack Developer') ---
[2026-06-30 20:46:54] Opening job: Senior Software Engineer @ Zuddl
[2026-06-30 20:47:11] [WARN] Apply button not found/clickable (selector may be stale, or job uses external apply).
[2026-06-30 20:47:11] [ERROR] Failed processing job card 12: 'NoneType' object is not subscriptable
[2026-06-30 20:47:11] --- Processing job 13/20 (term: 'Java Full Stack Developer') ---
[2026-06-30 20:47:12] Opening job: Full Stack Developer @ Abhastra Technology
[2026-06-30 20:47:29] [WARN] Apply button not found/clickable (selector may be stale, or job uses external apply).
[2026-06-30 20:47:29] [ERROR] Failed processing job card 13: 'NoneType' object is not subscriptable
[2026-06-30 20:47:29] --- Processing job 14/20 (term: 'Java Full Stack Developer') ---
[2026-06-30 20:47:29] Opening job: AI Backend Developer @ Nitsan Technologies
[2026-06-30 20:47:47] [WARN] Apply button not found/clickable (selector may be stale, or job uses external apply).
[2026-06-30 20:47:48] [ERROR] Failed processing job card 14: 'NoneType' object is not subscriptable
[2026-06-30 20:47:48] --- Processing job 15/20 (term: 'Java Full Stack Developer') ---
[2026-06-30 20:47:48] Opening job: Senior Mendix Developer @ Sagous
[2026-06-30 20:48:06] [WARN] Apply button not found/clickable (selector may be stale, or job uses external apply).
[2026-06-30 20:48:06] [ERROR] Failed processing job card 15: 'NoneType' object is not subscriptable
[2026-06-30 20:48:06] --- Processing job 16/20 (term: 'Java Full Stack Developer') ---
[2026-06-30 20:48:06] Opening job: Java Developer @ Ovitech Solutions
[2026-06-30 20:48:23] [WARN] Apply button not found/clickable (selector may be stale, or job uses external apply).
[2026-06-30 20:48:24] [ERROR] Failed processing job card 16: 'NoneType' object is not subscriptable
[2026-06-30 20:48:24] --- Processing job 17/20 (term: 'Java Full Stack Developer') ---
[2026-06-30 20:48:24] Opening job: Java Developer @ Crayontek
[2026-06-30 20:48:41] [WARN] Apply button not found/clickable (selector may be stale, or job uses external apply).
[2026-06-30 20:48:42] [ERROR] Failed processing job card 17: 'NoneType' object is not subscriptable
[2026-06-30 20:48:42] --- Processing job 18/20 (term: 'Java Full Stack Developer') ---
[2026-06-30 20:48:42] Opening job: Java Developer(associate and senior Associate ) @ Insignia Consultancy Solutions
[2026-06-30 20:49:00] [WARN] Apply button not found/clickable (selector may be stale, or job uses external apply).
[2026-06-30 20:49:00] [ERROR] Failed processing job card 18: 'NoneType' object is not subscriptable
[2026-06-30 20:49:00] --- Processing job 19/20 (term: 'Java Full Stack Developer') ---
[2026-06-30 20:49:00] Opening job: App Developer @ Techbinge India
[2026-06-30 20:49:18] [WARN] Apply button not found/clickable (selector may be stale, or job uses external apply).
[2026-06-30 20:49:18] [ERROR] Failed processing job card 19: 'NoneType' object is not subscriptable
[2026-06-30 20:49:18] --- Processing job 20/20 (term: 'Java Full Stack Developer') ---
[2026-06-30 20:49:18] Opening job: Senior AEM Developer @ Bhasaka Technologies
[2026-06-30 20:49:36] [WARN] Apply button not found/clickable (selector may be stale, or job uses external apply).
[2026-06-30 20:49:36] [ERROR] Failed processing job card 20: 'NoneType' object is not subscriptable
[2026-06-30 20:49:36] ═══ Searching: 'Senior Java Full Stack Developer' ═══
[2026-06-30 20:49:36] Navigating to job search results for 'Senior Java Full Stack Developer': https://www.naukri.com/senior-java-full-stack-developer-jobs?k=Senior+Java+Full+Stack+Developer&experience=4&wfhType=2
[2026-06-30 20:49:39] Job listings loaded.
[2026-06-30 20:49:48] [WARN] Could not find the 'Easy Apply' sidebar checkbox — selector may be stale, verify EASY_APPLY_CHECKBOX_SEL against the live page.
[2026-06-30 20:49:48] Found 20 job card(s) for 'Senior Java Full Stack Developer'.
[2026-06-30 20:49:48] --- Processing job 1/20 (term: 'Senior Java Full Stack Developer') ---
[2026-06-30 20:49:48] Opening job: Senior Mendix Developer @ Sagous
[2026-06-30 20:50:06] [WARN] Apply button not found/clickable (selector may be stale, or job uses external apply).
[2026-06-30 20:50:06] [ERROR] Failed processing job card 1: 'NoneType' object is not subscriptable
[2026-06-30 20:50:06] --- Processing job 2/20 (term: 'Senior Java Full Stack Developer') ---
[2026-06-30 20:50:06] Opening job: Senior Software Engineer @ Zuddl
[2026-06-30 20:50:24] [WARN] Apply button not found/clickable (selector may be stale, or job uses external apply).
[2026-06-30 20:50:24] [ERROR] Failed processing job card 2: 'NoneType' object is not subscriptable
[2026-06-30 20:50:24] --- Processing job 3/20 (term: 'Senior Java Full Stack Developer') ---
[2026-06-30 20:50:24] Opening job: Full Stack Developer @ E Tech Software
[2026-06-30 20:50:42] [WARN] Apply button not found/clickable (selector may be stale, or job uses external apply).
[2026-06-30 20:50:42] [ERROR] Failed processing job card 3: 'NoneType' object is not subscriptable
[2026-06-30 20:50:42] --- Processing job 4/20 (term: 'Senior Java Full Stack Developer') ---
[2026-06-30 20:50:42] Opening job: Senior Java Developer @ Harris Global Business Services
[2026-06-30 20:51:00] [WARN] Apply button not found/clickable (selector may be stale, or job uses external apply).
[2026-06-30 20:51:00] [ERROR] Failed processing job card 4: 'NoneType' object is not subscriptable
[2026-06-30 20:51:00] --- Processing job 5/20 (term: 'Senior Java Full Stack Developer') ---
[2026-06-30 20:51:00] Opening job: Senior Java Developer @ Harris Healthcare
[2026-06-30 20:51:19] [WARN] Apply button not found/clickable (selector may be stale, or job uses external apply).
[2026-06-30 20:51:19] [ERROR] Failed processing job card 5: 'NoneType' object is not subscriptable
[2026-06-30 20:51:19] --- Processing job 6/20 (term: 'Senior Java Full Stack Developer') ---
[2026-06-30 20:51:19] Opening job: BPI Developer Sr Developer @ Sparix Global
[2026-06-30 20:51:37] [WARN] Apply button not found/clickable (selector may be stale, or job uses external apply).
[2026-06-30 20:51:37] [ERROR] Failed processing job card 6: 'NoneType' object is not subscriptable
[2026-06-30 20:51:37] --- Processing job 7/20 (term: 'Senior Java Full Stack Developer') ---
[2026-06-30 20:51:37] Opening job: BPI Developer / Senior Developer @ Sparix Global
[2026-06-30 20:51:55] [WARN] Apply button not found/clickable (selector may be stale, or job uses external apply).
[2026-06-30 20:51:55] [ERROR] Failed processing job card 7: 'NoneType' object is not subscriptable
[2026-06-30 20:51:55] --- Processing job 8/20 (term: 'Senior Java Full Stack Developer') ---
[2026-06-30 20:51:55] Opening job: Full Stack Developer - Grant Management Platform - Pan india @ Social Alpha
[2026-06-30 20:52:13] [WARN] Apply button not found/clickable (selector may be stale, or job uses external apply).
[2026-06-30 20:52:13] [ERROR] Failed processing job card 8: 'NoneType' object is not subscriptable
[2026-06-30 20:52:13] --- Processing job 9/20 (term: 'Senior Java Full Stack Developer') ---
[2026-06-30 20:52:13] Opening job: Senior Software Engineer, Full Stack @ Mostudio
[2026-06-30 20:52:31] [WARN] Apply button not found/clickable (selector may be stale, or job uses external apply).
[2026-06-30 20:52:31] [ERROR] Failed processing job card 9: 'NoneType' object is not subscriptable
[2026-06-30 20:52:31] --- Processing job 10/20 (term: 'Senior Java Full Stack Developer') ---
[2026-06-30 20:52:31] Opening job: Senior Full Stack Java Software Engineer @ Global Business Ser 4u
[2026-06-30 20:52:49] [WARN] Apply button not found/clickable (selector may be stale, or job uses external apply).
[2026-06-30 20:52:49] [ERROR] Failed processing job card 10: 'NoneType' object is not subscriptable
[2026-06-30 20:52:49] --- Processing job 11/20 (term: 'Senior Java Full Stack Developer') ---
[2026-06-30 20:52:49] Opening job: Java Developer(associate and senior Associate ) @ Insignia Consultancy Solutions
[2026-06-30 20:53:07] [WARN] Apply button not found/clickable (selector may be stale, or job uses external apply).
[2026-06-30 20:53:07] [ERROR] Failed processing job card 11: 'NoneType' object is not subscriptable
[2026-06-30 20:53:07] --- Processing job 12/20 (term: 'Senior Java Full Stack Developer') ---
[2026-06-30 20:53:07] Opening job: Senior AEM Developer @ Bhasaka Technologies
[2026-06-30 20:53:26] [WARN] Apply button not found/clickable (selector may be stale, or job uses external apply).
[2026-06-30 20:53:26] [ERROR] Failed processing job card 12: 'NoneType' object is not subscriptable
[2026-06-30 20:53:26] --- Processing job 13/20 (term: 'Senior Java Full Stack Developer') ---
[2026-06-30 20:53:26] Opening job: Senior E Commerce Developer @ Kontoor Brands, Inc.
[2026-06-30 20:53:44] [WARN] Apply button not found/clickable (selector may be stale, or job uses external apply).
[2026-06-30 20:53:44] [ERROR] Failed processing job card 13: 'NoneType' object is not subscriptable
[2026-06-30 20:53:44] --- Processing job 14/20 (term: 'Senior Java Full Stack Developer') ---
[2026-06-30 20:53:44] Opening job: Senior Java Developer @ Innovya Technologies
[2026-06-30 20:54:02] [WARN] Apply button not found/clickable (selector may be stale, or job uses external apply).
[2026-06-30 20:54:02] [ERROR] Failed processing job card 14: 'NoneType' object is not subscriptable
[2026-06-30 20:54:02] --- Processing job 15/20 (term: 'Senior Java Full Stack Developer') ---
[2026-06-30 20:54:02] Opening job: Senior Java Developer @ Virtualware Innovations
[2026-06-30 20:54:20] [WARN] Apply button not found/clickable (selector may be stale, or job uses external apply).
[2026-06-30 20:54:20] [ERROR] Failed processing job card 15: 'NoneType' object is not subscriptable
[2026-06-30 20:54:20] --- Processing job 16/20 (term: 'Senior Java Full Stack Developer') ---
[2026-06-30 20:54:20] Opening job: Sr. Full Stack Developer @ Ncube Infosolutions
[2026-06-30 20:54:38] [WARN] Apply button not found/clickable (selector may be stale, or job uses external apply).
[2026-06-30 20:54:38] [ERROR] Failed processing job card 16: 'NoneType' object is not subscriptable
[2026-06-30 20:54:38] --- Processing job 17/20 (term: 'Senior Java Full Stack Developer') ---
[2026-06-30 20:54:38] Opening job: Sr Software Engineer-Java @ PointAbout Inc.
[2026-06-30 20:54:56] [WARN] Apply button not found/clickable (selector may be stale, or job uses external apply).
[2026-06-30 20:54:56] [ERROR] Failed processing job card 17: 'NoneType' object is not subscriptable
[2026-06-30 20:54:56] --- Processing job 18/20 (term: 'Senior Java Full Stack Developer') ---
[2026-06-30 20:54:56] Opening job: Senior UI Engineer @ Quickbase
[2026-06-30 20:55:14] [WARN] Apply button not found/clickable (selector may be stale, or job uses external apply).
[2026-06-30 20:55:14] [ERROR] Failed processing job card 18: 'NoneType' object is not subscriptable
[2026-06-30 20:55:14] --- Processing job 19/20 (term: 'Senior Java Full Stack Developer') ---
[2026-06-30 20:55:14] Opening job: BPI Developer / Sr Developer @ Sparix Global
[2026-06-30 20:55:32] [WARN] Apply button not found/clickable (selector may be stale, or job uses external apply).
[2026-06-30 20:55:32] [ERROR] Failed processing job card 19: 'NoneType' object is not subscriptable
[2026-06-30 20:55:32] --- Processing job 20/20 (term: 'Senior Java Full Stack Developer') ---
[2026-06-30 20:55:32] Opening job: Sr. Full-Stack Developer @ Neuron7
[2026-06-30 20:55:49] [WARN] Apply button not found/clickable (selector may be stale, or job uses external apply).
[2026-06-30 20:55:49] [ERROR] Failed processing job card 20: 'NoneType' object is not subscriptable
[2026-06-30 20:55:49] ═══ Searching: 'Java Developer' ═══
[2026-06-30 20:55:49] Navigating to job search results for 'Java Developer': https://www.naukri.com/java-developer-jobs?k=Java+Developer&experience=4&wfhType=2
[2026-06-30 20:55:52] Job listings loaded.
[2026-06-30 20:56:00] [WARN] Could not find the 'Easy Apply' sidebar checkbox — selector may be stale, verify EASY_APPLY_CHECKBOX_SEL against the live page.
[2026-06-30 20:56:00] Found 20 job card(s) for 'Java Developer'.
[2026-06-30 20:56:00] --- Processing job 1/20 (term: 'Java Developer') ---
[2026-06-30 20:56:00] Opening job: Java Developer @ Nexdew Technologies
[2026-06-30 20:56:19] [WARN] Apply button not found/clickable (selector may be stale, or job uses external apply).
[2026-06-30 20:56:19] [ERROR] Failed processing job card 1: 'NoneType' object is not subscriptable
[2026-06-30 20:56:19] --- Processing job 2/20 (term: 'Java Developer') ---
[2026-06-30 20:56:19] Opening job: Java Developer @ MNJ Software
[2026-06-30 20:56:37] [WARN] Apply button not found/clickable (selector may be stale, or job uses external apply).
[2026-06-30 20:56:37] [ERROR] Failed processing job card 2: 'NoneType' object is not subscriptable
[2026-06-30 20:56:37] --- Processing job 3/20 (term: 'Java Developer') ---
[2026-06-30 20:56:37] Opening job: Java Developer @ Ovitech Solutions
[2026-06-30 20:56:56] [WARN] Apply button not found/clickable (selector may be stale, or job uses external apply).
[2026-06-30 20:56:56] [ERROR] Failed processing job card 3: 'NoneType' object is not subscriptable
[2026-06-30 20:56:56] --- Processing job 4/20 (term: 'Java Developer') ---
[2026-06-30 20:56:56] Opening job: Java Developer @ Crayontek
[2026-06-30 20:57:14] [WARN] Apply button not found/clickable (selector may be stale, or job uses external apply).
[2026-06-30 20:57:14] [ERROR] Failed processing job card 4: 'NoneType' object is not subscriptable
[2026-06-30 20:57:14] --- Processing job 5/20 (term: 'Java Developer') ---
[2026-06-30 20:57:14] Opening job: Java Developer @ Weitglobal
[2026-06-30 20:57:32] [WARN] Apply button not found/clickable (selector may be stale, or job uses external apply).
[2026-06-30 20:57:32] [ERROR] Failed processing job card 5: 'NoneType' object is not subscriptable
[2026-06-30 20:57:32] --- Processing job 6/20 (term: 'Java Developer') ---
[2026-06-30 20:57:32] Opening job: Java Developer @ Recruitly
[2026-06-30 20:57:51] [WARN] Apply button not found/clickable (selector may be stale, or job uses external apply).
[2026-06-30 20:57:51] [ERROR] Failed processing job card 6: 'NoneType' object is not subscriptable
[2026-06-30 20:57:51] --- Processing job 7/20 (term: 'Java Developer') ---
[2026-06-30 20:57:51] Opening job: Java Developer @ Yellow Sapphire
[2026-06-30 20:58:09] [WARN] Apply button not found/clickable (selector may be stale, or job uses external apply).
[2026-06-30 20:58:09] [ERROR] Failed processing job card 7: 'NoneType' object is not subscriptable
[2026-06-30 20:58:09] --- Processing job 8/20 (term: 'Java Developer') ---
[2026-06-30 20:58:09] Opening job: Java Developer with AI Focus @ Verdantis
[2026-06-30 20:58:28] [WARN] Apply button not found/clickable (selector may be stale, or job uses external apply).
[2026-06-30 20:58:28] [ERROR] Failed processing job card 8: 'NoneType' object is not subscriptable
[2026-06-30 20:58:28] --- Processing job 9/20 (term: 'Java Developer') ---
[2026-06-30 20:58:28] Opening job: Java Developers @ JK Lucent
[2026-06-30 20:58:46] [WARN] Apply button not found/clickable (selector may be stale, or job uses external apply).
[2026-06-30 20:58:46] [ERROR] Failed processing job card 9: 'NoneType' object is not subscriptable
[2026-06-30 20:58:46] --- Processing job 10/20 (term: 'Java Developer') ---
[2026-06-30 20:58:47] Opening job: Mid Experience Java Developer @ Crayontek
[2026-06-30 20:59:05] [WARN] Apply button not found/clickable (selector may be stale, or job uses external apply).
[2026-06-30 20:59:05] [ERROR] Failed processing job card 10: 'NoneType' object is not subscriptable
[2026-06-30 20:59:05] --- Processing job 11/20 (term: 'Java Developer') ---
[2026-06-30 20:59:05] Opening job: Java Developer @ Irisidea
[2026-06-30 20:59:23] [WARN] Apply button not found/clickable (selector may be stale, or job uses external apply).
[2026-06-30 20:59:23] [ERROR] Failed processing job card 11: 'NoneType' object is not subscriptable
[2026-06-30 20:59:23] --- Processing job 12/20 (term: 'Java Developer') ---
[2026-06-30 20:59:23] Opening job: Java Developer @ Iris Info
[2026-06-30 20:59:41] [WARN] Apply button not found/clickable (selector may be stale, or job uses external apply).
[2026-06-30 20:59:41] [ERROR] Failed processing job card 12: 'NoneType' object is not subscriptable
[2026-06-30 20:59:41] --- Processing job 13/20 (term: 'Java Developer') ---
[2026-06-30 20:59:41] Opening job: Java Developer @ NTK Creative Tech
[2026-06-30 20:59:59] [WARN] Apply button not found/clickable (selector may be stale, or job uses external apply).
[2026-06-30 21:00:00] [ERROR] Failed processing job card 13: 'NoneType' object is not subscriptable
[2026-06-30 21:00:00] --- Processing job 14/20 (term: 'Java Developer') ---
[2026-06-30 21:00:00] Opening job: Java Developer @ Gokool Software Labs
[2026-06-30 21:00:18] [WARN] Apply button not found/clickable (selector may be stale, or job uses external apply).
[2026-06-30 21:00:18] [ERROR] Failed processing job card 14: 'NoneType' object is not subscriptable
[2026-06-30 21:00:18] --- Processing job 15/20 (term: 'Java Developer') ---
[2026-06-30 21:00:18] Opening job: Java + Selenium Developer, Pan India @ Virtualware Innovations
[2026-06-30 21:00:36] [WARN] Apply button not found/clickable (selector may be stale, or job uses external apply).
[2026-06-30 21:00:36] [ERROR] Failed processing job card 15: 'NoneType' object is not subscriptable
[2026-06-30 21:00:36] --- Processing job 16/20 (term: 'Java Developer') ---
[2026-06-30 21:00:36] Opening job: Java Spark Developer @ Overture Rede
[2026-06-30 21:00:54] [WARN] Apply button not found/clickable (selector may be stale, or job uses external apply).
[2026-06-30 21:00:54] [ERROR] Failed processing job card 16: 'NoneType' object is not subscriptable
[2026-06-30 21:00:54] --- Processing job 17/20 (term: 'Java Developer') ---
[2026-06-30 21:00:54] Opening job: Java Mirco Services Developer @ Insignia Consultancy Solutions
[2026-06-30 21:01:12] [WARN] Apply button not found/clickable (selector may be stale, or job uses external apply).
[2026-06-30 21:01:12] [ERROR] Failed processing job card 17: 'NoneType' object is not subscriptable
[2026-06-30 21:01:12] --- Processing job 18/20 (term: 'Java Developer') ---
[2026-06-30 21:01:12] Opening job: Java Developer(associate and senior Associate ) @ Insignia Consultancy Solutions
[2026-06-30 21:01:30] [WARN] Apply button not found/clickable (selector may be stale, or job uses external apply).
[2026-06-30 21:01:30] [ERROR] Failed processing job card 18: 'NoneType' object is not subscriptable
[2026-06-30 21:01:30] --- Processing job 19/20 (term: 'Java Developer') ---
[2026-06-30 21:01:30] Opening job: Java Devloper @ Codersbrain India
[2026-06-30 21:01:48] [WARN] Apply button not found/clickable (selector may be stale, or job uses external apply).
[2026-06-30 21:01:49] [ERROR] Failed processing job card 19: 'NoneType' object is not subscriptable
[2026-06-30 21:01:49] --- Processing job 20/20 (term: 'Java Developer') ---
[2026-06-30 21:01:49] Opening job: Senior Java Developer @ Innovya Technologies
[2026-06-30 21:02:07] [WARN] Apply button not found/clickable (selector may be stale, or job uses external apply).
[2026-06-30 21:02:07] [ERROR] Failed processing job card 20: 'NoneType' object is not subscriptable
[2026-06-30 21:02:07] ═══ Searching: 'Senior Java Developer' ═══
[2026-06-30 21:02:07] Navigating to job search results for 'Senior Java Developer': https://www.naukri.com/senior-java-developer-jobs?k=Senior+Java+Developer&experience=4&wfhType=2
[2026-06-30 21:02:09] Job listings loaded.
[2026-06-30 21:02:18] [WARN] Could not find the 'Easy Apply' sidebar checkbox — selector may be stale, verify EASY_APPLY_CHECKBOX_SEL against the live page.
[2026-06-30 21:02:18] Found 20 job card(s) for 'Senior Java Developer'.
[2026-06-30 21:02:18] --- Processing job 1/20 (term: 'Senior Java Developer') ---
[2026-06-30 21:02:18] Opening job: Sr. Java Developer @ MNJ Software
[2026-06-30 21:02:36] [WARN] Apply button not found/clickable (selector may be stale, or job uses external apply).
[2026-06-30 21:02:36] [ERROR] Failed processing job card 1: 'NoneType' object is not subscriptable
[2026-06-30 21:02:36] --- Processing job 2/20 (term: 'Senior Java Developer') ---
[2026-06-30 21:02:36] Opening job: Java Developer(associate and senior Associate ) @ Insignia Consultancy Solutions
[2026-06-30 21:02:54] [WARN] Apply button not found/clickable (selector may be stale, or job uses external apply).
[2026-06-30 21:02:54] [ERROR] Failed processing job card 2: 'NoneType' object is not subscriptable
[2026-06-30 21:02:54] --- Processing job 3/20 (term: 'Senior Java Developer') ---
[2026-06-30 21:02:54] Opening job: Senior Java Developer @ Harris Global Business Services
[2026-06-30 21:03:12] [WARN] Apply button not found/clickable (selector may be stale, or job uses external apply).
[2026-06-30 21:03:12] [ERROR] Failed processing job card 3: 'NoneType' object is not subscriptable
[2026-06-30 21:03:12] --- Processing job 4/20 (term: 'Senior Java Developer') ---
[2026-06-30 21:03:12] Opening job: Senior Java Developer @ Harris Healthcare
[2026-06-30 21:03:31] [WARN] Apply button not found/clickable (selector may be stale, or job uses external apply).
[2026-06-30 21:03:31] [ERROR] Failed processing job card 4: 'NoneType' object is not subscriptable
[2026-06-30 21:03:31] --- Processing job 5/20 (term: 'Senior Java Developer') ---
[2026-06-30 21:03:31] Opening job: Senior Java Developer @ Innovya Technologies
[2026-06-30 21:03:49] [WARN] Apply button not found/clickable (selector may be stale, or job uses external apply).
[2026-06-30 21:03:49] [ERROR] Failed processing job card 5: 'NoneType' object is not subscriptable
[2026-06-30 21:03:49] --- Processing job 6/20 (term: 'Senior Java Developer') ---
[2026-06-30 21:03:49] Opening job: Senior Java Developer @ Virtualware Innovations
[2026-06-30 21:04:07] [WARN] Apply button not found/clickable (selector may be stale, or job uses external apply).
[2026-06-30 21:04:07] [ERROR] Failed processing job card 6: 'NoneType' object is not subscriptable
[2026-06-30 21:04:07] --- Processing job 7/20 (term: 'Senior Java Developer') ---
[2026-06-30 21:04:07] Opening job: Senior Java Developer @ Virtualware Innovations
[2026-06-30 21:04:25] [WARN] Apply button not found/clickable (selector may be stale, or job uses external apply).
[2026-06-30 21:04:25] [ERROR] Failed processing job card 7: 'NoneType' object is not subscriptable
[2026-06-30 21:04:25] --- Processing job 8/20 (term: 'Senior Java Developer') ---
[2026-06-30 21:04:25] Opening job: Senior Software Engineer @ Niyati
[2026-06-30 21:04:43] [WARN] Apply button not found/clickable (selector may be stale, or job uses external apply).
[2026-06-30 21:04:43] [ERROR] Failed processing job card 8: 'NoneType' object is not subscriptable
[2026-06-30 21:04:43] --- Processing job 9/20 (term: 'Senior Java Developer') ---
[2026-06-30 21:04:44] Opening job: Senior Software Engineer @ Zuddl
[2026-06-30 21:04:54] [ERROR] Unexpected error applying to job: Message: invalid session id: session deleted as the browser has closed the connection
from disconnected: not connected to DevTools
  (Session info: chrome=149.0.7827.197); For documentation on this error, please visit: https://www.selenium.dev/documentation/webdriver/troubleshooting/errors#invalidsessionidexception
Stacktrace:
	undetected_chromedriver!GetHandleVerifier [0xe2a543+103f3]
	undetected_chromedriver!GetHandleVerifier [0xe2a584+10434]
	undetected_chromedriver!(No symbol) [0xc2a700]
	undetected_chromedriver!(No symbol) [0xc1999e]
	undetected_chromedriver!(No symbol) [0xc38079]
	undetected_chromedriver!(No symbol) [0xc9c64c]
	undetected_chromedriver!(No symbol) [0xcb2df9]
	undetected_chromedriver!(No symbol) [0xc95e66]
	undetected_chromedriver!(No symbol) [0xc69159]
	undetected_chromedriver!(No symbol) [0xc69f24]
	undetected_chromedriver!GetHandleVerifier [0x10b4bba+29aa6a]
	undetected_chromedriver!GetHandleVerifier [0x10b0119+295fc9]
	undetected_chromedriver!GetHandleVerifier [0x10d103e+2b6eee]
	undetected_chromedriver!GetHandleVerifier [0xe437f6+296a6]
	undetected_chromedriver!GetHandleVerifier [0xe4a91d+307cd]
	undetected_chromedriver!GetHandleVerifier [0xe32d18+18bc8]
	undetected_chromedriver!GetHandleVerifier [0xe32ec5+18d75]
	undetected_chromedriver!GetHandleVerifier [0xe1c05f+1f0f]
	KERNEL32!BaseThreadInitThunk [0x76097ba9+19]
	ntdll!RtlInitializeExceptionChain [0x779bc0cb+6b]
	ntdll!RtlClearBits [0x779bc04f+bf]

[2026-06-30 21:04:54] [WARN] Error restoring window handle: Message: invalid session id; For documentation on this error, please visit: https://www.selenium.dev/documentation/webdriver/troubleshooting/errors#invalidsessionidexception
Stacktrace:
	undetected_chromedriver!GetHandleVerifier [0xe2a543+103f3]
	undetected_chromedriver!GetHandleVerifier [0xe2a584+10434]
	undetected_chromedriver!(No symbol) [0xc2a53e]
	undetected_chromedriver!(No symbol) [0xc683e7]
	undetected_chromedriver!(No symbol) [0xc95f86]
	undetected_chromedriver!(No symbol) [0xc91192]
	undetected_chromedriver!(No symbol) [0xc90b71]
	undetected_chromedriver!(No symbol) [0xbfdb2e]
	undetected_chromedriver!(No symbol) [0xbfe0ce]
	undetected_chromedriver!(No symbol) [0xbfe5ad]
	undetected_chromedriver!GetHandleVerifier [0x10b4bba+29aa6a]
	undetected_chromedriver!GetHandleVerifier [0x10b0119+295fc9]
	undetected_chromedriver!GetHandleVerifier [0x10d103e+2b6eee]
	undetected_chromedriver!GetHandleVerifier [0xe437f6+296a6]
	undetected_chromedriver!GetHandleVerifier [0xe4a91d+307cd]
	undetected_chromedriver!(No symbol) [0xbfd6a6]
	undetected_chromedriver!(No symbol) [0xbfcd02]
	undetected_chromedriver!GetHandleVerifier [0x121be1f+401ccf]
	KERNEL32!BaseThreadInitThunk [0x76097ba9+19]
	ntdll!RtlInitializeExceptionChain [0x779bc0cb+6b]
	ntdll!RtlClearBits [0x779bc04f+bf]

[2026-06-30 21:04:54] [ERROR] Failed processing job card 9: 'NoneType' object is not subscriptable
[2026-06-30 21:58:40] [FATAL] Browser session was closed or lost: Message: invalid session id; For documentation on this error, please visit: https://www.selenium.dev/documentation/webdriver/troubleshooting/errors#invalidsessionidexception
Stacktrace:
	undetected_chromedriver!GetHandleVerifier [0xe2a543+103f3]
	undetected_chromedriver!GetHandleVerifier [0xe2a584+10434]
	undetected_chromedriver!(No symbol) [0xc2a53e]
	undetected_chromedriver!(No symbol) [0xc683e7]
	undetected_chromedriver!(No symbol) [0xc95f86]
	undetected_chromedriver!(No symbol) [0xc91192]
	undetected_chromedriver!(No symbol) [0xc90b71]
	undetected_chromedriver!(No symbol) [0xbfdb2e]
	undetected_chromedriver!(No symbol) [0xbfe0ce]
	undetected_chromedriver!(No symbol) [0xbfe5ad]
	undetected_chromedriver!GetHandleVerifier [0x10b4bba+29aa6a]
	undetected_chromedriver!GetHandleVerifier [0x10b0119+295fc9]
	undetected_chromedriver!GetHandleVerifier [0x10d103e+2b6eee]
	undetected_chromedriver!GetHandleVerifier [0xe437f6+296a6]
	undetected_chromedriver!GetHandleVerifier [0xe4a91d+307cd]
	undetected_chromedriver!(No symbol) [0xbfd6a6]
	undetected_chromedriver!(No symbol) [0xbfcd02]
	undetected_chromedriver!GetHandleVerifier [0x121be1f+401ccf]
	KERNEL32!BaseThreadInitThunk [0x76097ba9+19]
	ntdll!RtlInitializeExceptionChain [0x779bc0cb+6b]
	ntdll!RtlClearBits [0x779bc04f+bf]
. Terminating run.
[2026-06-30 21:58:41] [FATAL] Browser session was closed or lost: Message: invalid session id; For documentation on this error, please visit: https://www.selenium.dev/documentation/webdriver/troubleshooting/errors#invalidsessionidexception
Stacktrace:
	undetected_chromedriver!GetHandleVerifier [0xe2a543+103f3]
	undetected_chromedriver!GetHandleVerifier [0xe2a584+10434]
	undetected_chromedriver!(No symbol) [0xc2a53e]
	undetected_chromedriver!(No symbol) [0xc683e7]
	undetected_chromedriver!(No symbol) [0xc95f86]
	undetected_chromedriver!(No symbol) [0xc91192]
	undetected_chromedriver!(No symbol) [0xc90b71]
	undetected_chromedriver!(No symbol) [0xbfdb2e]
	undetected_chromedriver!(No symbol) [0xbfe0ce]
	undetected_chromedriver!(No symbol) [0xbfe5ad]
	undetected_chromedriver!GetHandleVerifier [0x10b4bba+29aa6a]
	undetected_chromedriver!GetHandleVerifier [0x10b0119+295fc9]
	undetected_chromedriver!GetHandleVerifier [0x10d103e+2b6eee]
	undetected_chromedriver!GetHandleVerifier [0xe437f6+296a6]
	undetected_chromedriver!GetHandleVerifier [0xe4a91d+307cd]
	undetected_chromedriver!(No symbol) [0xbfd6a6]
	undetected_chromedriver!(No symbol) [0xbfcd02]
	undetected_chromedriver!GetHandleVerifier [0x121be1f+401ccf]
	KERNEL32!BaseThreadInitThunk [0x76097ba9+19]
	ntdll!RtlInitializeExceptionChain [0x779bc0cb+6b]
	ntdll!RtlClearBits [0x779bc04f+bf]
. Terminating run.
[2026-06-30 21:58:41] Run complete. Total applications submitted this run: 0
[2026-07-01 20:55:12] ════════════════════════════════════════
[2026-07-01 20:55:12]   Naukri Auto-Apply Bot — starting run
[2026-07-01 20:55:12]   AI mode (Gemini): disabled (manual prompts)
[2026-07-01 20:55:12]   Non-Interactive: disabled (manual prompts)
[2026-07-01 20:55:12] ════════════════════════════════════════
[2026-07-01 20:55:14] Monkey-patched uc.Chrome.quit to suppress WinError 6 on exit.
[2026-07-01 20:55:14] Starting Chrome setup...
[2026-07-01 20:55:14] Found cached ChromeDriver: C:\Users\Pawan\AppData\Roaming\undetected_chromedriver\undetected_chromedriver.exe
[2026-07-01 20:55:14] Attempting undetected-chromedriver with use_subprocess=False...
[2026-07-01 20:55:19] Chrome driver (stealth, use_subprocess=False) successfully initialized!
[2026-07-01 20:55:19] Navigating to Naukri login page...
[2026-07-01 20:55:24] Submitted login form. Waiting for homepage to load...
[2026-07-01 20:55:27] Login appears successful.
[2026-07-01 20:55:27] Will search 12 term(s): ['Java Full Stack Developer', 'Senior Java Full Stack Developer', 'Java Developer', 'Senior Java Developer', 'Spring Boot Developer', 'Java Microservices Developer', 'Backend Developer', 'Java Backend Developer', 'Software Engineer', 'Senior Software Engineer', 'Full Stack Developer', 'Java Angular Developer']
[2026-07-01 20:55:28] ═══ Searching: 'Java Full Stack Developer' ═══
[2026-07-01 20:55:28] Navigating to job search results for 'Java Full Stack Developer': https://www.naukri.com/java-full-stack-developer-jobs?k=Java+Full+Stack+Developer&experience=4&wfhType=2
[2026-07-01 20:55:32] Job listings loaded.
[2026-07-01 20:55:40] [WARN] Could not find the 'Easy Apply' sidebar checkbox — selector may be stale, verify EASY_APPLY_CHECKBOX_SEL against the live page.
[2026-07-01 20:55:40] Found 20 job card(s) for 'Java Full Stack Developer'.
[2026-07-01 20:55:40] --- Processing job 1/20 (term: 'Java Full Stack Developer') ---
[2026-07-01 20:55:40] Opening job: Java Full Stack Developer @ Vrinda International Noida
[2026-07-01 20:55:58] [WARN] Apply button not found/clickable (selector may be stale, or job uses external apply).
[2026-07-01 20:55:58] [ERROR] Failed processing job card 1: 'NoneType' object is not subscriptable
[2026-07-01 20:55:58] --- Processing job 2/20 (term: 'Java Full Stack Developer') ---
[2026-07-01 20:55:58] Opening job: Full Stack Developer (Java & Angular) @ Utimaco
[2026-07-01 20:56:16] [WARN] Apply button not found/clickable (selector may be stale, or job uses external apply).
[2026-07-01 20:56:16] [ERROR] Failed processing job card 2: 'NoneType' object is not subscriptable
[2026-07-01 20:56:16] --- Processing job 3/20 (term: 'Java Full Stack Developer') ---
[2026-07-01 20:56:16] Opening job: Full Stack Developer Java + React Next js Poland @ Remotestar
[2026-07-01 20:56:34] [WARN] Apply button not found/clickable (selector may be stale, or job uses external apply).
[2026-07-01 20:56:34] [ERROR] Failed processing job card 3: 'NoneType' object is not subscriptable
[2026-07-01 20:56:35] --- Processing job 4/20 (term: 'Java Full Stack Developer') ---
[2026-07-01 20:56:35] Opening job: Middle Full-Stack Engineer | Solvy @ Boosta
[2026-07-01 20:57:11] [WARN] Apply button not found/clickable (selector may be stale, or job uses external apply).
[2026-07-01 20:57:12] [ERROR] Failed processing job card 4: 'NoneType' object is not subscriptable
[2026-07-01 20:57:13] --- Processing job 5/20 (term: 'Java Full Stack Developer') ---
[2026-07-01 20:57:17] Opening job: Full-Stack Software Engineer @ Divyan Technologies Lucknow
[2026-07-01 20:57:36] [WARN] Apply button not found/clickable (selector may be stale, or job uses external apply).
[2026-07-01 20:57:36] [ERROR] Failed processing job card 5: 'NoneType' object is not subscriptable
[2026-07-01 20:57:36] --- Processing job 6/20 (term: 'Java Full Stack Developer') ---
[2026-07-01 20:57:36] Opening job: C # Developer - AHOI Technology @ Ahoi Technology
[2026-07-01 20:57:55] [WARN] Apply button not found/clickable (selector may be stale, or job uses external apply).
[2026-07-01 20:57:56] [ERROR] Failed processing job card 6: 'NoneType' object is not subscriptable
[2026-07-01 20:57:56] --- Processing job 7/20 (term: 'Java Full Stack Developer') ---
[2026-07-01 20:57:56] Opening job: AI Fullstack Developer @ Zealogics.com
[2026-07-01 20:58:19] [WARN] Apply button not found/clickable (selector may be stale, or job uses external apply).
[2026-07-01 20:58:19] [ERROR] Failed processing job card 7: 'NoneType' object is not subscriptable
[2026-07-01 20:58:19] --- Processing job 8/20 (term: 'Java Full Stack Developer') ---
[2026-07-01 20:58:20] Opening job: Web Developer @ Techbinge India
[2026-07-01 20:58:37] [WARN] Apply button not found/clickable (selector may be stale, or job uses external apply).
[2026-07-01 20:58:37] [ERROR] Failed processing job card 8: 'NoneType' object is not subscriptable
[2026-07-01 20:58:37] --- Processing job 9/20 (term: 'Java Full Stack Developer') ---
[2026-07-01 20:58:37] Opening job: Full Stack Developer @ Fusiontecz
[2026-07-01 20:58:55] [WARN] Apply button not found/clickable (selector may be stale, or job uses external apply).
[2026-07-01 20:58:55] [ERROR] Failed processing job card 9: 'NoneType' object is not subscriptable
[2026-07-01 20:58:55] --- Processing job 10/20 (term: 'Java Full Stack Developer') ---
[2026-07-01 20:58:55] Opening job: Senior Software Engineer @ Zuddl
[2026-07-01 20:59:13] [WARN] Apply button not found/clickable (selector may be stale, or job uses external apply).
[2026-07-01 20:59:13] [ERROR] Failed processing job card 10: 'NoneType' object is not subscriptable
[2026-07-01 20:59:13] --- Processing job 11/20 (term: 'Java Full Stack Developer') ---
[2026-07-01 20:59:13] Opening job: Full Stack Developer @ Abhastra Technology
[2026-07-01 20:59:31] [WARN] Apply button not found/clickable (selector may be stale, or job uses external apply).
[2026-07-01 20:59:31] [ERROR] Failed processing job card 11: 'NoneType' object is not subscriptable
[2026-07-01 20:59:31] --- Processing job 12/20 (term: 'Java Full Stack Developer') ---
[2026-07-01 20:59:31] Opening job: AI Backend Developer @ Nitsan Technologies
[2026-07-01 20:59:48] [WARN] Apply button not found/clickable (selector may be stale, or job uses external apply).
[2026-07-01 20:59:48] [ERROR] Failed processing job card 12: 'NoneType' object is not subscriptable
[2026-07-01 20:59:48] --- Processing job 13/20 (term: 'Java Full Stack Developer') ---
[2026-07-01 20:59:48] Opening job: Senior Mendix Developer @ Sagous
[2026-07-01 21:00:06] [WARN] Apply button not found/clickable (selector may be stale, or job uses external apply).
[2026-07-01 21:00:06] [ERROR] Failed processing job card 13: 'NoneType' object is not subscriptable
[2026-07-01 21:00:06] --- Processing job 14/20 (term: 'Java Full Stack Developer') ---
[2026-07-01 21:00:06] Opening job: Java Developer @ Ovitech Solutions
[2026-07-01 21:00:24] [WARN] Apply button not found/clickable (selector may be stale, or job uses external apply).
[2026-07-01 21:00:24] [ERROR] Failed processing job card 14: 'NoneType' object is not subscriptable
[2026-07-01 21:00:24] --- Processing job 15/20 (term: 'Java Full Stack Developer') ---
[2026-07-01 21:00:24] Opening job: Java Developer @ Crayontek
[2026-07-01 21:00:42] [WARN] Apply button not found/clickable (selector may be stale, or job uses external apply).
[2026-07-01 21:00:42] [ERROR] Failed processing job card 15: 'NoneType' object is not subscriptable
[2026-07-01 21:00:42] --- Processing job 16/20 (term: 'Java Full Stack Developer') ---
[2026-07-01 21:00:42] Opening job: Java Developer(associate and senior Associate ) @ Insignia Consultancy Solutions
[2026-07-01 21:01:00] [WARN] Apply button not found/clickable (selector may be stale, or job uses external apply).
[2026-07-01 21:01:00] [ERROR] Failed processing job card 16: 'NoneType' object is not subscriptable
[2026-07-01 21:01:00] --- Processing job 17/20 (term: 'Java Full Stack Developer') ---
[2026-07-01 21:01:00] Opening job: App Developer @ Techbinge India
[2026-07-01 21:01:17] [WARN] Apply button not found/clickable (selector may be stale, or job uses external apply).
[2026-07-01 21:01:18] [ERROR] Failed processing job card 17: 'NoneType' object is not subscriptable
[2026-07-01 21:01:18] --- Processing job 18/20 (term: 'Java Full Stack Developer') ---
[2026-07-01 21:01:18] Opening job: Senior AEM Developer @ Bhasaka Technologies
[2026-07-01 21:01:35] [WARN] Apply button not found/clickable (selector may be stale, or job uses external apply).
[2026-07-01 21:01:36] [ERROR] Failed processing job card 18: 'NoneType' object is not subscriptable
[2026-07-01 21:01:36] --- Processing job 19/20 (term: 'Java Full Stack Developer') ---
[2026-07-01 21:01:36] Opening job: Senior E Commerce Developer @ Kontoor Brands, Inc.
[2026-07-06 23:55:00] ════════════════════════════════════════
[2026-07-06 23:55:00]   Naukri Auto-Apply Bot — starting run
[2026-07-06 23:55:00]   AI mode (Gemini): disabled (manual prompts)
[2026-07-06 23:55:00]   Non-Interactive: disabled (manual prompts)
[2026-07-06 23:55:00] ════════════════════════════════════════
[2026-07-06 23:55:00] Monkey-patched uc.Chrome.quit to suppress WinError 6 on exit.
[2026-07-06 23:55:00] Starting Chrome setup...
[2026-07-06 23:55:00] Found cached ChromeDriver: C:\Users\Pawan\AppData\Roaming\undetected_chromedriver\undetected_chromedriver.exe
[2026-07-06 23:55:00] Attempting undetected-chromedriver with use_subprocess=False...
[2026-07-06 23:55:03] Chrome driver (stealth, use_subprocess=False) successfully initialized!
[2026-07-06 23:55:03] Navigating to Naukri login page...
[2026-07-06 23:55:04] Submitted login form. Waiting for homepage to load...
[2026-07-06 23:55:08] Login appears successful.
[2026-07-06 23:55:08] Will search 12 term(s): ['Java Full Stack Developer', 'Senior Java Full Stack Developer', 'Java Developer', 'Senior Java Developer', 'Spring Boot Developer', 'Java Microservices Developer', 'Backend Developer', 'Java Backend Developer', 'Software Engineer', 'Senior Software Engineer', 'Full Stack Developer', 'Java Angular Developer']
[2026-07-06 23:55:08] ═══ Searching: 'Java Full Stack Developer' ═══
[2026-07-06 23:55:08] Navigating to job search results for 'Java Full Stack Developer': https://www.naukri.com/java-full-stack-developer-jobs?k=Java+Full+Stack+Developer&experience=4&wfhType=2
[2026-07-06 23:55:29] [WARN] No job cards found with current selector — the search page layout may have changed, or there are no results.
[2026-07-06 23:55:29] Found 0 job card(s) for 'Java Full Stack Developer'.
[2026-07-06 23:55:29] ═══ Searching: 'Senior Java Full Stack Developer' ═══
[2026-07-06 23:55:29] Navigating to job search results for 'Senior Java Full Stack Developer': https://www.naukri.com/senior-java-full-stack-developer-jobs?k=Senior+Java+Full+Stack+Developer&experience=4&wfhType=2
[2026-07-06 23:55:31] Job listings loaded.
[2026-07-06 23:55:39] [WARN] Could not find the 'Easy Apply' sidebar checkbox — selector may be stale, verify EASY_APPLY_CHECKBOX_SEL against the live page.
[2026-07-06 23:55:39] Found 20 job card(s) for 'Senior Java Full Stack Developer'.
[2026-07-06 23:55:39] --- Processing job 1/20 (term: 'Senior Java Full Stack Developer') ---
[2026-07-06 23:55:39] Opening job: Senior Java Developers @ ANTI-Ai PRIVATE LIMITED
[2026-07-06 23:55:56] [WARN] Apply button not found/clickable (selector may be stale, or job uses external apply).
[2026-07-06 23:55:56] [ERROR] Failed processing job card 1: 'NoneType' object is not subscriptable
[2026-07-06 23:55:56] --- Processing job 2/20 (term: 'Senior Java Full Stack Developer') ---
[2026-07-06 23:55:56] Opening job: Senior Full-Stack Developer @ Gosotek Technologies
[2026-07-06 23:56:14] [WARN] Apply button not found/clickable (selector may be stale, or job uses external apply).
[2026-07-06 23:56:14] [ERROR] Failed processing job card 2: 'NoneType' object is not subscriptable
[2026-07-06 23:56:14] --- Processing job 3/20 (term: 'Senior Java Full Stack Developer') ---
[2026-07-06 23:56:14] Opening job: Senior Java Developer @ Bluesoft Software Solution
[2026-07-06 23:56:31] [WARN] Apply button not found/clickable (selector may be stale, or job uses external apply).
[2026-07-06 23:56:31] [ERROR] Failed processing job card 3: 'NoneType' object is not subscriptable
[2026-07-06 23:56:31] --- Processing job 4/20 (term: 'Senior Java Full Stack Developer') ---
[2026-07-06 23:56:31] Opening job: Senior Software Engineer @ Zuddl
[2026-07-06 23:56:49] [WARN] Apply button not found/clickable (selector may be stale, or job uses external apply).
[2026-07-06 23:56:49] [ERROR] Failed processing job card 4: 'NoneType' object is not subscriptable
[2026-07-06 23:56:49] --- Processing job 5/20 (term: 'Senior Java Full Stack Developer') ---
[2026-07-06 23:56:49] Opening job: Senior Mendix Developer @ Sagous
[2026-07-06 23:57:07] [WARN] Apply button not found/clickable (selector may be stale, or job uses external apply).
[2026-07-06 23:57:07] [ERROR] Failed processing job card 5: 'NoneType' object is not subscriptable
[2026-07-06 23:57:07] --- Processing job 6/20 (term: 'Senior Java Full Stack Developer') ---
[2026-07-06 23:57:07] Opening job: Full Stack Developer @ E Tech Software
[2026-07-06 23:57:24] [WARN] Apply button not found/clickable (selector may be stale, or job uses external apply).
[2026-07-06 23:57:24] [ERROR] Failed processing job card 6: 'NoneType' object is not subscriptable
[2026-07-06 23:57:24] --- Processing job 7/20 (term: 'Senior Java Full Stack Developer') ---
[2026-07-06 23:57:25] Opening job: Senior Java Developer @ Harris Global Business Services
[2026-07-06 23:57:42] [WARN] Apply button not found/clickable (selector may be stale, or job uses external apply).
[2026-07-06 23:57:42] [ERROR] Failed processing job card 7: 'NoneType' object is not subscriptable
[2026-07-06 23:57:42] --- Processing job 8/20 (term: 'Senior Java Full Stack Developer') ---
[2026-07-06 23:57:42] Opening job: Senior Java Developer @ Harris Healthcare
[2026-07-06 23:57:59] [WARN] Apply button not found/clickable (selector may be stale, or job uses external apply).
[2026-07-06 23:57:59] [ERROR] Failed processing job card 8: 'NoneType' object is not subscriptable
[2026-07-06 23:57:59] --- Processing job 9/20 (term: 'Senior Java Full Stack Developer') ---
[2026-07-06 23:58:00] Opening job: BPI Developer Sr Developer @ Sparix Global
[2026-07-06 23:58:17] [WARN] Apply button not found/clickable (selector may be stale, or job uses external apply).
[2026-07-06 23:58:17] [ERROR] Failed processing job card 9: 'NoneType' object is not subscriptable
[2026-07-06 23:58:17] --- Processing job 10/20 (term: 'Senior Java Full Stack Developer') ---
[2026-07-06 23:58:17] Opening job: Java Full Stack Developer @ Uventure
[2026-07-06 23:58:34] [WARN] Apply button not found/clickable (selector may be stale, or job uses external apply).
[2026-07-06 23:58:34] [ERROR] Failed processing job card 10: 'NoneType' object is not subscriptable
[2026-07-06 23:58:34] --- Processing job 11/20 (term: 'Senior Java Full Stack Developer') ---
[2026-07-06 23:58:34] Opening job: BPI Developer / Senior Developer @ Sparix Global
[2026-07-06 23:58:52] [WARN] Apply button not found/clickable (selector may be stale, or job uses external apply).
[2026-07-06 23:58:52] [ERROR] Failed processing job card 11: 'NoneType' object is not subscriptable
[2026-07-06 23:58:52] --- Processing job 12/20 (term: 'Senior Java Full Stack Developer') ---
[2026-07-06 23:58:52] Opening job: Full Stack Developer - Grant Management Platform - Pan india @ Social Alpha
[2026-07-06 23:59:10] [WARN] Apply button not found/clickable (selector may be stale, or job uses external apply).
[2026-07-06 23:59:10] [ERROR] Failed processing job card 12: 'NoneType' object is not subscriptable
[2026-07-06 23:59:10] --- Processing job 13/20 (term: 'Senior Java Full Stack Developer') ---
[2026-07-06 23:59:10] Opening job: Senior Software Engineer, Full Stack @ Mostudio
[2026-07-06 23:59:27] [WARN] Apply button not found/clickable (selector may be stale, or job uses external apply).
[2026-07-06 23:59:27] [ERROR] Failed processing job card 13: 'NoneType' object is not subscriptable
[2026-07-06 23:59:27] --- Processing job 14/20 (term: 'Senior Java Full Stack Developer') ---
[2026-07-06 23:59:27] Opening job: Senior Full Stack Java Software Engineer @ Global Business Ser 4u
[2026-07-06 23:59:45] [WARN] Apply button not found/clickable (selector may be stale, or job uses external apply).
[2026-07-06 23:59:45] [ERROR] Failed processing job card 14: 'NoneType' object is not subscriptable
[2026-07-06 23:59:45] --- Processing job 15/20 (term: 'Senior Java Full Stack Developer') ---
[2026-07-06 23:59:45] Opening job: Full stack Architect(freelancer/consultant) @ Codevian Technologies
[2026-07-07 00:00:02] [WARN] Apply button not found/clickable (selector may be stale, or job uses external apply).
[2026-07-07 00:00:02] [ERROR] Failed processing job card 15: 'NoneType' object is not subscriptable
[2026-07-07 00:00:02] --- Processing job 16/20 (term: 'Senior Java Full Stack Developer') ---
[2026-07-07 00:00:02] Opening job: Senior Full Stack Developer @ Protracon Technologies
[2026-07-07 00:00:20] [WARN] Apply button not found/clickable (selector may be stale, or job uses external apply).
[2026-07-07 00:00:20] [ERROR] Failed processing job card 16: 'NoneType' object is not subscriptable
[2026-07-07 00:00:20] --- Processing job 17/20 (term: 'Senior Java Full Stack Developer') ---
[2026-07-07 00:00:20] Opening job: Senior Software Developer Applications @ Learntastic
[2026-07-07 00:00:38] [WARN] Apply button not found/clickable (selector may be stale, or job uses external apply).
[2026-07-07 00:00:38] [ERROR] Failed processing job card 17: 'NoneType' object is not subscriptable
[2026-07-07 00:00:38] --- Processing job 18/20 (term: 'Senior Java Full Stack Developer') ---
[2026-07-07 00:00:38] Opening job: Java Developer(associate and senior Associate ) @ Insignia Consultancy Solutions
[2026-07-07 00:00:55] [WARN] Apply button not found/clickable (selector may be stale, or job uses external apply).
[2026-07-07 00:00:55] [ERROR] Failed processing job card 18: 'NoneType' object is not subscriptable
[2026-07-07 00:00:55] --- Processing job 19/20 (term: 'Senior Java Full Stack Developer') ---
[2026-07-07 00:00:55] Opening job: Sr. java developers (2+) @ Nexgeniot
[2026-07-07 00:01:13] [WARN] Apply button not found/clickable (selector may be stale, or job uses external apply).
[2026-07-07 00:01:13] [ERROR] Failed processing job card 19: 'NoneType' object is not subscriptable
[2026-07-07 00:01:13] --- Processing job 20/20 (term: 'Senior Java Full Stack Developer') ---
[2026-07-07 00:01:13] Opening job: Senior AEM Developer @ Bhasaka Technologies
[2026-07-07 00:01:31] [WARN] Apply button not found/clickable (selector may be stale, or job uses external apply).
[2026-07-07 00:01:31] [ERROR] Failed processing job card 20: 'NoneType' object is not subscriptable
[2026-07-07 00:01:31] ═══ Searching: 'Java Developer' ═══
[2026-07-07 00:01:31] Navigating to job search results for 'Java Developer': https://www.naukri.com/java-developer-jobs?k=Java+Developer&experience=4&wfhType=2
[2026-07-07 00:01:33] Job listings loaded.
[2026-07-07 00:01:41] [WARN] Could not find the 'Easy Apply' sidebar checkbox — selector may be stale, verify EASY_APPLY_CHECKBOX_SEL against the live page.
[2026-07-07 00:01:41] Found 20 job card(s) for 'Java Developer'.
[2026-07-07 00:01:41] --- Processing job 1/20 (term: 'Java Developer') ---
[2026-07-07 00:01:41] Opening job: Java Developer @ Auxirem Technology
[2026-07-07 00:01:59] [WARN] Apply button not found/clickable (selector may be stale, or job uses external apply).
[2026-07-07 00:01:59] [ERROR] Failed processing job card 1: 'NoneType' object is not subscriptable
[2026-07-07 00:01:59] --- Processing job 2/20 (term: 'Java Developer') ---
[2026-07-07 00:01:59] Opening job: Java Developer @ Webnexus
[2026-07-07 00:02:17] [WARN] Apply button not found/clickable (selector may be stale, or job uses external apply).
[2026-07-07 00:02:17] [ERROR] Failed processing job card 2: 'NoneType' object is not subscriptable
[2026-07-07 00:02:17] --- Processing job 3/20 (term: 'Java Developer') ---
[2026-07-07 00:02:17] Opening job: Java Developer @ Nexdew Technologies
[2026-07-07 00:02:35] [WARN] Apply button not found/clickable (selector may be stale, or job uses external apply).
[2026-07-07 00:02:35] [ERROR] Failed processing job card 3: 'NoneType' object is not subscriptable
[2026-07-07 00:02:35] --- Processing job 4/20 (term: 'Java Developer') ---
[2026-07-07 00:02:35] Opening job: Java + Spark Developer @ TEKsystems
[2026-07-07 00:02:53] [WARN] Apply button not found/clickable (selector may be stale, or job uses external apply).
[2026-07-07 00:02:53] [ERROR] Failed processing job card 4: 'NoneType' object is not subscriptable
[2026-07-07 00:02:53] --- Processing job 5/20 (term: 'Java Developer') ---
[2026-07-07 00:02:53] Opening job: Java Developer @ MNJ Software
[2026-07-07 00:03:11] [WARN] Apply button not found/clickable (selector may be stale, or job uses external apply).
[2026-07-07 00:03:11] [ERROR] Failed processing job card 5: 'NoneType' object is not subscriptable
[2026-07-07 00:03:11] --- Processing job 6/20 (term: 'Java Developer') ---
[2026-07-07 00:03:11] Opening job: Java Developer @ Ovitech Solutions
[2026-07-07 00:03:29] [WARN] Apply button not found/clickable (selector may be stale, or job uses external apply).
[2026-07-07 00:03:29] [ERROR] Failed processing job card 6: 'NoneType' object is not subscriptable
[2026-07-07 00:03:29] --- Processing job 7/20 (term: 'Java Developer') ---
[2026-07-07 00:03:29] Opening job: Java Developer @ Crayontek
[2026-07-07 00:03:47] [WARN] Apply button not found/clickable (selector may be stale, or job uses external apply).
[2026-07-07 00:03:47] [ERROR] Failed processing job card 7: 'NoneType' object is not subscriptable
[2026-07-07 00:03:47] --- Processing job 8/20 (term: 'Java Developer') ---
[2026-07-07 00:03:48] Opening job: Java Developer @ Weitglobal
[2026-07-07 00:04:06] [WARN] Apply button not found/clickable (selector may be stale, or job uses external apply).
[2026-07-07 00:04:06] [ERROR] Failed processing job card 8: 'NoneType' object is not subscriptable
[2026-07-07 00:04:06] --- Processing job 9/20 (term: 'Java Developer') ---
[2026-07-07 00:04:06] Opening job: Java Developer @ Recruitly
[2026-07-07 00:04:24] [WARN] Apply button not found/clickable (selector may be stale, or job uses external apply).
[2026-07-07 00:04:24] [ERROR] Failed processing job card 9: 'NoneType' object is not subscriptable
[2026-07-07 00:04:24] --- Processing job 10/20 (term: 'Java Developer') ---
[2026-07-07 00:04:24] Opening job: Java Developer @ Yellow Sapphire
[2026-07-07 00:04:42] [WARN] Apply button not found/clickable (selector may be stale, or job uses external apply).
[2026-07-07 00:04:42] [ERROR] Failed processing job card 10: 'NoneType' object is not subscriptable
[2026-07-07 00:04:42] --- Processing job 11/20 (term: 'Java Developer') ---
[2026-07-07 00:04:42] Opening job: Java Developer with AI Focus @ Verdantis
[2026-07-07 00:05:00] [WARN] Apply button not found/clickable (selector may be stale, or job uses external apply).
[2026-07-07 00:05:00] [ERROR] Failed processing job card 11: 'NoneType' object is not subscriptable
[2026-07-07 00:05:00] --- Processing job 12/20 (term: 'Java Developer') ---
[2026-07-07 00:05:00] Opening job: Java Developers @ JK Lucent
[2026-07-07 00:05:19] [WARN] Apply button not found/clickable (selector may be stale, or job uses external apply).
[2026-07-07 00:05:19] [ERROR] Failed processing job card 12: 'NoneType' object is not subscriptable
[2026-07-07 00:05:19] --- Processing job 13/20 (term: 'Java Developer') ---
[2026-07-07 00:05:19] Opening job: Mid Experience Java Developer @ Crayontek
[2026-07-07 00:05:37] [WARN] Apply button not found/clickable (selector may be stale, or job uses external apply).
[2026-07-07 00:05:37] [ERROR] Failed processing job card 13: 'NoneType' object is not subscriptable
[2026-07-07 00:05:37] --- Processing job 14/20 (term: 'Java Developer') ---
[2026-07-07 00:05:37] Opening job: Java Developer @ Irisidea
[2026-07-07 00:05:55] [WARN] Apply button not found/clickable (selector may be stale, or job uses external apply).
[2026-07-07 00:05:55] [ERROR] Failed processing job card 14: 'NoneType' object is not subscriptable
[2026-07-07 00:05:55] --- Processing job 15/20 (term: 'Java Developer') ---
[2026-07-07 00:05:55] Opening job: Java Developers @ Sourcetrace Systems
[2026-07-07 00:06:13] [WARN] Apply button not found/clickable (selector may be stale, or job uses external apply).
[2026-07-07 00:06:13] [ERROR] Failed processing job card 15: 'NoneType' object is not subscriptable
[2026-07-07 00:06:13] --- Processing job 16/20 (term: 'Java Developer') ---
[2026-07-07 00:06:13] Opening job: Java Developer @ Iris Info
[2026-07-07 00:06:31] [WARN] Apply button not found/clickable (selector may be stale, or job uses external apply).
[2026-07-07 00:06:31] [ERROR] Failed processing job card 16: 'NoneType' object is not subscriptable
[2026-07-07 00:06:31] --- Processing job 17/20 (term: 'Java Developer') ---
[2026-07-07 00:06:32] Opening job: Java Developer @ NTK Creative Tech
[2026-07-07 00:06:50] [WARN] Apply button not found/clickable (selector may be stale, or job uses external apply).
[2026-07-07 00:06:50] [ERROR] Failed processing job card 17: 'NoneType' object is not subscriptable
[2026-07-07 00:06:50] --- Processing job 18/20 (term: 'Java Developer') ---
[2026-07-07 00:06:50] Opening job: Java Developer @ Gokool Software Labs
[2026-07-07 00:07:08] [WARN] Apply button not found/clickable (selector may be stale, or job uses external apply).
[2026-07-07 00:07:08] [ERROR] Failed processing job card 18: 'NoneType' object is not subscriptable
[2026-07-07 00:07:08] --- Processing job 19/20 (term: 'Java Developer') ---
[2026-07-07 00:07:08] Opening job: Java + Selenium Developer, Pan India @ Virtualware Innovations
[2026-07-07 00:07:26] [WARN] Apply button not found/clickable (selector may be stale, or job uses external apply).
[2026-07-07 00:07:26] [ERROR] Failed processing job card 19: 'NoneType' object is not subscriptable
[2026-07-07 00:07:26] --- Processing job 20/20 (term: 'Java Developer') ---
[2026-07-07 00:07:26] Opening job: Java Spark Developer @ Overture Rede
[2026-07-07 00:07:45] [WARN] Apply button not found/clickable (selector may be stale, or job uses external apply).
[2026-07-07 00:07:45] [ERROR] Failed processing job card 20: 'NoneType' object is not subscriptable
[2026-07-07 00:07:45] ═══ Searching: 'Senior Java Developer' ═══
[2026-07-07 00:07:45] Navigating to job search results for 'Senior Java Developer': https://www.naukri.com/senior-java-developer-jobs?k=Senior+Java+Developer&experience=4&wfhType=2
[2026-07-07 00:07:47] Job listings loaded.
[2026-07-07 00:07:55] [WARN] Could not find the 'Easy Apply' sidebar checkbox — selector may be stale, verify EASY_APPLY_CHECKBOX_SEL against the live page.
[2026-07-07 00:07:55] Found 20 job card(s) for 'Senior Java Developer'.
[2026-07-07 00:07:55] --- Processing job 1/20 (term: 'Senior Java Developer') ---
[2026-07-07 00:07:55] Opening job: Senior Java Developers @ ANTI-Ai PRIVATE LIMITED
[2026-07-07 00:08:13] [WARN] Apply button not found/clickable (selector may be stale, or job uses external apply).
[2026-07-07 00:08:13] [ERROR] Failed processing job card 1: 'NoneType' object is not subscriptable
[2026-07-07 00:08:13] --- Processing job 2/20 (term: 'Senior Java Developer') ---
[2026-07-07 00:08:13] Opening job: Senior Java Developer @ Bluesoft Software Solution
[2026-07-07 00:08:31] [WARN] Apply button not found/clickable (selector may be stale, or job uses external apply).
[2026-07-07 00:08:31] [ERROR] Failed processing job card 2: 'NoneType' object is not subscriptable
[2026-07-07 00:08:31] --- Processing job 3/20 (term: 'Senior Java Developer') ---
[2026-07-07 00:08:31] [WARN] Job card went stale (page likely re-rendered) — skipping.
[2026-07-07 00:08:31] --- Processing job 4/20 (term: 'Senior Java Developer') ---
[2026-07-07 00:08:31] [WARN] Job card went stale (page likely re-rendered) — skipping.
[2026-07-07 00:08:31] --- Processing job 5/20 (term: 'Senior Java Developer') ---
[2026-07-07 00:08:31] [WARN] Job card went stale (page likely re-rendered) — skipping.
[2026-07-07 00:08:31] --- Processing job 6/20 (term: 'Senior Java Developer') ---
[2026-07-07 00:08:31] [WARN] Job card went stale (page likely re-rendered) — skipping.
[2026-07-07 00:08:31] --- Processing job 7/20 (term: 'Senior Java Developer') ---
[2026-07-07 00:08:31] [WARN] Job card went stale (page likely re-rendered) — skipping.
[2026-07-07 00:08:31] --- Processing job 8/20 (term: 'Senior Java Developer') ---
[2026-07-07 00:08:31] [WARN] Job card went stale (page likely re-rendered) — skipping.
[2026-07-07 00:08:31] --- Processing job 9/20 (term: 'Senior Java Developer') ---
[2026-07-07 00:08:31] [WARN] Job card went stale (page likely re-rendered) — skipping.
[2026-07-07 00:08:31] --- Processing job 10/20 (term: 'Senior Java Developer') ---
[2026-07-07 00:08:31] [WARN] Job card went stale (page likely re-rendered) — skipping.
[2026-07-07 00:08:31] --- Processing job 11/20 (term: 'Senior Java Developer') ---
[2026-07-07 00:08:31] [WARN] Job card went stale (page likely re-rendered) — skipping.
[2026-07-07 00:08:31] --- Processing job 12/20 (term: 'Senior Java Developer') ---
[2026-07-07 00:08:31] [WARN] Job card went stale (page likely re-rendered) — skipping.
[2026-07-07 00:08:31] --- Processing job 13/20 (term: 'Senior Java Developer') ---
[2026-07-07 00:08:31] [WARN] Job card went stale (page likely re-rendered) — skipping.
[2026-07-07 00:08:31] --- Processing job 14/20 (term: 'Senior Java Developer') ---
[2026-07-07 00:08:32] [WARN] Job card went stale (page likely re-rendered) — skipping.
[2026-07-07 00:08:32] --- Processing job 15/20 (term: 'Senior Java Developer') ---
[2026-07-07 00:08:32] [WARN] Job card went stale (page likely re-rendered) — skipping.
[2026-07-07 00:08:32] --- Processing job 16/20 (term: 'Senior Java Developer') ---
[2026-07-07 00:08:32] [WARN] Job card went stale (page likely re-rendered) — skipping.
[2026-07-07 00:08:32] --- Processing job 17/20 (term: 'Senior Java Developer') ---
[2026-07-07 00:08:32] [WARN] Job card went stale (page likely re-rendered) — skipping.
[2026-07-07 00:08:32] --- Processing job 18/20 (term: 'Senior Java Developer') ---
[2026-07-07 00:08:32] [WARN] Job card went stale (page likely re-rendered) — skipping.
[2026-07-07 00:08:32] --- Processing job 19/20 (term: 'Senior Java Developer') ---
[2026-07-07 00:08:32] [WARN] Job card went stale (page likely re-rendered) — skipping.
[2026-07-07 00:08:32] --- Processing job 20/20 (term: 'Senior Java Developer') ---
[2026-07-07 00:08:32] [WARN] Job card went stale (page likely re-rendered) — skipping.
[2026-07-07 00:08:32] ═══ Searching: 'Spring Boot Developer' ═══
[2026-07-07 00:08:32] Navigating to job search results for 'Spring Boot Developer': https://www.naukri.com/spring-boot-developer-jobs?k=Spring+Boot+Developer&experience=4&wfhType=2
[2026-07-07 00:08:33] Job listings loaded.
[2026-07-07 00:08:42] [WARN] Could not find the 'Easy Apply' sidebar checkbox — selector may be stale, verify EASY_APPLY_CHECKBOX_SEL against the live page.
[2026-07-07 00:08:42] Found 20 job card(s) for 'Spring Boot Developer'.
[2026-07-07 00:08:42] --- Processing job 1/20 (term: 'Spring Boot Developer') ---
[2026-07-07 00:08:42] Opening job: Java Developer @ Nexdew Technologies
[2026-07-07 00:09:00] [WARN] Apply button not found/clickable (selector may be stale, or job uses external apply).
[2026-07-07 00:09:00] [ERROR] Failed processing job card 1: 'NoneType' object is not subscriptable
[2026-07-07 00:09:00] --- Processing job 2/20 (term: 'Spring Boot Developer') ---
[2026-07-07 00:09:00] Opening job: Java Developer @ Webnexus
[2026-07-07 00:09:18] [WARN] Apply button not found/clickable (selector may be stale, or job uses external apply).
[2026-07-07 00:09:18] [ERROR] Failed processing job card 2: 'NoneType' object is not subscriptable
[2026-07-07 00:09:18] --- Processing job 3/20 (term: 'Spring Boot Developer') ---
[2026-07-07 00:09:18] Opening job: Software Developer (Full Stack) @ Techno Earth
[2026-07-07 00:09:36] [WARN] Apply button not found/clickable (selector may be stale, or job uses external apply).
[2026-07-07 00:09:36] [ERROR] Failed processing job card 3: 'NoneType' object is not subscriptable
[2026-07-07 00:09:36] --- Processing job 4/20 (term: 'Spring Boot Developer') ---
[2026-07-07 00:09:36] Opening job: Sap Consultant @ Orcapod Consulting Services
[2026-07-07 00:09:43] Entering handle_chatbot_question. Non-interactive mode: False
[2026-07-07 00:09:52] No chatbot questionnaire detected (or didn't load within 8s).
[2026-07-07 00:09:54] [ERROR] Failed processing job card 4: 'NoneType' object is not subscriptable
[2026-07-07 00:09:54] --- Processing job 5/20 (term: 'Spring Boot Developer') ---
[2026-07-07 00:09:55] Opening job: Backend Developer (MERN | PostgreSQL) @ Stacklab
[2026-07-07 00:10:12] [WARN] Apply button not found/clickable (selector may be stale, or job uses external apply).
[2026-07-07 00:10:13] [ERROR] Failed processing job card 5: 'NoneType' object is not subscriptable
[2026-07-07 00:10:13] --- Processing job 6/20 (term: 'Spring Boot Developer') ---
[2026-07-07 00:10:13] Opening job: AI Fullstack Developer @ Zealogics.com
[2026-07-07 00:10:30] [WARN] Apply button not found/clickable (selector may be stale, or job uses external apply).
[2026-07-07 00:10:31] [ERROR] Failed processing job card 6: 'NoneType' object is not subscriptable
[2026-07-07 00:10:31] --- Processing job 7/20 (term: 'Spring Boot Developer') ---
[2026-07-07 00:10:31] Opening job: Senior Software Engineer @ Niyati
[2026-07-07 00:10:48] [WARN] Apply button not found/clickable (selector may be stale, or job uses external apply).
[2026-07-07 00:10:49] [ERROR] Failed processing job card 7: 'NoneType' object is not subscriptable
[2026-07-07 00:10:49] --- Processing job 8/20 (term: 'Spring Boot Developer') ---
[2026-07-07 00:10:49] Opening job: Full Stack Developers @ Lorven Technologies
[2026-07-07 00:11:07] [WARN] Apply button not found/clickable (selector may be stale, or job uses external apply).
[2026-07-07 00:11:07] [ERROR] Failed processing job card 8: 'NoneType' object is not subscriptable
[2026-07-07 00:11:07] --- Processing job 9/20 (term: 'Spring Boot Developer') ---
[2026-07-07 00:11:07] Opening job: Associate Staff Engineer, Frontend AngularJS @ Nagarro
[2026-07-07 00:11:25] [WARN] Apply button not found/clickable (selector may be stale, or job uses external apply).
[2026-07-07 00:11:25] [ERROR] Failed processing job card 9: 'NoneType' object is not subscriptable
[2026-07-07 00:11:25] --- Processing job 10/20 (term: 'Spring Boot Developer') ---
[2026-07-07 00:11:25] Opening job: Associate Staff Engineer, Cloud @ Nagarro
[2026-07-07 00:11:43] [WARN] Apply button not found/clickable (selector may be stale, or job uses external apply).
[2026-07-07 00:11:43] [ERROR] Failed processing job card 10: 'NoneType' object is not subscriptable
[2026-07-07 00:11:43] --- Processing job 11/20 (term: 'Spring Boot Developer') ---
[2026-07-07 00:11:43] Opening job: Full-Stack Software Engineer @ Divyan Technologies Lucknow
[2026-07-07 00:12:01] [WARN] Apply button not found/clickable (selector may be stale, or job uses external apply).
[2026-07-07 00:12:01] [ERROR] Failed processing job card 11: 'NoneType' object is not subscriptable
[2026-07-07 00:12:01] --- Processing job 12/20 (term: 'Spring Boot Developer') ---
[2026-07-07 00:12:01] Opening job: Senior Full Stack Developer @ Protracon Technologies
[2026-07-07 00:12:18] [WARN] Apply button not found/clickable (selector may be stale, or job uses external apply).
[2026-07-07 00:12:19] [ERROR] Failed processing job card 12: 'NoneType' object is not subscriptable
[2026-07-07 00:12:19] --- Processing job 13/20 (term: 'Spring Boot Developer') ---
[2026-07-07 00:12:19] Opening job: SDE I - Full Stack @ Viralme
[2026-07-07 00:12:36] [WARN] Apply button not found/clickable (selector may be stale, or job uses external apply).
[2026-07-07 00:12:37] [ERROR] Failed processing job card 13: 'NoneType' object is not subscriptable
[2026-07-07 00:12:37] --- Processing job 14/20 (term: 'Spring Boot Developer') ---
[2026-07-07 00:12:37] Opening job: Full Stack Developer @ Avomind
[2026-07-07 00:12:54] [WARN] Apply button not found/clickable (selector may be stale, or job uses external apply).
[2026-07-07 00:12:55] [ERROR] Failed processing job card 14: 'NoneType' object is not subscriptable
[2026-07-07 00:12:55] --- Processing job 15/20 (term: 'Spring Boot Developer') ---
[2026-07-07 00:12:55] Opening job: Java Developer @ Auxirem Technology
[2026-07-07 00:13:12] [WARN] Apply button not found/clickable (selector may be stale, or job uses external apply).
[2026-07-07 00:13:13] [ERROR] Failed processing job card 15: 'NoneType' object is not subscriptable
[2026-07-07 00:13:13] --- Processing job 16/20 (term: 'Spring Boot Developer') ---
[2026-07-07 00:13:13] Opening job: Associate Staff Engineer, Mobile Cross Platform @ Nagarro
[2026-07-07 00:13:30] [WARN] Apply button not found/clickable (selector may be stale, or job uses external apply).
[2026-07-07 00:13:31] [ERROR] Failed processing job card 16: 'NoneType' object is not subscriptable
[2026-07-07 00:13:31] --- Processing job 17/20 (term: 'Spring Boot Developer') ---
[2026-07-07 00:13:31] Opening job: Associate Staff Engineer, .Net Web @ Nagarro
[2026-07-07 00:13:48] [WARN] Apply button not found/clickable (selector may be stale, or job uses external apply).
[2026-07-07 00:13:49] [ERROR] Failed processing job card 17: 'NoneType' object is not subscriptable
[2026-07-07 00:13:49] --- Processing job 18/20 (term: 'Spring Boot Developer') ---
[2026-07-07 00:13:49] Opening job: Full Stack Developer @ BSH Technologies
[2026-07-07 00:14:07] [WARN] Apply button not found/clickable (selector may be stale, or job uses external apply).
[2026-07-07 00:14:07] [ERROR] Failed processing job card 18: 'NoneType' object is not subscriptable
[2026-07-07 00:14:07] --- Processing job 19/20 (term: 'Spring Boot Developer') ---
[2026-07-07 00:14:07] Opening job: Full Stack Developer @ Genus Healthcare Solution And It Consulting
[2026-07-07 00:14:25] [WARN] Apply button not found/clickable (selector may be stale, or job uses external apply).
[2026-07-07 00:14:25] [ERROR] Failed processing job card 19: 'NoneType' object is not subscriptable
[2026-07-07 00:14:25] --- Processing job 20/20 (term: 'Spring Boot Developer') ---
[2026-07-07 00:14:25] Opening job: Full-Stack Engineer (AI-Native) @ Commerciax Infotech
[2026-07-07 00:14:43] [WARN] Apply button not found/clickable (selector may be stale, or job uses external apply).
[2026-07-07 00:14:43] [ERROR] Failed processing job card 20: 'NoneType' object is not subscriptable
[2026-07-07 00:14:43] ═══ Searching: 'Java Microservices Developer' ═══
[2026-07-07 00:14:43] Navigating to job search results for 'Java Microservices Developer': https://www.naukri.com/java-microservices-developer-jobs?k=Java+Microservices+Developer&experience=4&wfhType=2
[2026-07-07 00:14:45] Job listings loaded.
[2026-07-07 00:14:53] [WARN] Could not find the 'Easy Apply' sidebar checkbox — selector may be stale, verify EASY_APPLY_CHECKBOX_SEL against the live page.
[2026-07-07 00:14:53] Found 20 job card(s) for 'Java Microservices Developer'.
[2026-07-07 00:14:53] --- Processing job 1/20 (term: 'Java Microservices Developer') ---
[2026-07-07 00:14:53] Opening job: Java + Microservices Developers, Pan India @ Virtualware Innovations
[2026-07-07 00:15:11] [WARN] Apply button not found/clickable (selector may be stale, or job uses external apply).
[2026-07-07 00:15:11] [ERROR] Failed processing job card 1: 'NoneType' object is not subscriptable
[2026-07-07 00:15:11] --- Processing job 2/20 (term: 'Java Microservices Developer') ---
[2026-07-07 00:15:12] Opening job: Java + Microservices Developers @ Virtualware Innovations
[2026-07-07 00:15:30] [WARN] Apply button not found/clickable (selector may be stale, or job uses external apply).
[2026-07-07 00:15:30] [ERROR] Failed processing job card 2: 'NoneType' object is not subscriptable
[2026-07-07 00:15:30] --- Processing job 3/20 (term: 'Java Microservices Developer') ---
[2026-07-07 00:15:30] Opening job: Java Developer @ Nexdew Technologies
[2026-07-07 00:15:48] [WARN] Apply button not found/clickable (selector may be stale, or job uses external apply).
[2026-07-07 00:15:48] [ERROR] Failed processing job card 3: 'NoneType' object is not subscriptable
[2026-07-07 00:15:48] --- Processing job 4/20 (term: 'Java Microservices Developer') ---
[2026-07-07 00:15:48] Opening job: Java Developer @ Webnexus
[2026-07-07 00:16:06] [WARN] Apply button not found/clickable (selector may be stale, or job uses external apply).
[2026-07-07 00:16:06] [ERROR] Failed processing job card 4: 'NoneType' object is not subscriptable
[2026-07-07 00:16:06] --- Processing job 5/20 (term: 'Java Microservices Developer') ---
[2026-07-07 00:16:06] Opening job: Software Developer (Full Stack) @ Techno Earth
[2026-07-07 00:16:24] [WARN] Apply button not found/clickable (selector may be stale, or job uses external apply).
[2026-07-07 00:16:24] [ERROR] Failed processing job card 5: 'NoneType' object is not subscriptable
[2026-07-07 00:16:24] --- Processing job 6/20 (term: 'Java Microservices Developer') ---
[2026-07-07 00:16:24] Opening job: Backend Developer (MERN | PostgreSQL) @ Stacklab
[2026-07-07 00:16:42] [WARN] Apply button not found/clickable (selector may be stale, or job uses external apply).
[2026-07-07 00:16:42] [ERROR] Failed processing job card 6: 'NoneType' object is not subscriptable
[2026-07-07 00:16:42] --- Processing job 7/20 (term: 'Java Microservices Developer') ---
[2026-07-07 00:16:42] Opening job: Associate Staff Engineer, Frontend AngularJS @ Nagarro
[2026-07-07 00:17:01] [WARN] Apply button not found/clickable (selector may be stale, or job uses external apply).
[2026-07-07 00:17:01] [ERROR] Failed processing job card 7: 'NoneType' object is not subscriptable
[2026-07-07 00:17:01] --- Processing job 8/20 (term: 'Java Microservices Developer') ---
[2026-07-07 00:17:01] Opening job: Associate Staff Engineer, Cloud @ Nagarro
[2026-07-07 00:17:19] [WARN] Apply button not found/clickable (selector may be stale, or job uses external apply).
[2026-07-07 00:17:19] [ERROR] Failed processing job card 8: 'NoneType' object is not subscriptable
[2026-07-07 00:17:19] --- Processing job 9/20 (term: 'Java Microservices Developer') ---
[2026-07-07 00:17:19] Opening job: Full-Stack Software Engineer @ Divyan Technologies Lucknow
[2026-07-07 00:17:36] [WARN] Apply button not found/clickable (selector may be stale, or job uses external apply).
[2026-07-07 00:17:36] [ERROR] Failed processing job card 9: 'NoneType' object is not subscriptable
[2026-07-07 00:17:37] --- Processing job 10/20 (term: 'Java Microservices Developer') ---
[2026-07-07 00:17:37] Opening job: Associate Staff Engineer, Python @ Nagarro
[2026-07-07 00:17:55] [WARN] Apply button not found/clickable (selector may be stale, or job uses external apply).
[2026-07-07 00:17:55] [ERROR] Failed processing job card 10: 'NoneType' object is not subscriptable
[2026-07-07 00:17:55] --- Processing job 11/20 (term: 'Java Microservices Developer') ---
[2026-07-07 00:17:55] Opening job: Java Developer @ Auxirem Technology
[2026-07-07 00:18:13] [WARN] Apply button not found/clickable (selector may be stale, or job uses external apply).
[2026-07-07 00:18:13] [ERROR] Failed processing job card 11: 'NoneType' object is not subscriptable
[2026-07-07 00:18:13] --- Processing job 12/20 (term: 'Java Microservices Developer') ---
[2026-07-07 00:18:13] Opening job: Associate Staff Engineer, Mainframe @ Nagarro
[2026-07-07 00:18:30] [WARN] Apply button not found/clickable (selector may be stale, or job uses external apply).
[2026-07-07 00:18:30] [ERROR] Failed processing job card 12: 'NoneType' object is not subscriptable
[2026-07-07 00:18:30] --- Processing job 13/20 (term: 'Java Microservices Developer') ---
[2026-07-07 00:18:30] Opening job: Associate Staff Engineer, .Net Web @ Nagarro
[2026-07-07 00:18:48] [WARN] Apply button not found/clickable (selector may be stale, or job uses external apply).
[2026-07-07 00:18:48] [ERROR] Failed processing job card 13: 'NoneType' object is not subscriptable
[2026-07-07 00:18:48] --- Processing job 14/20 (term: 'Java Microservices Developer') ---
[2026-07-07 00:18:48] Opening job: Associate Staff Engineer, PHP Drupal @ Nagarro
[2026-07-07 00:19:06] [WARN] Apply button not found/clickable (selector may be stale, or job uses external apply).
[2026-07-07 00:19:06] [ERROR] Failed processing job card 14: 'NoneType' object is not subscriptable
[2026-07-07 00:19:06] --- Processing job 15/20 (term: 'Java Microservices Developer') ---
[2026-07-07 00:19:06] Opening job: Associate Staff Engineer, ERP @ Nagarro
[2026-07-07 00:19:24] [WARN] Apply button not found/clickable (selector may be stale, or job uses external apply).
[2026-07-07 00:19:24] [ERROR] Failed processing job card 15: 'NoneType' object is not subscriptable
[2026-07-07 00:19:24] --- Processing job 16/20 (term: 'Java Microservices Developer') ---
[2026-07-07 00:19:24] Opening job: Associate Staff Engineer, Sharepoint @ Nagarro
[2026-07-07 00:19:41] [WARN] Apply button not found/clickable (selector may be stale, or job uses external apply).
[2026-07-07 00:19:42] [ERROR] Failed processing job card 16: 'NoneType' object is not subscriptable
[2026-07-07 00:19:42] --- Processing job 17/20 (term: 'Java Microservices Developer') ---
[2026-07-07 00:19:42] Opening job: Associate Staff Engineer, PHP Magento @ Nagarro
[2026-07-07 00:19:59] [WARN] Apply button not found/clickable (selector may be stale, or job uses external apply).
[2026-07-07 00:19:59] [ERROR] Failed processing job card 17: 'NoneType' object is not subscriptable
[2026-07-07 00:19:59] --- Processing job 18/20 (term: 'Java Microservices Developer') ---
[2026-07-07 00:19:59] Opening job: Associate Staff Engineer, Frontend @ Nagarro
[2026-07-07 00:20:17] [WARN] Apply button not found/clickable (selector may be stale, or job uses external apply).
[2026-07-07 00:20:17] [ERROR] Failed processing job card 18: 'NoneType' object is not subscriptable
[2026-07-07 00:20:17] --- Processing job 19/20 (term: 'Java Microservices Developer') ---
[2026-07-07 00:20:17] Opening job: Full-Stack Engineer (AI-Native) @ Commerciax Infotech
[2026-07-07 00:20:35] [WARN] Apply button not found/clickable (selector may be stale, or job uses external apply).
[2026-07-07 00:20:35] [ERROR] Failed processing job card 19: 'NoneType' object is not subscriptable
[2026-07-07 00:20:35] --- Processing job 20/20 (term: 'Java Microservices Developer') ---
[2026-07-07 00:20:35] Opening job: Associate Staff Engineer @ Nagarro
[2026-07-07 00:20:53] [WARN] Apply button not found/clickable (selector may be stale, or job uses external apply).
[2026-07-07 00:20:53] [ERROR] Failed processing job card 20: 'NoneType' object is not subscriptable
[2026-07-07 00:20:53] ═══ Searching: 'Backend Developer' ═══
[2026-07-07 00:20:53] Navigating to job search results for 'Backend Developer': https://www.naukri.com/backend-developer-jobs?k=Backend+Developer&experience=4&wfhType=2
[2026-07-07 00:20:59] Job listings loaded.
[2026-07-07 00:21:07] [WARN] Could not find the 'Easy Apply' sidebar checkbox — selector may be stale, verify EASY_APPLY_CHECKBOX_SEL against the live page.
[2026-07-07 00:21:07] Found 20 job card(s) for 'Backend Developer'.
[2026-07-07 00:21:07] --- Processing job 1/20 (term: 'Backend Developer') ---
[2026-07-07 00:21:07] Opening job: Backend Developer @ Junky Tech
[2026-07-07 00:21:26] [WARN] Apply button not found/clickable (selector may be stale, or job uses external apply).
[2026-07-07 00:21:26] [ERROR] Failed processing job card 1: 'NoneType' object is not subscriptable
[2026-07-07 00:21:26] --- Processing job 2/20 (term: 'Backend Developer') ---
[2026-07-07 00:21:26] Opening job: AI Backend Developer @ Nitsan Technologies
[2026-07-07 00:21:44] [WARN] Apply button not found/clickable (selector may be stale, or job uses external apply).
[2026-07-07 00:21:44] [ERROR] Failed processing job card 2: 'NoneType' object is not subscriptable
[2026-07-07 00:21:44] --- Processing job 3/20 (term: 'Backend Developer') ---
[2026-07-07 00:21:44] Opening job: Backend Developer @ Invoked Digital
[2026-07-07 00:22:02] [WARN] Apply button not found/clickable (selector may be stale, or job uses external apply).
[2026-07-07 00:22:02] [ERROR] Failed processing job card 3: 'NoneType' object is not subscriptable
[2026-07-07 00:22:02] --- Processing job 4/20 (term: 'Backend Developer') ---
[2026-07-07 00:22:02] Opening job: Backend Developer @ Spherecode
[2026-07-07 00:22:20] [WARN] Apply button not found/clickable (selector may be stale, or job uses external apply).
[2026-07-07 00:22:20] [ERROR] Failed processing job card 4: 'NoneType' object is not subscriptable
[2026-07-07 00:22:20] --- Processing job 5/20 (term: 'Backend Developer') ---
[2026-07-07 00:22:20] Opening job: Backend Developer @ Termgrid
[2026-07-07 00:22:38] [WARN] Apply button not found/clickable (selector may be stale, or job uses external apply).
[2026-07-07 00:22:38] [ERROR] Failed processing job card 5: 'NoneType' object is not subscriptable
[2026-07-07 00:22:38] --- Processing job 6/20 (term: 'Backend Developer') ---
[2026-07-07 00:22:38] Opening job: Backend Developer @ Tab32
[2026-07-07 00:22:56] [WARN] Apply button not found/clickable (selector may be stale, or job uses external apply).
[2026-07-07 00:22:56] [ERROR] Failed processing job card 6: 'NoneType' object is not subscriptable
[2026-07-07 00:22:56] --- Processing job 7/20 (term: 'Backend Developer') ---
[2026-07-07 00:22:56] Opening job: backend Developer @ Sparix Global
[2026-07-07 00:23:14] [WARN] Apply button not found/clickable (selector may be stale, or job uses external apply).
[2026-07-07 00:23:14] [ERROR] Failed processing job card 7: 'NoneType' object is not subscriptable
[2026-07-07 00:23:14] --- Processing job 8/20 (term: 'Backend Developer') ---
[2026-07-07 00:23:15] Opening job: Backend developer @ Androcid
[2026-07-07 00:23:33] [WARN] Apply button not found/clickable (selector may be stale, or job uses external apply).
[2026-07-07 00:23:33] [ERROR] Failed processing job card 8: 'NoneType' object is not subscriptable
[2026-07-07 00:23:33] --- Processing job 9/20 (term: 'Backend Developer') ---
[2026-07-07 00:23:33] Opening job: Backend Dotnet Developer @ Sparix Global
[2026-07-07 00:23:51] [WARN] Apply button not found/clickable (selector may be stale, or job uses external apply).
[2026-07-07 00:23:51] [ERROR] Failed processing job card 9: 'NoneType' object is not subscriptable
[2026-07-07 00:23:51] --- Processing job 10/20 (term: 'Backend Developer') ---
[2026-07-07 00:23:51] Opening job: Backend Developer (MERN | PostgreSQL) @ Stacklab
[2026-07-07 00:24:09] [WARN] Apply button not found/clickable (selector may be stale, or job uses external apply).
[2026-07-07 00:24:09] [ERROR] Failed processing job card 10: 'NoneType' object is not subscriptable
[2026-07-07 00:24:09] --- Processing job 11/20 (term: 'Backend Developer') ---
[2026-07-07 00:24:09] Opening job: Python Backend Developer @ BSH Technologies
[2026-07-07 00:24:27] [WARN] Apply button not found/clickable (selector may be stale, or job uses external apply).
[2026-07-07 00:24:27] [ERROR] Failed processing job card 11: 'NoneType' object is not subscriptable
[2026-07-07 00:24:27] --- Processing job 12/20 (term: 'Backend Developer') ---
[2026-07-07 00:24:27] Opening job: Node.js Backend Developer @ Astroidea Softway Llp
[2026-07-07 00:24:45] [WARN] Apply button not found/clickable (selector may be stale, or job uses external apply).
[2026-07-07 00:24:45] [ERROR] Failed processing job card 12: 'NoneType' object is not subscriptable
[2026-07-07 00:24:45] --- Processing job 13/20 (term: 'Backend Developer') ---
[2026-07-07 00:24:45] Opening job: Backend Developer @ Pocket Fm
[2026-07-07 00:25:04] [WARN] Apply button not found/clickable (selector may be stale, or job uses external apply).
[2026-07-07 00:25:04] [ERROR] Failed processing job card 13: 'NoneType' object is not subscriptable
[2026-07-07 00:25:04] --- Processing job 14/20 (term: 'Backend Developer') ---
[2026-07-07 00:25:04] Opening job: Java Backend Developer (with Web3) @ Marsdevs
[2026-07-07 00:25:22] [WARN] Apply button not found/clickable (selector may be stale, or job uses external apply).
[2026-07-07 00:25:22] [ERROR] Failed processing job card 14: 'NoneType' object is not subscriptable
[2026-07-07 00:25:22] --- Processing job 15/20 (term: 'Backend Developer') ---
[2026-07-07 00:25:22] Opening job: Senior SFMC Backend Developer @ Sparix Global
[2026-07-07 00:25:40] [WARN] Apply button not found/clickable (selector may be stale, or job uses external apply).
[2026-07-07 00:25:40] [ERROR] Failed processing job card 15: 'NoneType' object is not subscriptable
[2026-07-07 00:25:40] --- Processing job 16/20 (term: 'Backend Developer') ---
[2026-07-07 00:25:40] Opening job: Backend Developer, Pan India @ iCresset Talent Solutions
[2026-07-07 00:25:58] [WARN] Apply button not found/clickable (selector may be stale, or job uses external apply).
[2026-07-07 00:25:58] [ERROR] Failed processing job card 16: 'NoneType' object is not subscriptable
[2026-07-07 00:25:58] --- Processing job 17/20 (term: 'Backend Developer') ---
[2026-07-07 00:25:58] Opening job: Senior Backend Developer @ Tabby
[2026-07-07 00:26:16] [WARN] Apply button not found/clickable (selector may be stale, or job uses external apply).
[2026-07-07 00:26:16] [ERROR] Failed processing job card 17: 'NoneType' object is not subscriptable
[2026-07-07 00:26:16] --- Processing job 18/20 (term: 'Backend Developer') ---
[2026-07-07 00:26:16] Opening job: Senior Backend Developer @ Neetable
[2026-07-07 00:26:33] [WARN] Apply button not found/clickable (selector may be stale, or job uses external apply).
[2026-07-07 00:26:34] [ERROR] Failed processing job card 18: 'NoneType' object is not subscriptable
[2026-07-07 00:26:34] --- Processing job 19/20 (term: 'Backend Developer') ---
[2026-07-07 00:26:34] Opening job: Backend Developer (Python & Django) @ Back2stores Technologies
[2026-07-07 00:26:51] [WARN] Apply button not found/clickable (selector may be stale, or job uses external apply).
[2026-07-07 00:26:51] [ERROR] Failed processing job card 19: 'NoneType' object is not subscriptable
[2026-07-07 00:26:51] --- Processing job 20/20 (term: 'Backend Developer') ---
[2026-07-07 00:26:51] Opening job: Go Backend Developer @ Srijan Spectrum
[2026-07-07 00:27:09] [WARN] Apply button not found/clickable (selector may be stale, or job uses external apply).
[2026-07-07 00:27:09] [ERROR] Failed processing job card 20: 'NoneType' object is not subscriptable
[2026-07-07 00:27:09] ═══ Searching: 'Java Backend Developer' ═══
[2026-07-07 00:27:09] Navigating to job search results for 'Java Backend Developer': https://www.naukri.com/java-backend-developer-jobs?k=Java+Backend+Developer&experience=4&wfhType=2
[2026-07-07 00:27:12] Job listings loaded.
[2026-07-07 00:27:20] [WARN] Could not find the 'Easy Apply' sidebar checkbox — selector may be stale, verify EASY_APPLY_CHECKBOX_SEL against the live page.
[2026-07-07 00:27:20] Found 20 job card(s) for 'Java Backend Developer'.
[2026-07-07 00:27:20] --- Processing job 1/20 (term: 'Java Backend Developer') ---
[2026-07-07 00:27:20] Opening job: Java Backend Developer (with Web3) @ Marsdevs
[2026-07-07 00:27:38] [WARN] Apply button not found/clickable (selector may be stale, or job uses external apply).
[2026-07-07 00:27:38] [ERROR] Failed processing job card 1: 'NoneType' object is not subscriptable
[2026-07-07 00:27:38] --- Processing job 2/20 (term: 'Java Backend Developer') ---
[2026-07-07 00:27:38] Opening job: Backend Developer (MERN | PostgreSQL) @ Stacklab
[2026-07-07 00:27:56] [WARN] Apply button not found/clickable (selector may be stale, or job uses external apply).
[2026-07-07 00:27:56] [ERROR] Failed processing job card 2: 'NoneType' object is not subscriptable
[2026-07-07 00:27:56] --- Processing job 3/20 (term: 'Java Backend Developer') ---
[2026-07-07 00:27:56] Opening job: Associate Staff Engineer, Python @ Nagarro
[2026-07-07 00:28:14] [WARN] Apply button not found/clickable (selector may be stale, or job uses external apply).
[2026-07-07 00:28:14] [ERROR] Failed processing job card 3: 'NoneType' object is not subscriptable
[2026-07-07 00:28:14] --- Processing job 4/20 (term: 'Java Backend Developer') ---
[2026-07-07 00:28:15] Opening job: SDE I - Full Stack @ Viralme
[2026-07-07 00:28:33] [WARN] Apply button not found/clickable (selector may be stale, or job uses external apply).
[2026-07-07 00:28:33] [ERROR] Failed processing job card 4: 'NoneType' object is not subscriptable
[2026-07-07 00:28:33] --- Processing job 5/20 (term: 'Java Backend Developer') ---
[2026-07-07 00:28:33] Opening job: Web Developer @ Techbinge India
[2026-07-07 00:28:51] [WARN] Apply button not found/clickable (selector may be stale, or job uses external apply).
[2026-07-07 00:28:51] [ERROR] Failed processing job card 5: 'NoneType' object is not subscriptable
[2026-07-07 00:28:51] --- Processing job 6/20 (term: 'Java Backend Developer') ---
[2026-07-07 00:28:51] Opening job: Java Developer @ Auxirem Technology
[2026-07-07 00:29:08] [WARN] Apply button not found/clickable (selector may be stale, or job uses external apply).
[2026-07-07 00:29:08] [ERROR] Failed processing job card 6: 'NoneType' object is not subscriptable
[2026-07-07 00:29:08] --- Processing job 7/20 (term: 'Java Backend Developer') ---
[2026-07-07 00:29:09] Opening job: Associate Staff Engineer, Mobile Hybrid @ Nagarro
[2026-07-07 00:29:26] [WARN] Apply button not found/clickable (selector may be stale, or job uses external apply).
[2026-07-07 00:29:26] [ERROR] Failed processing job card 7: 'NoneType' object is not subscriptable
[2026-07-07 00:29:26] --- Processing job 8/20 (term: 'Java Backend Developer') ---
[2026-07-07 00:29:26] Opening job: Full Stack Developer (MERN Stack) @ Kodonic Digitech
[2026-07-07 00:29:44] [WARN] Apply button not found/clickable (selector may be stale, or job uses external apply).
[2026-07-07 00:29:44] [ERROR] Failed processing job card 8: 'NoneType' object is not subscriptable
[2026-07-07 00:29:44] --- Processing job 9/20 (term: 'Java Backend Developer') ---
[2026-07-07 00:29:44] Opening job: SDE - Mobile @ Bankbazaar
[2026-07-07 00:29:51] Entering handle_chatbot_question. Non-interactive mode: False
[2026-07-07 00:29:59] No chatbot questionnaire detected (or didn't load within 8s).
[2026-07-07 00:30:01] [ERROR] Failed processing job card 9: 'NoneType' object is not subscriptable
[2026-07-07 00:30:01] --- Processing job 10/20 (term: 'Java Backend Developer') ---
[2026-07-07 00:30:01] Opening job: Intermediate Mobile Developer @ Ahom Technologies
[2026-07-07 00:30:19] [WARN] Apply button not found/clickable (selector may be stale, or job uses external apply).
[2026-07-07 00:30:19] [ERROR] Failed processing job card 10: 'NoneType' object is not subscriptable
[2026-07-07 00:30:19] --- Processing job 11/20 (term: 'Java Backend Developer') ---
[2026-07-07 00:30:19] Opening job: Backend Developer @ Junky Tech
[2026-07-07 00:30:37] [WARN] Apply button not found/clickable (selector may be stale, or job uses external apply).
[2026-07-07 00:30:37] [ERROR] Failed processing job card 11: 'NoneType' object is not subscriptable
[2026-07-07 00:30:37] --- Processing job 12/20 (term: 'Java Backend Developer') ---
[2026-07-07 00:30:37] Opening job: AI Backend Developer @ Nitsan Technologies
[2026-07-07 00:30:55] [WARN] Apply button not found/clickable (selector may be stale, or job uses external apply).
[2026-07-07 00:30:56] [ERROR] Failed processing job card 12: 'NoneType' object is not subscriptable
[2026-07-07 00:30:56] --- Processing job 13/20 (term: 'Java Backend Developer') ---
[2026-07-07 00:30:57] Opening job: Python Developer @ Nitsan Technologies
[2026-07-07 00:31:16] [WARN] Apply button not found/clickable (selector may be stale, or job uses external apply).
[2026-07-07 00:31:16] [ERROR] Failed processing job card 13: 'NoneType' object is not subscriptable
[2026-07-07 00:31:16] --- Processing job 14/20 (term: 'Java Backend Developer') ---
[2026-07-07 00:31:16] Opening job: Software Engineer @ Numerator
[2026-07-07 00:31:34] [WARN] Apply button not found/clickable (selector may be stale, or job uses external apply).
[2026-07-07 00:31:34] [ERROR] Failed processing job card 14: 'NoneType' object is not subscriptable
[2026-07-07 00:31:34] --- Processing job 15/20 (term: 'Java Backend Developer') ---
[2026-07-07 00:31:34] Opening job: Senior Software Developer - Java @ Biz Tech Analytics
[2026-07-07 00:31:44] Entering handle_chatbot_question. Non-interactive mode: False
[2026-07-07 00:31:54] No chatbot questionnaire detected (or didn't load within 8s).
[2026-07-07 00:31:57] [ERROR] Failed processing job card 15: 'NoneType' object is not subscriptable
[2026-07-07 00:31:57] --- Processing job 16/20 (term: 'Java Backend Developer') ---
[2026-07-07 00:31:57] Opening job: Python Backend Developer @ BSH Technologies
[2026-07-07 00:32:15] [WARN] Apply button not found/clickable (selector may be stale, or job uses external apply).
[2026-07-07 00:32:15] [ERROR] Failed processing job card 16: 'NoneType' object is not subscriptable
[2026-07-07 00:32:15] --- Processing job 17/20 (term: 'Java Backend Developer') ---
[2026-07-07 00:32:15] Opening job: Backend Developer @ Invoked Digital
[2026-07-07 00:32:34] [WARN] Apply button not found/clickable (selector may be stale, or job uses external apply).
[2026-07-07 00:32:34] [ERROR] Failed processing job card 17: 'NoneType' object is not subscriptable
[2026-07-07 00:32:34] --- Processing job 18/20 (term: 'Java Backend Developer') ---
[2026-07-07 00:32:34] Opening job: Java Developer(associate and senior Associate ) @ Insignia Consultancy Solutions
[2026-07-07 00:32:52] [WARN] Apply button not found/clickable (selector may be stale, or job uses external apply).
[2026-07-07 00:32:52] [ERROR] Failed processing job card 18: 'NoneType' object is not subscriptable
[2026-07-07 00:32:52] --- Processing job 19/20 (term: 'Java Backend Developer') ---
[2026-07-07 00:32:52] Opening job: Developer @ Ayatacommerce
[2026-07-07 00:33:10] [WARN] Apply button not found/clickable (selector may be stale, or job uses external apply).
[2026-07-07 00:33:10] [ERROR] Failed processing job card 19: 'NoneType' object is not subscriptable
[2026-07-07 00:33:10] --- Processing job 20/20 (term: 'Java Backend Developer') ---
[2026-07-07 00:33:10] Opening job: Python Software Developer 3+ @ Jupiter Ai Labs
[2026-07-07 00:33:17] Entering handle_chatbot_question. Non-interactive mode: False
[2026-07-07 00:33:25] No chatbot questionnaire detected (or didn't load within 8s).
[2026-07-07 00:33:27] [ERROR] Failed processing job card 20: 'NoneType' object is not subscriptable
[2026-07-07 00:33:27] ═══ Searching: 'Software Engineer' ═══
[2026-07-07 00:33:27] Navigating to job search results for 'Software Engineer': https://www.naukri.com/software-engineer-jobs?k=Software+Engineer&experience=4&wfhType=2
[2026-07-07 00:33:30] Job listings loaded.
[2026-07-07 00:33:38] [WARN] Could not find the 'Easy Apply' sidebar checkbox — selector may be stale, verify EASY_APPLY_CHECKBOX_SEL against the live page.
[2026-07-07 00:33:38] Found 20 job card(s) for 'Software Engineer'.
[2026-07-07 00:33:38] --- Processing job 1/20 (term: 'Software Engineer') ---
[2026-07-07 00:33:38] Opening job: Hiring | Software Engineer | eLearning (Storyline) | Freelancer @ Niit Learning Systems
[2026-07-07 00:33:56] [WARN] Apply button not found/clickable (selector may be stale, or job uses external apply).
[2026-07-07 00:33:56] [ERROR] Failed processing job card 1: 'NoneType' object is not subscriptable
[2026-07-07 00:33:56] --- Processing job 2/20 (term: 'Software Engineer') ---
[2026-07-07 00:33:56] Opening job: Software Engineer @ Cimpress
[2026-07-07 00:34:03] Entering handle_chatbot_question. Non-interactive mode: False
[2026-07-07 00:34:03] Chatbot question: Notice Period
[2026-07-07 00:34:04] [Q-MATCH] Case-insensitive match found for: 'Notice Period'
[2026-07-07 00:34:04] Found exact match in questions.json: 'Notice Period' -> '21'
[2026-07-07 00:34:05] No option matched '21' among ['Immediately', 'Within 15 Days', '30 days', '45 days', '60 days', '90 days']. Will try text input.
[2026-07-07 00:34:05] [WARN] Could not find any visible input box or matching option for this question.
[2026-07-07 00:34:05] [DEBUG] Total input elements found by selector: 4
[2026-07-07 00:34:05] [DEBUG]   [0] tag=input, type=text, visible=False
[2026-07-07 00:34:05] [DEBUG]   [1] tag=input, type=text, visible=False
[2026-07-07 00:34:05] [DEBUG]   [2] tag=input, type=text, visible=False
[2026-07-07 00:34:05] [DEBUG]   [3] tag=div, type=None, visible=False
[2026-07-07 00:34:05] [DEBUG] Chatbot container HTML: <div class="chatbot_InputContainer inputContainer-focus">
                        <div class="textAreaWrapper">
                        <div id="userInput__7dtey1m2oInputBox" class="textArea" contenteditable="true" data-placeholder="Type message here..."></div>
                        <span class="chatBot chatBot-add-round add-icon d-none p-events-none" id="add-icon__7dtey1m2oInputBox"></span>
                        </div>
                    </div>
[2026-07-07 00:34:07] [ERROR] Failed processing job card 2: 'NoneType' object is not subscriptable
[2026-07-07 00:34:07] --- Processing job 3/20 (term: 'Software Engineer') ---
[2026-07-07 00:34:07] Opening job: Software Engineer @ What The Food
[2026-07-07 00:34:25] [WARN] Apply button not found/clickable (selector may be stale, or job uses external apply).
[2026-07-07 00:34:25] [ERROR] Failed processing job card 3: 'NoneType' object is not subscriptable
[2026-07-07 00:34:25] --- Processing job 4/20 (term: 'Software Engineer') ---
[2026-07-07 00:34:25] Opening job: Software Engineer @ Aisquare
[2026-07-07 00:34:43] [WARN] Apply button not found/clickable (selector may be stale, or job uses external apply).
[2026-07-07 00:34:44] [ERROR] Failed processing job card 4: 'NoneType' object is not subscriptable
[2026-07-07 00:34:44] --- Processing job 5/20 (term: 'Software Engineer') ---
[2026-07-07 00:34:44] Opening job: AI-Native Software Engineer @ Sentrix
[2026-07-07 00:35:02] [WARN] Apply button not found/clickable (selector may be stale, or job uses external apply).
[2026-07-07 00:35:02] [ERROR] Failed processing job card 5: 'NoneType' object is not subscriptable
[2026-07-07 00:35:02] --- Processing job 6/20 (term: 'Software Engineer') ---
[2026-07-07 00:35:02] Opening job: Software Engineer(FS MERN) @ Flexm
[2026-07-07 00:35:19] [WARN] Apply button not found/clickable (selector may be stale, or job uses external apply).
[2026-07-07 00:35:20] [ERROR] Failed processing job card 6: 'NoneType' object is not subscriptable
[2026-07-07 00:35:20] --- Processing job 7/20 (term: 'Software Engineer') ---
[2026-07-07 00:35:20] Opening job: Software Engineer @ Numerator
[2026-07-07 00:35:38] [WARN] Apply button not found/clickable (selector may be stale, or job uses external apply).
[2026-07-07 00:35:38] [ERROR] Failed processing job card 7: 'NoneType' object is not subscriptable
[2026-07-07 00:35:38] --- Processing job 8/20 (term: 'Software Engineer') ---
[2026-07-07 00:35:38] Opening job: Software Engineer @ Frappe
[2026-07-07 00:35:55] [WARN] Apply button not found/clickable (selector may be stale, or job uses external apply).
[2026-07-07 00:35:56] [ERROR] Failed processing job card 8: 'NoneType' object is not subscriptable
[2026-07-07 00:35:56] --- Processing job 9/20 (term: 'Software Engineer') ---
[2026-07-07 00:35:56] Opening job: Software Engineer @ Versante Software Technologies
[2026-07-07 00:36:13] [WARN] Apply button not found/clickable (selector may be stale, or job uses external apply).
[2026-07-07 00:36:14] [ERROR] Failed processing job card 9: 'NoneType' object is not subscriptable
[2026-07-07 00:36:14] --- Processing job 10/20 (term: 'Software Engineer') ---
[2026-07-07 00:36:14] Opening job: Software Engineer @ Sadhana It Solutions
[2026-07-07 00:36:32] [WARN] Apply button not found/clickable (selector may be stale, or job uses external apply).
[2026-07-07 00:36:32] [ERROR] Failed processing job card 10: 'NoneType' object is not subscriptable
[2026-07-07 00:36:32] --- Processing job 11/20 (term: 'Software Engineer') ---
[2026-07-07 00:36:32] Opening job: Software Engineer @ Numerator
[2026-07-07 00:36:49] [WARN] Apply button not found/clickable (selector may be stale, or job uses external apply).
[2026-07-07 00:36:49] [ERROR] Failed processing job card 11: 'NoneType' object is not subscriptable
[2026-07-07 00:36:49] --- Processing job 12/20 (term: 'Software Engineer') ---
[2026-07-07 00:36:50] Opening job: Software Engineer @ Manta Health
[2026-07-07 00:37:07] [WARN] Apply button not found/clickable (selector may be stale, or job uses external apply).
[2026-07-07 00:37:07] [ERROR] Failed processing job card 12: 'NoneType' object is not subscriptable
[2026-07-07 00:37:07] --- Processing job 13/20 (term: 'Software Engineer') ---
[2026-07-07 00:37:08] Opening job: Software Engineer (.Net, Angular) @ Numerator
[2026-07-07 00:37:25] [WARN] Apply button not found/clickable (selector may be stale, or job uses external apply).
[2026-07-07 00:37:26] [ERROR] Failed processing job card 13: 'NoneType' object is not subscriptable
[2026-07-07 00:37:26] --- Processing job 14/20 (term: 'Software Engineer') ---
[2026-07-07 00:37:26] Opening job: Software Engineer @ Replicon
[2026-07-07 00:37:43] [WARN] Apply button not found/clickable (selector may be stale, or job uses external apply).
[2026-07-07 00:37:44] [ERROR] Failed processing job card 14: 'NoneType' object is not subscriptable
[2026-07-07 00:37:44] --- Processing job 15/20 (term: 'Software Engineer') ---
[2026-07-07 00:37:44] Opening job: Software Engineer @ Deltek
[2026-07-07 00:38:02] [WARN] Apply button not found/clickable (selector may be stale, or job uses external apply).
[2026-07-07 00:38:02] [ERROR] Failed processing job card 15: 'NoneType' object is not subscriptable
[2026-07-07 00:38:02] --- Processing job 16/20 (term: 'Software Engineer') ---
[2026-07-07 00:38:02] Opening job: AI Software Engineer @ Open Fabric
[2026-07-07 00:38:20] [WARN] Apply button not found/clickable (selector may be stale, or job uses external apply).
[2026-07-07 00:38:20] [ERROR] Failed processing job card 16: 'NoneType' object is not subscriptable
[2026-07-07 00:38:20] --- Processing job 17/20 (term: 'Software Engineer') ---
[2026-07-07 00:38:20] Opening job: Software Engineer @ Yipitdata
[2026-07-07 00:38:38] [WARN] Apply button not found/clickable (selector may be stale, or job uses external apply).
[2026-07-07 00:38:38] [ERROR] Failed processing job card 17: 'NoneType' object is not subscriptable
[2026-07-07 00:38:38] --- Processing job 18/20 (term: 'Software Engineer') ---
[2026-07-07 00:38:39] Opening job: Software Engineer @ Msmp Technologies
[2026-07-07 00:38:56] [WARN] Apply button not found/clickable (selector may be stale, or job uses external apply).
[2026-07-07 00:38:56] [ERROR] Failed processing job card 18: 'NoneType' object is not subscriptable
[2026-07-07 00:38:56] --- Processing job 19/20 (term: 'Software Engineer') ---
[2026-07-07 00:38:56] Opening job: Senior Software Engineer @ Niyati
[2026-07-07 00:39:14] [WARN] Apply button not found/clickable (selector may be stale, or job uses external apply).
[2026-07-07 00:39:14] [ERROR] Failed processing job card 19: 'NoneType' object is not subscriptable
[2026-07-07 00:39:14] --- Processing job 20/20 (term: 'Software Engineer') ---
[2026-07-07 00:39:14] Opening job: Full-Stack Software Engineer @ Divyan Technologies Lucknow
[2026-07-07 00:39:32] [WARN] Apply button not found/clickable (selector may be stale, or job uses external apply).
[2026-07-07 00:39:32] [ERROR] Failed processing job card 20: 'NoneType' object is not subscriptable
[2026-07-07 00:39:32] ═══ Searching: 'Senior Software Engineer' ═══
[2026-07-07 00:39:32] Navigating to job search results for 'Senior Software Engineer': https://www.naukri.com/senior-software-engineer-jobs?k=Senior+Software+Engineer&experience=4&wfhType=2
[2026-07-07 00:39:36] Job listings loaded.
[2026-07-07 00:39:44] [WARN] Could not find the 'Easy Apply' sidebar checkbox — selector may be stale, verify EASY_APPLY_CHECKBOX_SEL against the live page.
[2026-07-07 00:39:44] Found 20 job card(s) for 'Senior Software Engineer'.
[2026-07-07 00:39:44] --- Processing job 1/20 (term: 'Senior Software Engineer') ---
[2026-07-07 00:39:45] Opening job: Senior Software Engineer @ Niyati
[2026-07-07 00:40:03] [WARN] Apply button not found/clickable (selector may be stale, or job uses external apply).
[2026-07-07 00:40:03] [ERROR] Failed processing job card 1: 'NoneType' object is not subscriptable
[2026-07-07 00:40:03] --- Processing job 2/20 (term: 'Senior Software Engineer') ---
[2026-07-07 00:40:03] Opening job: ServiceNow Senior Software Engineer - ITOM @ Newrocket
[2026-07-07 00:40:21] [WARN] Apply button not found/clickable (selector may be stale, or job uses external apply).
[2026-07-07 00:40:21] [ERROR] Failed processing job card 2: 'NoneType' object is not subscriptable
[2026-07-07 00:40:21] --- Processing job 3/20 (term: 'Senior Software Engineer') ---
[2026-07-07 00:40:21] Opening job: Senior Software Engineer (Perl) @ Bloom Equity Partners
[2026-07-07 00:40:39] [WARN] Apply button not found/clickable (selector may be stale, or job uses external apply).
[2026-07-07 00:40:39] [ERROR] Failed processing job card 3: 'NoneType' object is not subscriptable
[2026-07-07 00:40:39] --- Processing job 4/20 (term: 'Senior Software Engineer') ---
[2026-07-07 00:40:39] Opening job: Senior Software Engineer @ Zuddl
[2026-07-07 00:40:57] [WARN] Apply button not found/clickable (selector may be stale, or job uses external apply).
[2026-07-07 00:40:57] [ERROR] Failed processing job card 4: 'NoneType' object is not subscriptable
[2026-07-07 00:40:57] --- Processing job 5/20 (term: 'Senior Software Engineer') ---
[2026-07-07 00:40:57] Opening job: Software Engineer / Sr.Software Engineer @ Codersbay Technologies
[2026-07-07 00:41:15] [WARN] Apply button not found/clickable (selector may be stale, or job uses external apply).
[2026-07-07 00:41:15] [ERROR] Failed processing job card 5: 'NoneType' object is not subscriptable
[2026-07-07 00:41:15] --- Processing job 6/20 (term: 'Senior Software Engineer') ---
[2026-07-07 00:41:15] Opening job: ServiceNow Senior Software Engineer - TSOM/SOMT @ Newrocket
[2026-07-07 00:41:33] [WARN] Apply button not found/clickable (selector may be stale, or job uses external apply).
[2026-07-07 00:41:33] [ERROR] Failed processing job card 6: 'NoneType' object is not subscriptable
[2026-07-07 00:41:33] --- Processing job 7/20 (term: 'Senior Software Engineer') ---
[2026-07-07 00:41:33] Opening job: Sr. Software Engineer @ Sparix Global
[2026-07-07 00:41:51] [WARN] Apply button not found/clickable (selector may be stale, or job uses external apply).
[2026-07-07 00:41:51] [ERROR] Failed processing job card 7: 'NoneType' object is not subscriptable
[2026-07-07 00:41:51] --- Processing job 8/20 (term: 'Senior Software Engineer') ---
[2026-07-07 00:41:52] Opening job: Senior Software Engineer @ Sparix Global
[2026-07-07 00:42:10] [WARN] Apply button not found/clickable (selector may be stale, or job uses external apply).
[2026-07-07 00:42:10] [ERROR] Failed processing job card 8: 'NoneType' object is not subscriptable
[2026-07-07 00:42:10] --- Processing job 9/20 (term: 'Senior Software Engineer') ---
[2026-07-07 00:42:10] Opening job: Sr Software Engineer @ iCresset Talent Solutions
[2026-07-07 00:42:28] [WARN] Apply button not found/clickable (selector may be stale, or job uses external apply).
[2026-07-07 00:42:28] [ERROR] Failed processing job card 9: 'NoneType' object is not subscriptable
[2026-07-07 00:42:28] --- Processing job 10/20 (term: 'Senior Software Engineer') ---
[2026-07-07 00:42:28] Opening job: Senior Software Engineer @ Replicon
[2026-07-07 00:42:46] [WARN] Apply button not found/clickable (selector may be stale, or job uses external apply).
[2026-07-07 00:42:46] [ERROR] Failed processing job card 10: 'NoneType' object is not subscriptable
[2026-07-07 00:42:46] --- Processing job 11/20 (term: 'Senior Software Engineer') ---
[2026-07-07 00:42:46] Opening job: Senior Software Engineer @ Blueprints AI
[2026-07-07 00:42:52] Entering handle_chatbot_question. Non-interactive mode: False
[2026-07-07 00:42:53] Chatbot question: What is the secret word mentioned in this job post? (We ask this to confirm you actually read the full post before applying.)
[2026-07-07 00:44:15] [DEBUG] Trying input: tag=div, type=text
[2026-07-07 00:44:15] Successfully submitted chatbot answer using input (tag=div, type=text)
[2026-07-07 00:44:17] Chatbot question: Camera ON + screen sharing on Discord during ALL working hours is required. Accept? (Mandatory, not negotiable.)
[2026-07-07 00:44:47] Clicked option (exact match): 'Yes'
[2026-07-07 00:44:47] Clicked submit button after option selection.
[2026-07-07 00:44:49] Chatbot question: Permanent night shift, 9:30 PM 5:30 AM IST (US California daytime). Can you sustain this long term?
[2026-07-07 00:45:00] Clicked option (exact match): 'Yes'
[2026-07-07 00:45:00] Clicked submit button after option selection.
[2026-07-07 00:45:02] Chatbot question: Time tracked in Hubstaff, paid hourly for actual hours worked (not flat salary). Accept?
[2026-07-07 00:45:16] Clicked option (partial match): 'Yes' for answer 'y'
[2026-07-07 00:45:17] Clicked submit button after option selection.
[2026-07-07 00:45:18] Chatbot question: Full-time exclusive role. You cannot hold another job or freelance alongside it. Agree?
[2026-07-07 00:45:29] Clicked option (partial match): 'Yes' for answer 'y'
[2026-07-07 00:45:29] Clicked submit button after option selection.
[2026-07-07 00:45:31] Chatbot question: One-hour live interview: camera on, screen shared, live coding, NO AI tools. Agree?
[2026-07-07 00:45:37] Clicked option (partial match): 'Yes' for answer 'y'
[2026-07-07 00:45:38] Clicked submit button after option selection.
[2026-07-07 00:45:40] Chatbot question: Years of hands-on PostgreSQL/Supabase experience? (Schema, migrations, queries tested live.)
[2026-07-07 00:45:45] [DEBUG] Trying input: tag=div, type=text
[2026-07-07 00:45:45] Successfully submitted chatbot answer using input (tag=div, type=text)
[2026-07-07 00:45:47] Chatbot question: Which ONE AI coding tool do you use most, and when do you choose NOT to use it? (Be specific.)
[2026-07-07 00:46:21] [DEBUG] Trying input: tag=div, type=text
[2026-07-07 00:46:21] Successfully submitted chatbot answer using input (tag=div, type=text)
[2026-07-07 00:46:23] Chatbot question: Video link (Loom/GDrive/Youtube): Please record an intro video to show your eagerness. Best: headset, share screen, walk us through your best project.
[2026-07-07 00:46:31] [DEBUG] Trying input: tag=div, type=text
[2026-07-07 00:46:32] Successfully submitted chatbot answer using input (tag=div, type=text)
[2026-07-07 00:46:34] Chatbot question: Paste your personal GitHub profile or portfolio link. (We will look at your actual code.)
[2026-07-07 00:46:48] [DEBUG] Trying input: tag=div, type=text
[2026-07-07 00:46:48] Successfully submitted chatbot answer using input (tag=div, type=text)
[2026-07-07 00:46:50] Chatbot question: Thank you for your responses.
[2026-07-07 00:46:55] [Q-MATCH] Exact match found for: 'Thank you for your responses.'
[2026-07-07 00:46:55] Found exact match in questions.json: 'Thank you for your responses.' -> 'Yes'
[2026-07-07 00:46:55] No option matched 'Yes' among ["<class 'string'>\n<class 'str'>\n<class 'text'>\n<class 'chars'>"]. Will try text input.
[2026-07-07 00:46:55] [WARN] Could not find any visible input box or matching option for this question.
[2026-07-07 00:46:55] [DEBUG] Total input elements found by selector: 3
[2026-07-07 00:46:55] [DEBUG]   [0] tag=input, type=text, visible=False
[2026-07-07 00:46:55] [DEBUG]   [1] tag=input, type=text, visible=False
[2026-07-07 00:46:55] [DEBUG]   [2] tag=input, type=text, visible=False
[2026-07-07 00:46:57] [ERROR] Failed processing job card 11: 'NoneType' object is not subscriptable
[2026-07-07 00:46:57] --- Processing job 12/20 (term: 'Senior Software Engineer') ---
[2026-07-07 00:46:58] Opening job: Senior Software Engineer @ Welkin Healthcare
[2026-07-07 00:47:15] [WARN] Apply button not found/clickable (selector may be stale, or job uses external apply).
[2026-07-07 00:47:15] [ERROR] Failed processing job card 12: 'NoneType' object is not subscriptable
[2026-07-07 00:47:15] --- Processing job 13/20 (term: 'Senior Software Engineer') ---
[2026-07-07 00:47:15] Opening job: Sr. Software Engineer - C++ @ Crowdstrike
[2026-07-07 00:47:33] [WARN] Apply button not found/clickable (selector may be stale, or job uses external apply).
[2026-07-07 00:47:33] [ERROR] Failed processing job card 13: 'NoneType' object is not subscriptable
[2026-07-07 00:47:33] --- Processing job 14/20 (term: 'Senior Software Engineer') ---
[2026-07-07 00:47:33] Opening job: SENIOR SOFTWARE ENGINEER WITH DATA BACKGROUND @ Svitla Systems
[2026-07-07 00:47:51] [WARN] Apply button not found/clickable (selector may be stale, or job uses external apply).
[2026-07-07 00:47:51] [ERROR] Failed processing job card 14: 'NoneType' object is not subscriptable
[2026-07-07 00:47:51] --- Processing job 15/20 (term: 'Senior Software Engineer') ---
[2026-07-07 00:47:51] Opening job: Senior Software Engineer (Frontend) @ Writesonic
[2026-07-07 00:48:09] [WARN] Apply button not found/clickable (selector may be stale, or job uses external apply).
[2026-07-07 00:48:09] [ERROR] Failed processing job card 15: 'NoneType' object is not subscriptable
[2026-07-07 00:48:09] --- Processing job 16/20 (term: 'Senior Software Engineer') ---
[2026-07-07 00:48:09] Opening job: Senior / Software Engineer Backend (Node.js) @ Silverline It
[2026-07-07 00:48:27] [WARN] Apply button not found/clickable (selector may be stale, or job uses external apply).
[2026-07-07 00:48:27] [ERROR] Failed processing job card 16: 'NoneType' object is not subscriptable
[2026-07-07 00:48:27] --- Processing job 17/20 (term: 'Senior Software Engineer') ---
[2026-07-07 00:48:27] Opening job: Senior Software Engineer ( Node.js and Next.js) @ Infraveo Technologies
[2026-07-07 00:48:45] [WARN] Apply button not found/clickable (selector may be stale, or job uses external apply).
[2026-07-07 00:48:45] [ERROR] Failed processing job card 17: 'NoneType' object is not subscriptable
[2026-07-07 00:48:45] --- Processing job 18/20 (term: 'Senior Software Engineer') ---
[2026-07-07 00:48:45] Opening job: Senior Software Engineer, Full Stack @ Mostudio
[2026-07-07 00:49:03] [WARN] Apply button not found/clickable (selector may be stale, or job uses external apply).
[2026-07-07 00:49:03] [ERROR] Failed processing job card 18: 'NoneType' object is not subscriptable
[2026-07-07 00:49:03] --- Processing job 19/20 (term: 'Senior Software Engineer') ---
[2026-07-07 00:49:03] Opening job: Senior Software Engineer (AI Applications) @ Cambium Learning Group
[2026-07-07 00:49:20] [ERROR] Unexpected error applying to job: Message: invalid session id: session deleted as the browser has closed the connection
from disconnected: not connected to DevTools
  (Session info: chrome=149.0.7827.201); For documentation on this error, please visit: https://www.selenium.dev/documentation/webdriver/troubleshooting/errors#invalidsessionidexception
Stacktrace:
	undetected_chromedriver!GetHandleVerifier [0xdba543+103f3]
	undetected_chromedriver!GetHandleVerifier [0xdba584+10434]
	undetected_chromedriver!(No symbol) [0xbba700]
	undetected_chromedriver!(No symbol) [0xba999e]
	undetected_chromedriver!(No symbol) [0xbc8079]
	undetected_chromedriver!(No symbol) [0xc2c64c]
	undetected_chromedriver!(No symbol) [0xc42df9]
	undetected_chromedriver!(No symbol) [0xc25e66]
	undetected_chromedriver!(No symbol) [0xbf9159]
	undetected_chromedriver!(No symbol) [0xbf9f24]
	undetected_chromedriver!GetHandleVerifier [0x1044bba+29aa6a]
	undetected_chromedriver!GetHandleVerifier [0x1040119+295fc9]
	undetected_chromedriver!GetHandleVerifier [0x106103e+2b6eee]
	undetected_chromedriver!GetHandleVerifier [0xdd37f6+296a6]
	undetected_chromedriver!GetHandleVerifier [0xdda91d+307cd]
	undetected_chromedriver!GetHandleVerifier [0xdc2d18+18bc8]
	undetected_chromedriver!GetHandleVerifier [0xdc2ec5+18d75]
	undetected_chromedriver!GetHandleVerifier [0xdac05f+1f0f]
	KERNEL32!BaseThreadInitThunk [0x75f27ba9+19]
	ntdll!RtlInitializeExceptionChain [0x7734c0cb+6b]
	ntdll!RtlClearBits [0x7734c04f+bf]

[2026-07-07 00:49:20] [WARN] Error restoring window handle: Message: invalid session id; For documentation on this error, please visit: https://www.selenium.dev/documentation/webdriver/troubleshooting/errors#invalidsessionidexception
Stacktrace:
	undetected_chromedriver!GetHandleVerifier [0xdba543+103f3]
	undetected_chromedriver!GetHandleVerifier [0xdba584+10434]
	undetected_chromedriver!(No symbol) [0xbba53e]
	undetected_chromedriver!(No symbol) [0xbf83e7]
	undetected_chromedriver!(No symbol) [0xc25f86]
	undetected_chromedriver!(No symbol) [0xc21192]
	undetected_chromedriver!(No symbol) [0xc20b71]
	undetected_chromedriver!(No symbol) [0xb8db2e]
	undetected_chromedriver!(No symbol) [0xb8e0ce]
	undetected_chromedriver!(No symbol) [0xb8e5ad]
	undetected_chromedriver!GetHandleVerifier [0x1044bba+29aa6a]
	undetected_chromedriver!GetHandleVerifier [0x1040119+295fc9]
	undetected_chromedriver!GetHandleVerifier [0x106103e+2b6eee]
	undetected_chromedriver!GetHandleVerifier [0xdd37f6+296a6]
	undetected_chromedriver!GetHandleVerifier [0xdda91d+307cd]
	undetected_chromedriver!(No symbol) [0xb8d6a6]
	undetected_chromedriver!(No symbol) [0xb8cd02]
	undetected_chromedriver!GetHandleVerifier [0x11abe1f+401ccf]
	KERNEL32!BaseThreadInitThunk [0x75f27ba9+19]
	ntdll!RtlInitializeExceptionChain [0x7734c0cb+6b]
	ntdll!RtlClearBits [0x7734c04f+bf]

[2026-07-07 00:49:20] [ERROR] Failed processing job card 19: 'NoneType' object is not subscriptable
[2026-07-07 00:49:20] [FATAL] Browser session was closed or lost: Message: invalid session id; For documentation on this error, please visit: https://www.selenium.dev/documentation/webdriver/troubleshooting/errors#invalidsessionidexception
Stacktrace:
	undetected_chromedriver!GetHandleVerifier [0xdba543+103f3]
	undetected_chromedriver!GetHandleVerifier [0xdba584+10434]
	undetected_chromedriver!(No symbol) [0xbba53e]
	undetected_chromedriver!(No symbol) [0xbf83e7]
	undetected_chromedriver!(No symbol) [0xc25f86]
	undetected_chromedriver!(No symbol) [0xc21192]
	undetected_chromedriver!(No symbol) [0xc20b71]
	undetected_chromedriver!(No symbol) [0xb8db2e]
	undetected_chromedriver!(No symbol) [0xb8e0ce]
	undetected_chromedriver!(No symbol) [0xb8e5ad]
	undetected_chromedriver!GetHandleVerifier [0x1044bba+29aa6a]
	undetected_chromedriver!GetHandleVerifier [0x1040119+295fc9]
	undetected_chromedriver!GetHandleVerifier [0x106103e+2b6eee]
	undetected_chromedriver!GetHandleVerifier [0xdd37f6+296a6]
	undetected_chromedriver!GetHandleVerifier [0xdda91d+307cd]
	undetected_chromedriver!(No symbol) [0xb8d6a6]
	undetected_chromedriver!(No symbol) [0xb8cd02]
	undetected_chromedriver!GetHandleVerifier [0x11abe1f+401ccf]
	KERNEL32!BaseThreadInitThunk [0x75f27ba9+19]
	ntdll!RtlInitializeExceptionChain [0x7734c0cb+6b]
	ntdll!RtlClearBits [0x7734c04f+bf]
. Terminating run.
[2026-07-07 00:49:20] [FATAL] Browser session was closed or lost: Message: invalid session id; For documentation on this error, please visit: https://www.selenium.dev/documentation/webdriver/troubleshooting/errors#invalidsessionidexception
Stacktrace:
	undetected_chromedriver!GetHandleVerifier [0xdba543+103f3]
	undetected_chromedriver!GetHandleVerifier [0xdba584+10434]
	undetected_chromedriver!(No symbol) [0xbba53e]
	undetected_chromedriver!(No symbol) [0xbf83e7]
	undetected_chromedriver!(No symbol) [0xc25f86]
	undetected_chromedriver!(No symbol) [0xc21192]
	undetected_chromedriver!(No symbol) [0xc20b71]
	undetected_chromedriver!(No symbol) [0xb8db2e]
	undetected_chromedriver!(No symbol) [0xb8e0ce]
	undetected_chromedriver!(No symbol) [0xb8e5ad]
	undetected_chromedriver!GetHandleVerifier [0x1044bba+29aa6a]
	undetected_chromedriver!GetHandleVerifier [0x1040119+295fc9]
	undetected_chromedriver!GetHandleVerifier [0x106103e+2b6eee]
	undetected_chromedriver!GetHandleVerifier [0xdd37f6+296a6]
	undetected_chromedriver!GetHandleVerifier [0xdda91d+307cd]
	undetected_chromedriver!(No symbol) [0xb8d6a6]
	undetected_chromedriver!(No symbol) [0xb8cd02]
	undetected_chromedriver!GetHandleVerifier [0x11abe1f+401ccf]
	KERNEL32!BaseThreadInitThunk [0x75f27ba9+19]
	ntdll!RtlInitializeExceptionChain [0x7734c0cb+6b]
	ntdll!RtlClearBits [0x7734c04f+bf]
. Terminating run.
[2026-07-07 00:49:20] Run complete. Total applications submitted this run: 0
[2026-07-07 19:30:31] ════════════════════════════════════════
[2026-07-07 19:30:31]   Naukri Auto-Apply Bot — starting run
[2026-07-07 19:30:31]   AI mode (Gemini): disabled (manual prompts)
[2026-07-07 19:30:31]   Non-Interactive: disabled (manual prompts)
[2026-07-07 19:30:31] ════════════════════════════════════════
[2026-07-07 19:30:32] Monkey-patched uc.Chrome.quit to suppress WinError 6 on exit.
[2026-07-07 19:30:32] Starting Chrome setup...
[2026-07-07 19:30:32] Found cached ChromeDriver: C:\Users\Pawan\AppData\Roaming\undetected_chromedriver\undetected_chromedriver.exe
[2026-07-07 19:30:32] Attempting undetected-chromedriver with use_subprocess=False...
[2026-07-07 19:30:34] Chrome driver (stealth, use_subprocess=False) successfully initialized!
[2026-07-07 19:30:34] Navigating to Naukri login page...
[2026-07-07 19:30:36] Submitted login form. Waiting for homepage to load...
[2026-07-07 19:30:39] Login appears successful.
[2026-07-07 19:30:39] Will search 12 term(s): ['Java Full Stack Developer', 'Senior Java Full Stack Developer', 'Java Developer', 'Senior Java Developer', 'Spring Boot Developer', 'Java Microservices Developer', 'Backend Developer', 'Java Backend Developer', 'Software Engineer', 'Senior Software Engineer', 'Full Stack Developer', 'Java Angular Developer']
[2026-07-07 19:30:39] ═══ Searching: 'Java Full Stack Developer' ═══
[2026-07-07 19:30:39] Navigating to job search results for 'Java Full Stack Developer': https://www.naukri.com/java-full-stack-developer-jobs?k=Java+Full+Stack+Developer&experience=4&wfhType=2
[2026-07-07 19:30:41] Job listings loaded.
[2026-07-07 19:30:50] [WARN] Could not find the 'Easy Apply' sidebar checkbox — selector may be stale, verify EASY_APPLY_CHECKBOX_SEL against the live page.
[2026-07-07 19:30:50] Found 20 job card(s) for 'Java Full Stack Developer'.
[2026-07-07 19:30:50] --- Processing job 1/20 (term: 'Java Full Stack Developer') ---
[2026-07-07 19:30:50] Opening job: Java Full Stack Developer @ Vrinda International Noida
[2026-07-07 19:31:07] [WARN] Apply button not found/clickable (selector may be stale, or job uses external apply).
[2026-07-07 19:31:07] [ERROR] Failed processing job card 1: 'NoneType' object is not subscriptable
[2026-07-07 19:31:07] --- Processing job 2/20 (term: 'Java Full Stack Developer') ---
[2026-07-07 19:31:07] Opening job: Java Full Stack Developer @ Iris Info
[2026-07-07 19:31:25] [WARN] Apply button not found/clickable (selector may be stale, or job uses external apply).
[2026-07-07 19:31:25] [ERROR] Failed processing job card 2: 'NoneType' object is not subscriptable
[2026-07-07 19:31:25] --- Processing job 3/20 (term: 'Java Full Stack Developer') ---
[2026-07-07 19:31:25] Opening job: Java Full Stack Developer @ Uventure
[2026-07-07 19:31:42] [WARN] Apply button not found/clickable (selector may be stale, or job uses external apply).
[2026-07-07 19:31:42] [ERROR] Failed processing job card 3: 'NoneType' object is not subscriptable
[2026-07-07 19:31:42] --- Processing job 4/20 (term: 'Java Full Stack Developer') ---
[2026-07-07 19:31:42] Opening job: Java Full Stack Developer @ Saibull Global Partners
[2026-07-07 19:31:59] [WARN] Apply button not found/clickable (selector may be stale, or job uses external apply).
[2026-07-07 19:32:00] [ERROR] Failed processing job card 4: 'NoneType' object is not subscriptable
[2026-07-07 19:32:00] --- Processing job 5/20 (term: 'Java Full Stack Developer') ---
[2026-07-07 19:32:00] Opening job: Full Stack Developer Java + React Next js Poland @ Remotestar
[2026-07-07 19:32:17] [WARN] Apply button not found/clickable (selector may be stale, or job uses external apply).
[2026-07-07 19:32:17] [ERROR] Failed processing job card 5: 'NoneType' object is not subscriptable
[2026-07-07 19:32:17] --- Processing job 6/20 (term: 'Java Full Stack Developer') ---
[2026-07-07 19:32:17] Opening job: Full Stack Developer (Java & Angular) @ Utimaco
[2026-07-07 19:32:35] [WARN] Apply button not found/clickable (selector may be stale, or job uses external apply).
[2026-07-07 19:32:35] [ERROR] Failed processing job card 6: 'NoneType' object is not subscriptable
[2026-07-07 19:32:35] --- Processing job 7/20 (term: 'Java Full Stack Developer') ---
[2026-07-07 19:32:35] Opening job: Full Stack Java Developer @ NS Global Corporation
[2026-07-07 19:32:52] [WARN] Apply button not found/clickable (selector may be stale, or job uses external apply).
[2026-07-07 19:32:52] [ERROR] Failed processing job card 7: 'NoneType' object is not subscriptable
[2026-07-07 19:32:52] --- Processing job 8/20 (term: 'Java Full Stack Developer') ---
[2026-07-07 19:32:52] Opening job: Full Stack Developer Java Angular @ Logic Planet
[2026-07-07 19:33:10] [WARN] Apply button not found/clickable (selector may be stale, or job uses external apply).
[2026-07-07 19:33:10] [ERROR] Failed processing job card 8: 'NoneType' object is not subscriptable
[2026-07-07 19:33:10] --- Processing job 9/20 (term: 'Java Full Stack Developer') ---
[2026-07-07 19:33:10] Opening job: Full Stack Java Developer @ AHA Technocrats
[2026-07-07 19:33:27] [WARN] Apply button not found/clickable (selector may be stale, or job uses external apply).
[2026-07-07 19:33:27] [ERROR] Failed processing job card 9: 'NoneType' object is not subscriptable
[2026-07-07 19:33:27] --- Processing job 10/20 (term: 'Java Full Stack Developer') ---
[2026-07-07 19:33:27] Opening job: Full-Stack Web Developer @ Majestro Media
[2026-07-07 19:33:45] [WARN] Apply button not found/clickable (selector may be stale, or job uses external apply).
[2026-07-07 19:33:45] [ERROR] Failed processing job card 10: 'NoneType' object is not subscriptable
[2026-07-07 19:33:45] --- Processing job 11/20 (term: 'Java Full Stack Developer') ---
[2026-07-07 19:33:45] Opening job: Full Stack Developer @ Cloud202
[2026-07-07 19:34:03] [WARN] Apply button not found/clickable (selector may be stale, or job uses external apply).
[2026-07-07 19:34:03] [ERROR] Failed processing job card 11: 'NoneType' object is not subscriptable
[2026-07-07 19:34:03] --- Processing job 12/20 (term: 'Java Full Stack Developer') ---
[2026-07-07 19:34:03] Opening job: Senior Laravel Developer @ Webanaya Solutions
[2026-07-07 19:34:21] [WARN] Apply button not found/clickable (selector may be stale, or job uses external apply).
[2026-07-07 19:34:21] [ERROR] Failed processing job card 12: 'NoneType' object is not subscriptable
[2026-07-07 19:34:21] --- Processing job 13/20 (term: 'Java Full Stack Developer') ---
[2026-07-07 19:34:21] Opening job: Middle Full-Stack Engineer | Solvy @ Boosta
[2026-07-07 19:34:38] [WARN] Apply button not found/clickable (selector may be stale, or job uses external apply).
[2026-07-07 19:34:39] [ERROR] Failed processing job card 13: 'NoneType' object is not subscriptable
[2026-07-07 19:34:39] --- Processing job 14/20 (term: 'Java Full Stack Developer') ---
[2026-07-07 19:34:39] Opening job: Java Developer @ Webnexus
[2026-07-07 19:34:56] [WARN] Apply button not found/clickable (selector may be stale, or job uses external apply).
[2026-07-07 19:34:56] [ERROR] Failed processing job card 14: 'NoneType' object is not subscriptable
[2026-07-07 19:34:56] --- Processing job 15/20 (term: 'Java Full Stack Developer') ---
[2026-07-07 19:34:56] Opening job: Software Developer (Full Stack) @ Techno Earth
[2026-07-07 19:35:14] [WARN] Apply button not found/clickable (selector may be stale, or job uses external apply).
[2026-07-07 19:35:14] [ERROR] Failed processing job card 15: 'NoneType' object is not subscriptable
[2026-07-07 19:35:14] --- Processing job 16/20 (term: 'Java Full Stack Developer') ---
[2026-07-07 19:35:14] Opening job: Full-Stack Software Engineer @ Divyan Technologies Lucknow
[2026-07-07 19:35:32] [WARN] Apply button not found/clickable (selector may be stale, or job uses external apply).
[2026-07-07 19:35:32] [ERROR] Failed processing job card 16: 'NoneType' object is not subscriptable
[2026-07-07 19:35:32] --- Processing job 17/20 (term: 'Java Full Stack Developer') ---
[2026-07-07 19:35:32] Opening job: Full Stack Developer | Leading IT Co. | Delhi @ Hiring for - Leading IT Co.
[2026-07-07 19:35:38] Entering handle_chatbot_question. Non-interactive mode: False
[2026-07-07 19:35:39] Chatbot question: Currently employed?
[2026-07-07 19:35:45] Clicked option (exact match): 'Yes'
[2026-07-07 19:35:45] Clicked submit button after option selection.
[2026-07-07 19:35:47] Chatbot question: Thank you for your responses.
[2026-07-07 19:35:50] [Q-MATCH] Exact match found for: 'Thank you for your responses.'
[2026-07-07 19:35:50] Found exact match in questions.json: 'Thank you for your responses.' -> 'Yes'
[2026-07-07 19:35:50] No option matched 'Yes' among ["<class 'string'>\n<class 'str'>\n<class 'text'>\n<class 'chars'>"]. Will try text input.
[2026-07-07 19:35:50] [WARN] Could not find any visible input box or matching option for this question.
[2026-07-07 19:35:50] [DEBUG] Total input elements found by selector: 3
[2026-07-07 19:35:50] [DEBUG]   [0] tag=input, type=text, visible=False
[2026-07-07 19:35:50] [DEBUG]   [1] tag=input, type=text, visible=False
[2026-07-07 19:35:50] [DEBUG]   [2] tag=input, type=text, visible=False
[2026-07-07 19:35:52] [ERROR] Failed processing job card 17: 'NoneType' object is not subscriptable
[2026-07-07 19:35:52] --- Processing job 18/20 (term: 'Java Full Stack Developer') ---
[2026-07-07 19:35:52] Opening job: AI Fullstack Developer @ Zealogics.com
[2026-07-07 19:36:10] [WARN] Apply button not found/clickable (selector may be stale, or job uses external apply).
[2026-07-07 19:36:10] [ERROR] Failed processing job card 18: 'NoneType' object is not subscriptable
[2026-07-07 19:36:10] --- Processing job 19/20 (term: 'Java Full Stack Developer') ---
[2026-07-07 19:36:10] Opening job: Full Stack Developers @ Lorven Technologies
[2026-07-07 19:36:28] [WARN] Apply button not found/clickable (selector may be stale, or job uses external apply).
[2026-07-07 19:36:28] [ERROR] Failed processing job card 19: 'NoneType' object is not subscriptable
[2026-07-07 19:36:28] --- Processing job 20/20 (term: 'Java Full Stack Developer') ---
[2026-07-07 19:36:28] Opening job: Senior Full Stack Developer @ Protracon Technologies
[2026-07-07 19:36:46] [WARN] Apply button not found/clickable (selector may be stale, or job uses external apply).
[2026-07-07 19:36:46] [ERROR] Failed processing job card 20: 'NoneType' object is not subscriptable
[2026-07-07 19:36:46] ═══ Searching: 'Senior Java Full Stack Developer' ═══
[2026-07-07 19:36:46] Navigating to job search results for 'Senior Java Full Stack Developer': https://www.naukri.com/senior-java-full-stack-developer-jobs?k=Senior+Java+Full+Stack+Developer&experience=4&wfhType=2
[2026-07-07 19:36:48] Job listings loaded.
[2026-07-07 19:36:56] [WARN] Could not find the 'Easy Apply' sidebar checkbox — selector may be stale, verify EASY_APPLY_CHECKBOX_SEL against the live page.
[2026-07-07 19:36:56] Found 20 job card(s) for 'Senior Java Full Stack Developer'.
[2026-07-07 19:36:56] --- Processing job 1/20 (term: 'Senior Java Full Stack Developer') ---
[2026-07-07 19:36:56] Opening job: Senior Laravel Developer @ Webanaya Solutions
[2026-07-07 19:37:14] [WARN] Apply button not found/clickable (selector may be stale, or job uses external apply).
[2026-07-07 19:37:14] [ERROR] Failed processing job card 1: 'NoneType' object is not subscriptable
[2026-07-07 19:37:14] --- Processing job 2/20 (term: 'Senior Java Full Stack Developer') ---
[2026-07-07 19:37:14] Opening job: Senior Java Developers @ ANTI-Ai PRIVATE LIMITED
[2026-07-07 19:37:32] [WARN] Apply button not found/clickable (selector may be stale, or job uses external apply).
[2026-07-07 19:37:32] [ERROR] Failed processing job card 2: 'NoneType' object is not subscriptable
[2026-07-07 19:37:32] --- Processing job 3/20 (term: 'Senior Java Full Stack Developer') ---
[2026-07-07 19:37:32] Opening job: Senior Full-Stack Developer @ Gosotek Technologies
[2026-07-07 19:37:50] [WARN] Apply button not found/clickable (selector may be stale, or job uses external apply).
[2026-07-07 19:37:50] [ERROR] Failed processing job card 3: 'NoneType' object is not subscriptable
[2026-07-07 19:37:50] --- Processing job 4/20 (term: 'Senior Java Full Stack Developer') ---
[2026-07-07 19:37:50] Opening job: Senior Java Developer @ Bluesoft Software Solution
[2026-07-07 19:38:08] [WARN] Apply button not found/clickable (selector may be stale, or job uses external apply).
[2026-07-07 19:38:08] [ERROR] Failed processing job card 4: 'NoneType' object is not subscriptable
[2026-07-07 19:38:08] --- Processing job 5/20 (term: 'Senior Java Full Stack Developer') ---
[2026-07-07 19:38:08] Opening job: Senior Software Engineer @ Zuddl
[2026-07-07 19:38:26] [WARN] Apply button not found/clickable (selector may be stale, or job uses external apply).
[2026-07-07 19:38:26] [ERROR] Failed processing job card 5: 'NoneType' object is not subscriptable
[2026-07-07 19:38:26] --- Processing job 6/20 (term: 'Senior Java Full Stack Developer') ---
[2026-07-07 19:38:26] Opening job: Senior Mendix Developer @ Sagous
[2026-07-07 19:38:44] [WARN] Apply button not found/clickable (selector may be stale, or job uses external apply).
[2026-07-07 19:38:44] [ERROR] Failed processing job card 6: 'NoneType' object is not subscriptable
[2026-07-07 19:38:44] --- Processing job 7/20 (term: 'Senior Java Full Stack Developer') ---
[2026-07-07 19:38:44] Opening job: Full Stack Developer @ E Tech Software
[2026-07-07 19:39:02] [WARN] Apply button not found/clickable (selector may be stale, or job uses external apply).
[2026-07-07 19:39:02] [ERROR] Failed processing job card 7: 'NoneType' object is not subscriptable
[2026-07-07 19:39:02] --- Processing job 8/20 (term: 'Senior Java Full Stack Developer') ---
[2026-07-07 19:39:02] Opening job: Senior Java Developer @ Harris Global Business Services
[2026-07-07 19:39:19] [WARN] Apply button not found/clickable (selector may be stale, or job uses external apply).
[2026-07-07 19:39:19] [ERROR] Failed processing job card 8: 'NoneType' object is not subscriptable
[2026-07-07 19:39:19] --- Processing job 9/20 (term: 'Senior Java Full Stack Developer') ---
[2026-07-07 19:39:19] Opening job: Senior Java Developer @ Harris Healthcare
[2026-07-07 19:39:37] [WARN] Apply button not found/clickable (selector may be stale, or job uses external apply).
[2026-07-07 19:39:37] [ERROR] Failed processing job card 9: 'NoneType' object is not subscriptable
[2026-07-07 19:39:37] --- Processing job 10/20 (term: 'Senior Java Full Stack Developer') ---
[2026-07-07 19:39:37] Opening job: BPI Developer Sr Developer @ Sparix Global
[2026-07-07 19:39:55] [WARN] Apply button not found/clickable (selector may be stale, or job uses external apply).
[2026-07-07 19:39:55] [ERROR] Failed processing job card 10: 'NoneType' object is not subscriptable
[2026-07-07 19:39:55] --- Processing job 11/20 (term: 'Senior Java Full Stack Developer') ---
[2026-07-07 19:39:55] Opening job: Java Full Stack Developer @ Uventure
[2026-07-07 19:40:13] [WARN] Apply button not found/clickable (selector may be stale, or job uses external apply).
[2026-07-07 19:40:13] [ERROR] Failed processing job card 11: 'NoneType' object is not subscriptable
[2026-07-07 19:40:13] --- Processing job 12/20 (term: 'Senior Java Full Stack Developer') ---
[2026-07-07 19:40:13] Opening job: BPI Developer / Senior Developer @ Sparix Global
[2026-07-07 19:40:30] [WARN] Apply button not found/clickable (selector may be stale, or job uses external apply).
[2026-07-07 19:40:30] [ERROR] Failed processing job card 12: 'NoneType' object is not subscriptable
[2026-07-07 19:40:30] --- Processing job 13/20 (term: 'Senior Java Full Stack Developer') ---
[2026-07-07 19:40:31] Opening job: Full Stack Developer - Grant Management Platform - Pan india @ Social Alpha
[2026-07-07 19:40:48] [WARN] Apply button not found/clickable (selector may be stale, or job uses external apply).
[2026-07-07 19:40:48] [ERROR] Failed processing job card 13: 'NoneType' object is not subscriptable
[2026-07-07 19:40:48] --- Processing job 14/20 (term: 'Senior Java Full Stack Developer') ---
[2026-07-07 19:40:48] Opening job: Senior Software Engineer, Full Stack @ Mostudio
[2026-07-07 19:41:06] [WARN] Apply button not found/clickable (selector may be stale, or job uses external apply).
[2026-07-07 19:41:06] [ERROR] Failed processing job card 14: 'NoneType' object is not subscriptable
[2026-07-07 19:41:06] --- Processing job 15/20 (term: 'Senior Java Full Stack Developer') ---
[2026-07-07 19:41:06] Opening job: Senior Full Stack Java Software Engineer @ Global Business Ser 4u
[2026-07-07 19:41:23] [WARN] Apply button not found/clickable (selector may be stale, or job uses external apply).
[2026-07-07 19:41:23] [ERROR] Failed processing job card 15: 'NoneType' object is not subscriptable
[2026-07-07 19:41:23] --- Processing job 16/20 (term: 'Senior Java Full Stack Developer') ---
[2026-07-07 19:41:23] Opening job: Full stack Architect(freelancer/consultant) @ Codevian Technologies
[2026-07-07 19:41:41] [WARN] Apply button not found/clickable (selector may be stale, or job uses external apply).
[2026-07-07 19:41:42] [ERROR] Failed processing job card 16: 'NoneType' object is not subscriptable
[2026-07-07 19:41:42] --- Processing job 17/20 (term: 'Senior Java Full Stack Developer') ---
[2026-07-07 19:41:42] Opening job: Senior Full Stack Developer @ Protracon Technologies
[2026-07-07 19:41:59] [WARN] Apply button not found/clickable (selector may be stale, or job uses external apply).
[2026-07-07 19:41:59] [ERROR] Failed processing job card 17: 'NoneType' object is not subscriptable
[2026-07-07 19:41:59] --- Processing job 18/20 (term: 'Senior Java Full Stack Developer') ---
[2026-07-07 19:41:59] Opening job: Senior Software Developer Applications @ Learntastic
[2026-07-07 19:42:17] [WARN] Apply button not found/clickable (selector may be stale, or job uses external apply).
[2026-07-07 19:42:17] [ERROR] Failed processing job card 18: 'NoneType' object is not subscriptable
[2026-07-07 19:42:17] --- Processing job 19/20 (term: 'Senior Java Full Stack Developer') ---
[2026-07-07 19:42:17] Opening job: Java Developer(associate and senior Associate ) @ Insignia Consultancy Solutions
[2026-07-07 19:42:35] [WARN] Apply button not found/clickable (selector may be stale, or job uses external apply).
[2026-07-07 19:42:35] [ERROR] Failed processing job card 19: 'NoneType' object is not subscriptable
[2026-07-07 19:42:35] --- Processing job 20/20 (term: 'Senior Java Full Stack Developer') ---
[2026-07-07 19:42:35] Opening job: Sr. java developers (2+) @ Nexgeniot
[2026-07-07 19:42:53] [WARN] Apply button not found/clickable (selector may be stale, or job uses external apply).
[2026-07-07 19:42:53] [ERROR] Failed processing job card 20: 'NoneType' object is not subscriptable
[2026-07-07 19:42:53] ═══ Searching: 'Java Developer' ═══
[2026-07-07 19:42:53] Navigating to job search results for 'Java Developer': https://www.naukri.com/java-developer-jobs?k=Java+Developer&experience=4&wfhType=2
[2026-07-07 19:42:55] Job listings loaded.
[2026-07-07 19:43:03] [WARN] Could not find the 'Easy Apply' sidebar checkbox — selector may be stale, verify EASY_APPLY_CHECKBOX_SEL against the live page.
[2026-07-07 19:43:03] Found 20 job card(s) for 'Java Developer'.
[2026-07-07 19:43:03] --- Processing job 1/20 (term: 'Java Developer') ---
[2026-07-07 19:43:03] Opening job: Java Developer @ Auxirem Technology
[2026-07-07 19:43:21] [WARN] Apply button not found/clickable (selector may be stale, or job uses external apply).
[2026-07-07 19:43:21] [ERROR] Failed processing job card 1: 'NoneType' object is not subscriptable
[2026-07-07 19:43:21] --- Processing job 2/20 (term: 'Java Developer') ---
[2026-07-07 19:43:21] Opening job: Java Developer @ Webnexus
[2026-07-07 19:43:39] [WARN] Apply button not found/clickable (selector may be stale, or job uses external apply).
[2026-07-07 19:43:39] [ERROR] Failed processing job card 2: 'NoneType' object is not subscriptable
[2026-07-07 19:43:39] --- Processing job 3/20 (term: 'Java Developer') ---
[2026-07-07 19:43:39] Opening job: Java Developer @ Nexdew Technologies
[2026-07-07 19:43:58] [WARN] Apply button not found/clickable (selector may be stale, or job uses external apply).
[2026-07-07 19:43:58] [ERROR] Failed processing job card 3: 'NoneType' object is not subscriptable
[2026-07-07 19:43:58] --- Processing job 4/20 (term: 'Java Developer') ---
[2026-07-07 19:43:58] Opening job: Java Developer @ MNJ Software
[2026-07-07 19:44:15] [WARN] Apply button not found/clickable (selector may be stale, or job uses external apply).
[2026-07-07 19:44:16] [ERROR] Failed processing job card 4: 'NoneType' object is not subscriptable
[2026-07-07 19:44:16] --- Processing job 5/20 (term: 'Java Developer') ---
[2026-07-07 19:44:16] Opening job: Java Developer @ Ovitech Solutions
[2026-07-07 19:44:33] [WARN] Apply button not found/clickable (selector may be stale, or job uses external apply).
[2026-07-07 19:44:33] [ERROR] Failed processing job card 5: 'NoneType' object is not subscriptable
[2026-07-07 19:44:33] --- Processing job 6/20 (term: 'Java Developer') ---
[2026-07-07 19:44:33] Opening job: Java Developer @ Crayontek
[2026-07-07 19:44:51] [WARN] Apply button not found/clickable (selector may be stale, or job uses external apply).
[2026-07-07 19:44:51] [ERROR] Failed processing job card 6: 'NoneType' object is not subscriptable
[2026-07-07 19:44:51] --- Processing job 7/20 (term: 'Java Developer') ---
[2026-07-07 19:44:51] Opening job: Java Developer @ Weitglobal
[2026-07-07 19:45:09] [WARN] Apply button not found/clickable (selector may be stale, or job uses external apply).
[2026-07-07 19:45:09] [ERROR] Failed processing job card 7: 'NoneType' object is not subscriptable
[2026-07-07 19:45:09] --- Processing job 8/20 (term: 'Java Developer') ---
[2026-07-07 19:45:09] Opening job: Java Developer @ Recruitly
[2026-07-07 19:45:27] [WARN] Apply button not found/clickable (selector may be stale, or job uses external apply).
[2026-07-07 19:45:27] [ERROR] Failed processing job card 8: 'NoneType' object is not subscriptable
[2026-07-07 19:45:27] --- Processing job 9/20 (term: 'Java Developer') ---
[2026-07-07 19:45:27] Opening job: Java Developer @ Yellow Sapphire
[2026-07-07 19:45:44] [WARN] Apply button not found/clickable (selector may be stale, or job uses external apply).
[2026-07-07 19:45:44] [ERROR] Failed processing job card 9: 'NoneType' object is not subscriptable
[2026-07-07 19:45:44] --- Processing job 10/20 (term: 'Java Developer') ---
[2026-07-07 19:45:44] Opening job: Java Developer with AI Focus @ Verdantis
[2026-07-07 19:46:02] [WARN] Apply button not found/clickable (selector may be stale, or job uses external apply).
[2026-07-07 19:46:02] [ERROR] Failed processing job card 10: 'NoneType' object is not subscriptable
[2026-07-07 19:46:02] --- Processing job 11/20 (term: 'Java Developer') ---
[2026-07-07 19:46:02] Opening job: Java Developers @ JK Lucent
[2026-07-07 19:46:19] [WARN] Apply button not found/clickable (selector may be stale, or job uses external apply).
[2026-07-07 19:46:20] [ERROR] Failed processing job card 11: 'NoneType' object is not subscriptable
[2026-07-07 19:46:20] --- Processing job 12/20 (term: 'Java Developer') ---
[2026-07-07 19:46:20] Opening job: Mid Experience Java Developer @ Crayontek
[2026-07-07 19:46:37] [WARN] Apply button not found/clickable (selector may be stale, or job uses external apply).
[2026-07-07 19:46:37] [ERROR] Failed processing job card 12: 'NoneType' object is not subscriptable
[2026-07-07 19:46:37] --- Processing job 13/20 (term: 'Java Developer') ---
[2026-07-07 19:46:37] Opening job: Java Developer @ Irisidea
[2026-07-07 19:46:55] [WARN] Apply button not found/clickable (selector may be stale, or job uses external apply).
[2026-07-07 19:46:55] [ERROR] Failed processing job card 13: 'NoneType' object is not subscriptable
[2026-07-07 19:46:55] --- Processing job 14/20 (term: 'Java Developer') ---
[2026-07-07 19:46:55] Opening job: Java Developers @ Sourcetrace Systems
[2026-07-07 19:47:12] [WARN] Apply button not found/clickable (selector may be stale, or job uses external apply).
[2026-07-07 19:47:13] [ERROR] Failed processing job card 14: 'NoneType' object is not subscriptable
[2026-07-07 19:47:13] --- Processing job 15/20 (term: 'Java Developer') ---
[2026-07-07 19:47:13] Opening job: Java Developer @ Iris Info
[2026-07-07 19:47:30] [WARN] Apply button not found/clickable (selector may be stale, or job uses external apply).
[2026-07-07 19:47:30] [ERROR] Failed processing job card 15: 'NoneType' object is not subscriptable
[2026-07-07 19:47:30] --- Processing job 16/20 (term: 'Java Developer') ---
[2026-07-07 19:47:30] Opening job: Java Developer @ NTK Creative Tech
[2026-07-07 19:47:51] [WARN] Apply button not found/clickable (selector may be stale, or job uses external apply).
[2026-07-07 19:47:51] [ERROR] Failed processing job card 16: 'NoneType' object is not subscriptable
[2026-07-07 19:47:51] --- Processing job 17/20 (term: 'Java Developer') ---
[2026-07-07 19:47:51] Opening job: Java Developer @ Gokool Software Labs
[2026-07-07 19:48:08] [WARN] Apply button not found/clickable (selector may be stale, or job uses external apply).
[2026-07-07 19:48:08] [ERROR] Failed processing job card 17: 'NoneType' object is not subscriptable
[2026-07-07 19:48:08] --- Processing job 18/20 (term: 'Java Developer') ---
[2026-07-07 19:48:08] Opening job: Java + Selenium Developer, Pan India @ Virtualware Innovations
[2026-07-07 19:48:26] [WARN] Apply button not found/clickable (selector may be stale, or job uses external apply).
[2026-07-07 19:48:26] [ERROR] Failed processing job card 18: 'NoneType' object is not subscriptable
[2026-07-07 19:48:26] --- Processing job 19/20 (term: 'Java Developer') ---
[2026-07-07 19:48:26] Opening job: Java Spark Developer @ Overture Rede
[2026-07-07 19:48:44] [WARN] Apply button not found/clickable (selector may be stale, or job uses external apply).
[2026-07-07 19:48:44] [ERROR] Failed processing job card 19: 'NoneType' object is not subscriptable
[2026-07-07 19:48:44] --- Processing job 20/20 (term: 'Java Developer') ---
[2026-07-07 19:48:44] Opening job: Java Mirco Services Developer @ Insignia Consultancy Solutions
[2026-07-07 19:49:01] [WARN] Apply button not found/clickable (selector may be stale, or job uses external apply).
[2026-07-07 19:49:01] [ERROR] Failed processing job card 20: 'NoneType' object is not subscriptable
[2026-07-07 19:49:01] ═══ Searching: 'Senior Java Developer' ═══
[2026-07-07 19:49:01] Navigating to job search results for 'Senior Java Developer': https://www.naukri.com/senior-java-developer-jobs?k=Senior+Java+Developer&experience=4&wfhType=2
[2026-07-07 19:49:04] Job listings loaded.
[2026-07-07 19:49:12] [WARN] Could not find the 'Easy Apply' sidebar checkbox — selector may be stale, verify EASY_APPLY_CHECKBOX_SEL against the live page.
[2026-07-07 19:49:12] Found 20 job card(s) for 'Senior Java Developer'.
[2026-07-07 19:49:12] --- Processing job 1/20 (term: 'Senior Java Developer') ---
[2026-07-07 19:49:12] Opening job: Senior Java Developers @ ANTI-Ai PRIVATE LIMITED
[2026-07-07 19:49:30] [WARN] Apply button not found/clickable (selector may be stale, or job uses external apply).
[2026-07-07 19:49:30] [ERROR] Failed processing job card 1: 'NoneType' object is not subscriptable
[2026-07-07 19:49:30] --- Processing job 2/20 (term: 'Senior Java Developer') ---
[2026-07-07 19:49:30] Opening job: Senior Java Developer @ Bluesoft Software Solution
[2026-07-07 19:49:48] [WARN] Apply button not found/clickable (selector may be stale, or job uses external apply).
[2026-07-07 19:49:48] [ERROR] Failed processing job card 2: 'NoneType' object is not subscriptable
[2026-07-07 19:49:48] --- Processing job 3/20 (term: 'Senior Java Developer') ---
[2026-07-07 19:49:48] Opening job: Sr. java developers (2+) @ Nexgeniot
[2026-07-07 19:50:05] [WARN] Apply button not found/clickable (selector may be stale, or job uses external apply).
[2026-07-07 19:50:05] [ERROR] Failed processing job card 3: 'NoneType' object is not subscriptable
[2026-07-07 19:50:05] --- Processing job 4/20 (term: 'Senior Java Developer') ---
[2026-07-07 19:50:06] Opening job: Sr. Java Developer @ MNJ Software
[2026-07-07 19:50:23] [WARN] Apply button not found/clickable (selector may be stale, or job uses external apply).
[2026-07-07 19:50:23] [ERROR] Failed processing job card 4: 'NoneType' object is not subscriptable
[2026-07-07 19:50:23] --- Processing job 5/20 (term: 'Senior Java Developer') ---
[2026-07-07 19:50:23] Opening job: Java Developer(associate and senior Associate ) @ Insignia Consultancy Solutions
[2026-07-07 19:50:41] [WARN] Apply button not found/clickable (selector may be stale, or job uses external apply).
[2026-07-07 19:50:41] [ERROR] Failed processing job card 5: 'NoneType' object is not subscriptable
[2026-07-07 19:50:41] --- Processing job 6/20 (term: 'Senior Java Developer') ---
[2026-07-07 19:50:41] Opening job: Senior Java Developer @ Harris Global Business Services
[2026-07-07 19:50:59] [WARN] Apply button not found/clickable (selector may be stale, or job uses external apply).
[2026-07-07 19:50:59] [ERROR] Failed processing job card 6: 'NoneType' object is not subscriptable
[2026-07-07 19:50:59] --- Processing job 7/20 (term: 'Senior Java Developer') ---
[2026-07-07 19:50:59] Opening job: Senior Java Developer @ Harris Healthcare
[2026-07-07 19:51:17] [WARN] Apply button not found/clickable (selector may be stale, or job uses external apply).
[2026-07-07 19:51:17] [ERROR] Failed processing job card 7: 'NoneType' object is not subscriptable
[2026-07-07 19:51:17] --- Processing job 8/20 (term: 'Senior Java Developer') ---
[2026-07-07 19:51:17] Opening job: Senior Java Developer @ Innovya Technologies
[2026-07-07 19:51:35] [WARN] Apply button not found/clickable (selector may be stale, or job uses external apply).
[2026-07-07 19:51:35] [ERROR] Failed processing job card 8: 'NoneType' object is not subscriptable
[2026-07-07 19:51:35] --- Processing job 9/20 (term: 'Senior Java Developer') ---
[2026-07-07 19:51:35] Opening job: Senior Java Developer @ Virtualware Innovations
[2026-07-07 19:51:52] [WARN] Apply button not found/clickable (selector may be stale, or job uses external apply).
[2026-07-07 19:51:52] [ERROR] Failed processing job card 9: 'NoneType' object is not subscriptable
[2026-07-07 19:51:52] --- Processing job 10/20 (term: 'Senior Java Developer') ---
[2026-07-07 19:51:52] Opening job: Senior Java Developer @ Virtualware Innovations
[2026-07-07 19:52:10] [WARN] Apply button not found/clickable (selector may be stale, or job uses external apply).
[2026-07-07 19:52:10] [ERROR] Failed processing job card 10: 'NoneType' object is not subscriptable
[2026-07-07 19:52:10] --- Processing job 11/20 (term: 'Senior Java Developer') ---
[2026-07-07 19:52:10] Opening job: Senior Software Engineer @ Niyati
[2026-07-07 19:52:28] [WARN] Apply button not found/clickable (selector may be stale, or job uses external apply).
[2026-07-07 19:52:28] [ERROR] Failed processing job card 11: 'NoneType' object is not subscriptable
[2026-07-07 19:52:28] --- Processing job 12/20 (term: 'Senior Java Developer') ---
[2026-07-07 19:52:28] Opening job: Senior Software Engineer @ Zuddl
[2026-07-07 19:52:45] [WARN] Apply button not found/clickable (selector may be stale, or job uses external apply).
[2026-07-07 19:52:45] [ERROR] Failed processing job card 12: 'NoneType' object is not subscriptable
[2026-07-07 19:52:45] --- Processing job 13/20 (term: 'Senior Java Developer') ---
[2026-07-07 19:52:45] Opening job: Software Engineer @ Versante Software Technologies
[2026-07-07 19:53:03] [WARN] Apply button not found/clickable (selector may be stale, or job uses external apply).
[2026-07-07 19:53:03] [ERROR] Failed processing job card 13: 'NoneType' object is not subscriptable
[2026-07-07 19:53:03] --- Processing job 14/20 (term: 'Senior Java Developer') ---
[2026-07-07 19:53:03] Opening job: Senior Laravel Developer @ Webanaya Solutions
[2026-07-07 19:53:21] [WARN] Apply button not found/clickable (selector may be stale, or job uses external apply).
[2026-07-07 19:53:21] [ERROR] Failed processing job card 14: 'NoneType' object is not subscriptable
[2026-07-07 19:53:21] --- Processing job 15/20 (term: 'Senior Java Developer') ---
[2026-07-07 19:53:21] Opening job: Senior Full-Stack Developer @ Gosotek Technologies
[2026-07-07 19:53:38] [WARN] Apply button not found/clickable (selector may be stale, or job uses external apply).
[2026-07-07 19:53:38] [ERROR] Failed processing job card 15: 'NoneType' object is not subscriptable
[2026-07-07 19:53:38] --- Processing job 16/20 (term: 'Senior Java Developer') ---
[2026-07-07 19:53:38] Opening job: Senior Engineer, PHP Drupal @ Nagarro
[2026-07-07 19:53:56] [WARN] Apply button not found/clickable (selector may be stale, or job uses external apply).
[2026-07-07 19:53:56] [ERROR] Failed processing job card 16: 'NoneType' object is not subscriptable
[2026-07-07 19:53:56] --- Processing job 17/20 (term: 'Senior Java Developer') ---
[2026-07-07 19:53:56] Opening job: Senior Full Stack Developer @ Protracon Technologies
[2026-07-07 19:54:14] [WARN] Apply button not found/clickable (selector may be stale, or job uses external apply).
[2026-07-07 19:54:14] [ERROR] Failed processing job card 17: 'NoneType' object is not subscriptable
[2026-07-07 19:54:14] --- Processing job 18/20 (term: 'Senior Java Developer') ---
[2026-07-07 19:54:14] Opening job: Python / Django Developer @ Red Cape Coding Services Pvt Limited
[2026-07-07 19:54:20] Entering handle_chatbot_question. Non-interactive mode: False
[2026-07-07 19:54:28] No chatbot questionnaire detected (or didn't load within 8s).
[2026-07-07 19:54:30] [ERROR] Failed processing job card 18: 'NoneType' object is not subscriptable
[2026-07-07 19:54:30] --- Processing job 19/20 (term: 'Senior Java Developer') ---
[2026-07-07 19:54:30] Opening job: Senior Software Developer @ Sahajseva Digital Consultancy
[2026-07-07 19:54:48] [WARN] Apply button not found/clickable (selector may be stale, or job uses external apply).
[2026-07-07 19:54:48] [ERROR] Failed processing job card 19: 'NoneType' object is not subscriptable
[2026-07-07 19:54:48] --- Processing job 20/20 (term: 'Senior Java Developer') ---
[2026-07-07 19:54:48] Opening job: Senior Python Engineer @ Ciklum
[2026-07-07 19:55:06] [WARN] Apply button not found/clickable (selector may be stale, or job uses external apply).
[2026-07-07 19:55:06] [ERROR] Failed processing job card 20: 'NoneType' object is not subscriptable
[2026-07-07 19:55:06] ═══ Searching: 'Spring Boot Developer' ═══
[2026-07-07 19:55:06] Navigating to job search results for 'Spring Boot Developer': https://www.naukri.com/spring-boot-developer-jobs?k=Spring+Boot+Developer&experience=4&wfhType=2
[2026-07-07 19:55:08] Job listings loaded.
[2026-07-07 19:55:16] [WARN] Could not find the 'Easy Apply' sidebar checkbox — selector may be stale, verify EASY_APPLY_CHECKBOX_SEL against the live page.
[2026-07-07 19:55:16] Found 20 job card(s) for 'Spring Boot Developer'.
[2026-07-07 19:55:16] --- Processing job 1/20 (term: 'Spring Boot Developer') ---
[2026-07-07 19:55:16] Opening job: Java Developer @ Nexdew Technologies
[2026-07-08 11:21:43] ════════════════════════════════════════
[2026-07-08 11:21:43]   Naukri Auto-Apply Bot — starting run
[2026-07-08 11:21:43]   AI mode (Gemini): disabled (manual prompts)
[2026-07-08 11:21:43]   Non-Interactive: disabled (manual prompts)
[2026-07-08 11:21:43] ════════════════════════════════════════
[2026-07-08 11:21:44] Monkey-patched uc.Chrome.quit to suppress WinError 6 on exit.
[2026-07-08 11:21:44] Starting Chrome setup...
[2026-07-08 11:21:44] Found cached ChromeDriver: C:\Users\Pawan\AppData\Roaming\undetected_chromedriver\undetected_chromedriver.exe
[2026-07-08 11:21:44] Attempting undetected-chromedriver with use_subprocess=False...
[2026-07-08 11:21:49] Chrome driver (stealth, use_subprocess=False) successfully initialized!
[2026-07-08 11:21:49] Navigating to Naukri login page...
[2026-07-08 11:21:52] Submitted login form. Waiting for homepage to load...
[2026-07-08 11:21:59] Login appears successful.
[2026-07-08 11:21:59] Will search 12 term(s): ['Java Full Stack Developer', 'Senior Java Full Stack Developer', 'Java Developer', 'Senior Java Developer', 'Spring Boot Developer', 'Java Microservices Developer', 'Backend Developer', 'Java Backend Developer', 'Software Engineer', 'Senior Software Engineer', 'Full Stack Developer', 'Java Angular Developer']
[2026-07-08 11:21:59] ═══ Searching: 'Java Full Stack Developer' ═══
[2026-07-08 11:21:59] Navigating to job search results for 'Java Full Stack Developer': https://www.naukri.com/java-full-stack-developer-jobs?k=Java+Full+Stack+Developer&experience=4&wfhType=2
[2026-07-08 11:22:02] Job listings loaded.
[2026-07-08 11:22:11] [WARN] Could not find the 'Easy Apply' sidebar checkbox — selector may be stale, verify EASY_APPLY_CHECKBOX_SEL against the live page.
[2026-07-08 11:22:11] Found 20 job card(s) for 'Java Full Stack Developer'.
[2026-07-08 11:22:11] --- Processing job 1/20 (term: 'Java Full Stack Developer') ---
[2026-07-08 11:22:11] Opening job: Java Full Stack Developer @ Vrinda International Noida
[2026-07-08 11:22:28] [WARN] Apply button not found/clickable (selector may be stale, or job uses external apply).
[2026-07-08 11:22:29] [ERROR] Failed processing job card 1: 'NoneType' object is not subscriptable
[2026-07-08 11:22:29] --- Processing job 2/20 (term: 'Java Full Stack Developer') ---
[2026-07-08 11:22:29] Opening job: Java Full Stack Developer @ Iris Info
[2026-07-08 11:22:46] [WARN] Apply button not found/clickable (selector may be stale, or job uses external apply).
[2026-07-08 11:22:46] [ERROR] Failed processing job card 2: 'NoneType' object is not subscriptable
[2026-07-08 11:22:46] --- Processing job 3/20 (term: 'Java Full Stack Developer') ---
[2026-07-08 11:22:46] Opening job: Java Full Stack Developer @ Uventure
[2026-07-08 11:23:04] [WARN] Apply button not found/clickable (selector may be stale, or job uses external apply).
[2026-07-08 11:23:04] [ERROR] Failed processing job card 3: 'NoneType' object is not subscriptable
[2026-07-08 11:23:04] --- Processing job 4/20 (term: 'Java Full Stack Developer') ---
[2026-07-08 11:23:04] Opening job: Java Full Stack Developer @ Saibull Global Partners
[2026-07-08 11:23:22] [WARN] Apply button not found/clickable (selector may be stale, or job uses external apply).
[2026-07-08 11:23:22] [ERROR] Failed processing job card 4: 'NoneType' object is not subscriptable
[2026-07-08 11:23:22] --- Processing job 5/20 (term: 'Java Full Stack Developer') ---
[2026-07-08 11:23:22] Opening job: Full Stack Developer Java + React Next js Poland @ Remotestar
[2026-07-08 11:23:40] [WARN] Apply button not found/clickable (selector may be stale, or job uses external apply).
[2026-07-08 11:23:40] [ERROR] Failed processing job card 5: 'NoneType' object is not subscriptable
[2026-07-08 11:23:40] --- Processing job 6/20 (term: 'Java Full Stack Developer') ---
[2026-07-08 11:23:40] Opening job: Full Stack Developer (Java & Angular) @ Utimaco
[2026-07-08 11:23:58] [WARN] Apply button not found/clickable (selector may be stale, or job uses external apply).
[2026-07-08 11:23:58] [ERROR] Failed processing job card 6: 'NoneType' object is not subscriptable
[2026-07-08 11:23:58] --- Processing job 7/20 (term: 'Java Full Stack Developer') ---
[2026-07-08 11:23:58] Opening job: Full Stack Java Developer @ NS Global Corporation
[2026-07-08 11:24:15] [WARN] Apply button not found/clickable (selector may be stale, or job uses external apply).
[2026-07-08 11:24:16] [ERROR] Failed processing job card 7: 'NoneType' object is not subscriptable
[2026-07-08 11:24:16] --- Processing job 8/20 (term: 'Java Full Stack Developer') ---
[2026-07-08 11:24:16] Opening job: Full Stack Developer Java Angular @ Logic Planet
[2026-07-08 11:24:33] [WARN] Apply button not found/clickable (selector may be stale, or job uses external apply).
[2026-07-08 11:24:34] [ERROR] Failed processing job card 8: 'NoneType' object is not subscriptable
[2026-07-08 11:24:34] --- Processing job 9/20 (term: 'Java Full Stack Developer') ---
[2026-07-08 11:24:34] Opening job: Full Stack Java Developer @ AHA Technocrats
[2026-07-08 11:24:51] [WARN] Apply button not found/clickable (selector may be stale, or job uses external apply).
[2026-07-08 11:24:51] [ERROR] Failed processing job card 9: 'NoneType' object is not subscriptable
[2026-07-08 11:24:51] --- Processing job 10/20 (term: 'Java Full Stack Developer') ---
[2026-07-08 11:24:52] Opening job: Full-Stack Web Developer @ Majestro Media
[2026-07-08 11:25:09] [WARN] Apply button not found/clickable (selector may be stale, or job uses external apply).
[2026-07-08 11:25:10] [ERROR] Failed processing job card 10: 'NoneType' object is not subscriptable
[2026-07-08 11:25:10] --- Processing job 11/20 (term: 'Java Full Stack Developer') ---
[2026-07-08 11:25:10] Opening job: Full Stack Developer @ Cloud202
[2026-07-08 11:25:27] [WARN] Apply button not found/clickable (selector may be stale, or job uses external apply).
[2026-07-08 11:25:28] [ERROR] Failed processing job card 11: 'NoneType' object is not subscriptable
[2026-07-08 11:25:28] --- Processing job 12/20 (term: 'Java Full Stack Developer') ---
[2026-07-08 11:25:28] Opening job: Senior Laravel Developer @ Webanaya Solutions
[2026-07-08 11:25:45] [WARN] Apply button not found/clickable (selector may be stale, or job uses external apply).
[2026-07-08 11:25:45] [ERROR] Failed processing job card 12: 'NoneType' object is not subscriptable
[2026-07-08 11:25:45] --- Processing job 13/20 (term: 'Java Full Stack Developer') ---
[2026-07-08 11:25:46] Opening job: Middle Full-Stack Engineer | Solvy @ Boosta
[2026-07-08 11:26:03] [WARN] Apply button not found/clickable (selector may be stale, or job uses external apply).
[2026-07-08 11:26:03] [ERROR] Failed processing job card 13: 'NoneType' object is not subscriptable
[2026-07-08 11:26:03] --- Processing job 14/20 (term: 'Java Full Stack Developer') ---
[2026-07-08 11:26:03] Opening job: Java Developer @ Webnexus
[2026-07-08 11:26:21] [WARN] Apply button not found/clickable (selector may be stale, or job uses external apply).
[2026-07-08 11:26:21] [ERROR] Failed processing job card 14: 'NoneType' object is not subscriptable
[2026-07-08 11:26:21] --- Processing job 15/20 (term: 'Java Full Stack Developer') ---
[2026-07-08 11:26:21] Opening job: Software Developer (Full Stack) @ Techno Earth
[2026-07-08 11:26:39] [WARN] Apply button not found/clickable (selector may be stale, or job uses external apply).
[2026-07-08 11:26:39] [ERROR] Failed processing job card 15: 'NoneType' object is not subscriptable
[2026-07-08 11:26:39] --- Processing job 16/20 (term: 'Java Full Stack Developer') ---
[2026-07-08 11:26:39] Opening job: Full-Stack Software Engineer @ Divyan Technologies Lucknow
[2026-07-08 11:26:57] [WARN] Apply button not found/clickable (selector may be stale, or job uses external apply).
[2026-07-08 11:26:57] [ERROR] Failed processing job card 16: 'NoneType' object is not subscriptable
[2026-07-08 11:26:57] --- Processing job 17/20 (term: 'Java Full Stack Developer') ---
[2026-07-08 11:26:57] Opening job: AI Fullstack Developer @ Zealogics.com
[2026-07-08 11:27:15] [WARN] Apply button not found/clickable (selector may be stale, or job uses external apply).
[2026-07-08 11:27:15] [ERROR] Failed processing job card 17: 'NoneType' object is not subscriptable
[2026-07-08 11:27:15] --- Processing job 18/20 (term: 'Java Full Stack Developer') ---
[2026-07-08 11:27:15] Opening job: Full Stack Developers @ Lorven Technologies
[2026-07-08 11:27:33] [WARN] Apply button not found/clickable (selector may be stale, or job uses external apply).
[2026-07-08 11:27:33] [ERROR] Failed processing job card 18: 'NoneType' object is not subscriptable
[2026-07-08 11:27:33] --- Processing job 19/20 (term: 'Java Full Stack Developer') ---
[2026-07-08 11:27:33] Opening job: Senior Full Stack Developer @ Protracon Technologies
[2026-07-08 11:27:51] [WARN] Apply button not found/clickable (selector may be stale, or job uses external apply).
[2026-07-08 11:27:51] [ERROR] Failed processing job card 19: 'NoneType' object is not subscriptable
[2026-07-08 11:27:51] --- Processing job 20/20 (term: 'Java Full Stack Developer') ---
[2026-07-08 11:27:51] Opening job: SDE I - Full Stack @ Viralme
[2026-07-08 11:28:09] [WARN] Apply button not found/clickable (selector may be stale, or job uses external apply).
[2026-07-08 11:28:09] [ERROR] Failed processing job card 20: 'NoneType' object is not subscriptable
[2026-07-08 11:28:09] ═══ Searching: 'Senior Java Full Stack Developer' ═══
[2026-07-08 11:28:09] Navigating to job search results for 'Senior Java Full Stack Developer': https://www.naukri.com/senior-java-full-stack-developer-jobs?k=Senior+Java+Full+Stack+Developer&experience=4&wfhType=2
[2026-07-08 11:28:12] Job listings loaded.
[2026-07-08 11:28:20] [WARN] Could not find the 'Easy Apply' sidebar checkbox — selector may be stale, verify EASY_APPLY_CHECKBOX_SEL against the live page.
[2026-07-08 11:28:20] Found 20 job card(s) for 'Senior Java Full Stack Developer'.
[2026-07-08 11:28:20] --- Processing job 1/20 (term: 'Senior Java Full Stack Developer') ---
[2026-07-08 11:28:20] Opening job: Senior Laravel Developer @ Webanaya Solutions
[2026-07-08 11:28:38] [WARN] Apply button not found/clickable (selector may be stale, or job uses external apply).
[2026-07-08 11:28:38] [ERROR] Failed processing job card 1: 'NoneType' object is not subscriptable
[2026-07-08 11:28:38] --- Processing job 2/20 (term: 'Senior Java Full Stack Developer') ---
[2026-07-08 11:28:38] Opening job: Senior Java Developers @ ANTI-Ai PRIVATE LIMITED
[2026-07-08 11:28:56] [WARN] Apply button not found/clickable (selector may be stale, or job uses external apply).
[2026-07-08 11:28:56] [ERROR] Failed processing job card 2: 'NoneType' object is not subscriptable
[2026-07-08 11:28:56] --- Processing job 3/20 (term: 'Senior Java Full Stack Developer') ---
[2026-07-08 11:28:56] Opening job: Senior Full-Stack Developer @ Gosotek Technologies
[2026-07-08 11:29:14] [WARN] Apply button not found/clickable (selector may be stale, or job uses external apply).
[2026-07-08 11:29:14] [ERROR] Failed processing job card 3: 'NoneType' object is not subscriptable
[2026-07-08 11:29:14] --- Processing job 4/20 (term: 'Senior Java Full Stack Developer') ---
[2026-07-08 11:29:14] Opening job: Senior Java Developer @ Bluesoft Software Solution
[2026-07-08 11:29:32] [WARN] Apply button not found/clickable (selector may be stale, or job uses external apply).
[2026-07-08 11:29:32] [ERROR] Failed processing job card 4: 'NoneType' object is not subscriptable
[2026-07-08 11:29:32] --- Processing job 5/20 (term: 'Senior Java Full Stack Developer') ---
[2026-07-08 11:29:32] Opening job: Senior Software Engineer @ Zuddl
[2026-07-08 11:29:50] [WARN] Apply button not found/clickable (selector may be stale, or job uses external apply).
[2026-07-08 11:29:50] [ERROR] Failed processing job card 5: 'NoneType' object is not subscriptable
[2026-07-08 11:29:50] --- Processing job 6/20 (term: 'Senior Java Full Stack Developer') ---
[2026-07-08 11:29:50] Opening job: Senior Mendix Developer @ Sagous
[2026-07-08 11:30:08] [WARN] Apply button not found/clickable (selector may be stale, or job uses external apply).
[2026-07-08 11:30:08] [ERROR] Failed processing job card 6: 'NoneType' object is not subscriptable
[2026-07-08 11:30:08] --- Processing job 7/20 (term: 'Senior Java Full Stack Developer') ---
[2026-07-08 11:30:08] Opening job: Full Stack Developer @ E Tech Software
[2026-07-08 11:30:26] [WARN] Apply button not found/clickable (selector may be stale, or job uses external apply).
[2026-07-08 11:30:26] [ERROR] Failed processing job card 7: 'NoneType' object is not subscriptable
[2026-07-08 11:30:26] --- Processing job 8/20 (term: 'Senior Java Full Stack Developer') ---
[2026-07-08 11:30:26] Opening job: Senior Java Developer @ Harris Global Business Services
[2026-07-08 11:30:44] [WARN] Apply button not found/clickable (selector may be stale, or job uses external apply).
[2026-07-08 11:30:44] [ERROR] Failed processing job card 8: 'NoneType' object is not subscriptable
[2026-07-08 11:30:44] --- Processing job 9/20 (term: 'Senior Java Full Stack Developer') ---
[2026-07-08 11:30:44] Opening job: Senior Java Developer @ Harris Healthcare
[2026-07-08 11:31:02] [WARN] Apply button not found/clickable (selector may be stale, or job uses external apply).
[2026-07-08 11:31:02] [ERROR] Failed processing job card 9: 'NoneType' object is not subscriptable
[2026-07-08 11:31:02] --- Processing job 10/20 (term: 'Senior Java Full Stack Developer') ---
[2026-07-08 11:31:02] Opening job: BPI Developer Sr Developer @ Sparix Global
[2026-07-08 11:31:20] [WARN] Apply button not found/clickable (selector may be stale, or job uses external apply).
[2026-07-08 11:31:20] [ERROR] Failed processing job card 10: 'NoneType' object is not subscriptable
[2026-07-08 11:31:20] --- Processing job 11/20 (term: 'Senior Java Full Stack Developer') ---
[2026-07-08 11:31:20] Opening job: Java Full Stack Developer @ Uventure
[2026-07-08 11:31:38] [WARN] Apply button not found/clickable (selector may be stale, or job uses external apply).
[2026-07-08 11:31:38] [ERROR] Failed processing job card 11: 'NoneType' object is not subscriptable
[2026-07-08 11:31:38] --- Processing job 12/20 (term: 'Senior Java Full Stack Developer') ---
[2026-07-08 11:31:38] Opening job: BPI Developer / Senior Developer @ Sparix Global
[2026-07-08 11:31:56] [WARN] Apply button not found/clickable (selector may be stale, or job uses external apply).
[2026-07-08 11:31:56] [ERROR] Failed processing job card 12: 'NoneType' object is not subscriptable
[2026-07-08 11:31:56] --- Processing job 13/20 (term: 'Senior Java Full Stack Developer') ---
[2026-07-08 11:31:56] Opening job: Full Stack Developer - Grant Management Platform - Pan india @ Social Alpha
[2026-07-08 11:32:14] [WARN] Apply button not found/clickable (selector may be stale, or job uses external apply).
[2026-07-08 11:32:14] [ERROR] Failed processing job card 13: 'NoneType' object is not subscriptable
[2026-07-08 11:32:14] --- Processing job 14/20 (term: 'Senior Java Full Stack Developer') ---
[2026-07-08 11:32:14] Opening job: Senior Software Engineer, Full Stack @ Mostudio
[2026-07-08 11:32:32] [WARN] Apply button not found/clickable (selector may be stale, or job uses external apply).
[2026-07-08 11:32:32] [ERROR] Failed processing job card 14: 'NoneType' object is not subscriptable
[2026-07-08 11:32:32] --- Processing job 15/20 (term: 'Senior Java Full Stack Developer') ---
[2026-07-08 11:32:32] Opening job: Senior Full Stack Java Software Engineer @ Global Business Ser 4u
[2026-07-08 11:32:50] [WARN] Apply button not found/clickable (selector may be stale, or job uses external apply).
[2026-07-08 11:32:50] [ERROR] Failed processing job card 15: 'NoneType' object is not subscriptable
[2026-07-08 11:32:50] --- Processing job 16/20 (term: 'Senior Java Full Stack Developer') ---
[2026-07-08 11:32:50] Opening job: Full stack Architect(freelancer/consultant) @ Codevian Technologies
[2026-07-08 11:33:08] [WARN] Apply button not found/clickable (selector may be stale, or job uses external apply).
[2026-07-08 11:33:08] [ERROR] Failed processing job card 16: 'NoneType' object is not subscriptable
[2026-07-08 11:33:08] --- Processing job 17/20 (term: 'Senior Java Full Stack Developer') ---
[2026-07-08 11:33:08] Opening job: Senior Full Stack Developer @ Protracon Technologies
[2026-07-08 11:33:25] [WARN] Apply button not found/clickable (selector may be stale, or job uses external apply).
[2026-07-08 11:33:26] [ERROR] Failed processing job card 17: 'NoneType' object is not subscriptable
[2026-07-08 11:33:26] --- Processing job 18/20 (term: 'Senior Java Full Stack Developer') ---
[2026-07-08 11:33:26] Opening job: Senior Software Developer Applications @ Learntastic
[2026-07-08 11:33:43] [WARN] Apply button not found/clickable (selector may be stale, or job uses external apply).
[2026-07-08 11:33:43] [ERROR] Failed processing job card 18: 'NoneType' object is not subscriptable
[2026-07-08 11:33:43] --- Processing job 19/20 (term: 'Senior Java Full Stack Developer') ---
[2026-07-08 11:33:44] Opening job: Java Developer(associate and senior Associate ) @ Insignia Consultancy Solutions
[2026-07-08 11:34:01] [WARN] Apply button not found/clickable (selector may be stale, or job uses external apply).
[2026-07-08 11:34:01] [ERROR] Failed processing job card 19: 'NoneType' object is not subscriptable
[2026-07-08 11:34:01] --- Processing job 20/20 (term: 'Senior Java Full Stack Developer') ---
[2026-07-08 11:34:02] Opening job: Sr. java developers (2+) @ Nexgeniot
[2026-07-08 11:34:19] [WARN] Apply button not found/clickable (selector may be stale, or job uses external apply).
[2026-07-08 11:34:19] [ERROR] Failed processing job card 20: 'NoneType' object is not subscriptable
[2026-07-08 11:34:19] ═══ Searching: 'Java Developer' ═══
[2026-07-08 11:34:19] Navigating to job search results for 'Java Developer': https://www.naukri.com/java-developer-jobs?k=Java+Developer&experience=4&wfhType=2
[2026-07-08 11:34:22] Job listings loaded.
[2026-07-08 11:34:30] [WARN] Could not find the 'Easy Apply' sidebar checkbox — selector may be stale, verify EASY_APPLY_CHECKBOX_SEL against the live page.
[2026-07-08 11:34:30] Found 20 job card(s) for 'Java Developer'.
[2026-07-08 11:34:30] --- Processing job 1/20 (term: 'Java Developer') ---
[2026-07-08 11:34:30] Opening job: Java Developer @ Auxirem Technology
[2026-07-08 11:34:48] [WARN] Apply button not found/clickable (selector may be stale, or job uses external apply).
[2026-07-08 11:34:48] [ERROR] Failed processing job card 1: 'NoneType' object is not subscriptable
[2026-07-08 11:34:48] --- Processing job 2/20 (term: 'Java Developer') ---
[2026-07-08 11:34:48] Opening job: Java Developer @ Webnexus
[2026-07-08 11:35:06] [WARN] Apply button not found/clickable (selector may be stale, or job uses external apply).
[2026-07-08 11:35:06] [ERROR] Failed processing job card 2: 'NoneType' object is not subscriptable
[2026-07-08 11:35:06] --- Processing job 3/20 (term: 'Java Developer') ---
[2026-07-08 11:35:06] Opening job: Java Developer @ Nexdew Technologies
[2026-07-08 11:35:24] [WARN] Apply button not found/clickable (selector may be stale, or job uses external apply).
[2026-07-08 11:35:24] [ERROR] Failed processing job card 3: 'NoneType' object is not subscriptable
[2026-07-08 11:35:24] --- Processing job 4/20 (term: 'Java Developer') ---
[2026-07-08 11:35:24] Opening job: Java Developer @ MNJ Software
[2026-07-08 11:35:41] [WARN] Apply button not found/clickable (selector may be stale, or job uses external apply).
[2026-07-08 11:35:42] [ERROR] Failed processing job card 4: 'NoneType' object is not subscriptable
[2026-07-08 11:35:42] --- Processing job 5/20 (term: 'Java Developer') ---
[2026-07-08 11:35:42] Opening job: Java Developer @ Ovitech Solutions
[2026-07-08 11:36:00] [WARN] Apply button not found/clickable (selector may be stale, or job uses external apply).
[2026-07-08 11:36:00] [ERROR] Failed processing job card 5: 'NoneType' object is not subscriptable
[2026-07-08 11:36:00] --- Processing job 6/20 (term: 'Java Developer') ---
[2026-07-08 11:36:00] Opening job: Java Developer @ Crayontek
[2026-07-08 11:36:18] [WARN] Apply button not found/clickable (selector may be stale, or job uses external apply).
[2026-07-08 11:36:18] [ERROR] Failed processing job card 6: 'NoneType' object is not subscriptable
[2026-07-08 11:36:18] --- Processing job 7/20 (term: 'Java Developer') ---
[2026-07-08 11:36:18] Opening job: Java Developer @ Weitglobal
[2026-07-08 11:36:36] [WARN] Apply button not found/clickable (selector may be stale, or job uses external apply).
[2026-07-08 11:36:36] [ERROR] Failed processing job card 7: 'NoneType' object is not subscriptable
[2026-07-08 11:36:36] --- Processing job 8/20 (term: 'Java Developer') ---
[2026-07-08 11:36:36] Opening job: Java Developer @ Recruitly
[2026-07-08 11:36:54] [WARN] Apply button not found/clickable (selector may be stale, or job uses external apply).
[2026-07-08 11:36:54] [ERROR] Failed processing job card 8: 'NoneType' object is not subscriptable
[2026-07-08 11:36:54] --- Processing job 9/20 (term: 'Java Developer') ---
[2026-07-08 11:36:54] Opening job: Java Developer @ Yellow Sapphire
[2026-07-08 11:37:11] [WARN] Apply button not found/clickable (selector may be stale, or job uses external apply).
[2026-07-08 11:37:12] [ERROR] Failed processing job card 9: 'NoneType' object is not subscriptable
[2026-07-08 11:37:12] --- Processing job 10/20 (term: 'Java Developer') ---
[2026-07-08 11:37:12] Opening job: Java Developer with AI Focus @ Verdantis
[2026-07-08 11:37:29] [WARN] Apply button not found/clickable (selector may be stale, or job uses external apply).
[2026-07-08 11:37:30] [ERROR] Failed processing job card 10: 'NoneType' object is not subscriptable
[2026-07-08 11:37:30] --- Processing job 11/20 (term: 'Java Developer') ---
[2026-07-08 11:37:30] Opening job: Java Developers @ JK Lucent
[2026-07-08 11:37:47] [WARN] Apply button not found/clickable (selector may be stale, or job uses external apply).
[2026-07-08 11:37:48] [ERROR] Failed processing job card 11: 'NoneType' object is not subscriptable
[2026-07-08 11:37:48] --- Processing job 12/20 (term: 'Java Developer') ---
[2026-07-08 11:37:48] Opening job: Mid Experience Java Developer @ Crayontek
[2026-07-08 11:38:05] [WARN] Apply button not found/clickable (selector may be stale, or job uses external apply).
[2026-07-08 11:38:06] [ERROR] Failed processing job card 12: 'NoneType' object is not subscriptable
[2026-07-08 11:38:06] --- Processing job 13/20 (term: 'Java Developer') ---
[2026-07-08 11:38:06] Opening job: Java Developer @ Irisidea
[2026-07-08 11:38:24] [WARN] Apply button not found/clickable (selector may be stale, or job uses external apply).
[2026-07-08 11:38:24] [ERROR] Failed processing job card 13: 'NoneType' object is not subscriptable
[2026-07-08 11:38:24] --- Processing job 14/20 (term: 'Java Developer') ---
[2026-07-08 11:38:24] Opening job: Java Developers @ Sourcetrace Systems
[2026-07-08 11:38:41] [WARN] Apply button not found/clickable (selector may be stale, or job uses external apply).
[2026-07-08 11:38:42] [ERROR] Failed processing job card 14: 'NoneType' object is not subscriptable
[2026-07-08 11:38:42] --- Processing job 15/20 (term: 'Java Developer') ---
[2026-07-08 11:38:42] Opening job: Java Developer @ Iris Info
[2026-07-08 11:39:00] [WARN] Apply button not found/clickable (selector may be stale, or job uses external apply).
[2026-07-08 11:39:00] [ERROR] Failed processing job card 15: 'NoneType' object is not subscriptable
[2026-07-08 11:39:00] --- Processing job 16/20 (term: 'Java Developer') ---
[2026-07-08 11:39:00] Opening job: Java Developer @ NTK Creative Tech
[2026-07-08 11:39:17] [WARN] Apply button not found/clickable (selector may be stale, or job uses external apply).
[2026-07-08 11:39:18] [ERROR] Failed processing job card 16: 'NoneType' object is not subscriptable
[2026-07-08 11:39:18] --- Processing job 17/20 (term: 'Java Developer') ---
[2026-07-08 11:39:18] Opening job: Java Developer @ Gokool Software Labs
[2026-07-08 11:39:35] [WARN] Apply button not found/clickable (selector may be stale, or job uses external apply).
[2026-07-08 11:39:36] [ERROR] Failed processing job card 17: 'NoneType' object is not subscriptable
[2026-07-08 11:39:36] --- Processing job 18/20 (term: 'Java Developer') ---
[2026-07-08 11:39:36] Opening job: Java + Selenium Developer, Pan India @ Virtualware Innovations
[2026-07-08 11:39:54] [WARN] Apply button not found/clickable (selector may be stale, or job uses external apply).
[2026-07-08 11:39:54] [ERROR] Failed processing job card 18: 'NoneType' object is not subscriptable
[2026-07-08 11:39:54] --- Processing job 19/20 (term: 'Java Developer') ---
[2026-07-08 11:39:54] Opening job: Java Spark Developer @ Overture Rede
[2026-07-08 11:40:12] [WARN] Apply button not found/clickable (selector may be stale, or job uses external apply).
[2026-07-08 11:40:12] [ERROR] Failed processing job card 19: 'NoneType' object is not subscriptable
[2026-07-08 11:40:12] --- Processing job 20/20 (term: 'Java Developer') ---
[2026-07-08 11:40:12] Opening job: Java Mirco Services Developer @ Insignia Consultancy Solutions
[2026-07-08 11:40:30] [WARN] Apply button not found/clickable (selector may be stale, or job uses external apply).
[2026-07-08 11:40:30] [ERROR] Failed processing job card 20: 'NoneType' object is not subscriptable
[2026-07-08 11:40:30] ═══ Searching: 'Senior Java Developer' ═══
[2026-07-08 11:40:30] Navigating to job search results for 'Senior Java Developer': https://www.naukri.com/senior-java-developer-jobs?k=Senior+Java+Developer&experience=4&wfhType=2
[2026-07-08 11:40:32] Job listings loaded.
[2026-07-08 11:40:40] [WARN] Could not find the 'Easy Apply' sidebar checkbox — selector may be stale, verify EASY_APPLY_CHECKBOX_SEL against the live page.
[2026-07-08 11:40:40] Found 20 job card(s) for 'Senior Java Developer'.
[2026-07-08 11:40:40] --- Processing job 1/20 (term: 'Senior Java Developer') ---
[2026-07-08 11:40:41] Opening job: Senior Java Developers @ ANTI-Ai PRIVATE LIMITED
[2026-07-08 11:40:58] [WARN] Apply button not found/clickable (selector may be stale, or job uses external apply).
[2026-07-08 11:40:58] [ERROR] Failed processing job card 1: 'NoneType' object is not subscriptable
[2026-07-08 11:40:58] --- Processing job 2/20 (term: 'Senior Java Developer') ---
[2026-07-08 11:40:58] Opening job: Senior Java Developer @ Bluesoft Software Solution
[2026-07-08 11:41:16] [WARN] Apply button not found/clickable (selector may be stale, or job uses external apply).
[2026-07-08 11:41:16] [ERROR] Failed processing job card 2: 'NoneType' object is not subscriptable
[2026-07-08 11:41:16] --- Processing job 3/20 (term: 'Senior Java Developer') ---
[2026-07-08 11:41:16] Opening job: Sr. java developers (2+) @ Nexgeniot
[2026-07-08 11:41:34] [WARN] Apply button not found/clickable (selector may be stale, or job uses external apply).
[2026-07-08 11:41:34] [ERROR] Failed processing job card 3: 'NoneType' object is not subscriptable
[2026-07-08 11:41:34] --- Processing job 4/20 (term: 'Senior Java Developer') ---
[2026-07-08 11:41:34] Opening job: Sr. Java Developer @ MNJ Software
[2026-07-08 11:41:52] [WARN] Apply button not found/clickable (selector may be stale, or job uses external apply).
[2026-07-08 11:41:52] [ERROR] Failed processing job card 4: 'NoneType' object is not subscriptable
[2026-07-08 11:41:52] --- Processing job 5/20 (term: 'Senior Java Developer') ---
[2026-07-08 11:41:52] Opening job: Java Developer(associate and senior Associate ) @ Insignia Consultancy Solutions
[2026-07-08 11:42:10] [WARN] Apply button not found/clickable (selector may be stale, or job uses external apply).
[2026-07-08 11:42:10] [ERROR] Failed processing job card 5: 'NoneType' object is not subscriptable
[2026-07-08 11:42:10] --- Processing job 6/20 (term: 'Senior Java Developer') ---
[2026-07-08 11:42:10] Opening job: Senior Java Developer @ Harris Global Business Services
[2026-07-08 11:42:28] [WARN] Apply button not found/clickable (selector may be stale, or job uses external apply).
[2026-07-08 11:42:28] [ERROR] Failed processing job card 6: 'NoneType' object is not subscriptable
[2026-07-08 11:42:28] --- Processing job 7/20 (term: 'Senior Java Developer') ---
[2026-07-08 11:42:28] Opening job: Senior Java Developer @ Harris Healthcare
[2026-07-08 11:42:46] [WARN] Apply button not found/clickable (selector may be stale, or job uses external apply).
[2026-07-08 11:42:46] [ERROR] Failed processing job card 7: 'NoneType' object is not subscriptable
[2026-07-08 11:42:46] --- Processing job 8/20 (term: 'Senior Java Developer') ---
[2026-07-08 11:42:46] Opening job: Senior Java Developer @ Innovya Technologies
[2026-07-08 11:43:04] [WARN] Apply button not found/clickable (selector may be stale, or job uses external apply).
[2026-07-08 11:43:04] [ERROR] Failed processing job card 8: 'NoneType' object is not subscriptable
[2026-07-08 11:43:04] --- Processing job 9/20 (term: 'Senior Java Developer') ---
[2026-07-08 11:43:04] Opening job: Senior Java Developer @ Virtualware Innovations
[2026-07-08 11:43:22] [WARN] Apply button not found/clickable (selector may be stale, or job uses external apply).
[2026-07-08 11:43:22] [ERROR] Failed processing job card 9: 'NoneType' object is not subscriptable
[2026-07-08 11:43:22] --- Processing job 10/20 (term: 'Senior Java Developer') ---
[2026-07-08 11:43:22] Opening job: Senior Java Developer @ Virtualware Innovations
[2026-07-08 11:43:40] [WARN] Apply button not found/clickable (selector may be stale, or job uses external apply).
[2026-07-08 11:43:40] [ERROR] Failed processing job card 10: 'NoneType' object is not subscriptable
[2026-07-08 11:43:40] --- Processing job 11/20 (term: 'Senior Java Developer') ---
[2026-07-08 11:43:40] Opening job: Senior Software Engineer @ Niyati
[2026-07-08 11:43:58] [WARN] Apply button not found/clickable (selector may be stale, or job uses external apply).
[2026-07-08 11:43:58] [ERROR] Failed processing job card 11: 'NoneType' object is not subscriptable
[2026-07-08 11:43:58] --- Processing job 12/20 (term: 'Senior Java Developer') ---
[2026-07-08 11:43:58] Opening job: Senior Software Engineer @ Zuddl
[2026-07-08 11:44:16] [WARN] Apply button not found/clickable (selector may be stale, or job uses external apply).
[2026-07-08 11:44:16] [ERROR] Failed processing job card 12: 'NoneType' object is not subscriptable
[2026-07-08 11:44:16] --- Processing job 13/20 (term: 'Senior Java Developer') ---
[2026-07-08 11:44:16] Opening job: Software Engineer @ Versante Software Technologies
[2026-07-08 11:44:34] [WARN] Apply button not found/clickable (selector may be stale, or job uses external apply).
[2026-07-08 11:44:34] [ERROR] Failed processing job card 13: 'NoneType' object is not subscriptable
[2026-07-08 11:44:34] --- Processing job 14/20 (term: 'Senior Java Developer') ---
[2026-07-08 11:44:34] Opening job: Senior Laravel Developer @ Webanaya Solutions
[2026-07-08 11:44:52] [WARN] Apply button not found/clickable (selector may be stale, or job uses external apply).
[2026-07-08 11:44:52] [ERROR] Failed processing job card 14: 'NoneType' object is not subscriptable
[2026-07-08 11:44:52] --- Processing job 15/20 (term: 'Senior Java Developer') ---
[2026-07-08 11:44:52] Opening job: Senior Full-Stack Developer @ Gosotek Technologies
[2026-07-08 11:45:10] [WARN] Apply button not found/clickable (selector may be stale, or job uses external apply).
[2026-07-08 11:45:10] [ERROR] Failed processing job card 15: 'NoneType' object is not subscriptable
[2026-07-08 11:45:10] --- Processing job 16/20 (term: 'Senior Java Developer') ---
[2026-07-08 11:45:10] Opening job: Senior Engineer, PHP Drupal @ Nagarro
[2026-07-08 11:45:28] [WARN] Apply button not found/clickable (selector may be stale, or job uses external apply).
[2026-07-08 11:45:28] [ERROR] Failed processing job card 16: 'NoneType' object is not subscriptable
[2026-07-08 11:45:28] --- Processing job 17/20 (term: 'Senior Java Developer') ---
[2026-07-08 11:45:28] Opening job: Senior Full Stack Developer @ Protracon Technologies
[2026-07-08 11:45:46] [WARN] Apply button not found/clickable (selector may be stale, or job uses external apply).
[2026-07-08 11:45:46] [ERROR] Failed processing job card 17: 'NoneType' object is not subscriptable
[2026-07-08 11:45:46] --- Processing job 18/20 (term: 'Senior Java Developer') ---
[2026-07-08 11:45:46] Opening job: Senior Software Developer @ Sahajseva Digital Consultancy
[2026-07-08 11:46:04] [WARN] Apply button not found/clickable (selector may be stale, or job uses external apply).
[2026-07-08 11:46:04] [ERROR] Failed processing job card 18: 'NoneType' object is not subscriptable
[2026-07-08 11:46:04] --- Processing job 19/20 (term: 'Senior Java Developer') ---
[2026-07-08 11:46:04] Opening job: Senior Python Engineer @ Ciklum
[2026-07-08 11:46:22] [WARN] Apply button not found/clickable (selector may be stale, or job uses external apply).
[2026-07-08 11:46:22] [ERROR] Failed processing job card 19: 'NoneType' object is not subscriptable
[2026-07-08 11:46:22] --- Processing job 20/20 (term: 'Senior Java Developer') ---
[2026-07-08 11:46:22] Opening job: Senior Software Developer Applications @ Learntastic
[2026-07-08 11:46:40] [WARN] Apply button not found/clickable (selector may be stale, or job uses external apply).
[2026-07-08 11:46:40] [ERROR] Failed processing job card 20: 'NoneType' object is not subscriptable
[2026-07-08 11:46:40] ═══ Searching: 'Spring Boot Developer' ═══
[2026-07-08 11:46:40] Navigating to job search results for 'Spring Boot Developer': https://www.naukri.com/spring-boot-developer-jobs?k=Spring+Boot+Developer&experience=4&wfhType=2
[2026-07-08 11:46:43] Job listings loaded.
[2026-07-08 11:46:51] [WARN] Could not find the 'Easy Apply' sidebar checkbox — selector may be stale, verify EASY_APPLY_CHECKBOX_SEL against the live page.
[2026-07-08 11:46:51] Found 20 job card(s) for 'Spring Boot Developer'.
[2026-07-08 11:46:51] --- Processing job 1/20 (term: 'Spring Boot Developer') ---
[2026-07-08 11:46:51] Opening job: Java Developer @ Nexdew Technologies
[2026-07-08 11:47:09] [WARN] Apply button not found/clickable (selector may be stale, or job uses external apply).
[2026-07-08 11:47:09] [ERROR] Failed processing job card 1: 'NoneType' object is not subscriptable
[2026-07-08 11:47:09] --- Processing job 2/20 (term: 'Spring Boot Developer') ---
[2026-07-08 11:47:09] Opening job: Java Developer @ Webnexus
[2026-07-08 11:47:27] [WARN] Apply button not found/clickable (selector may be stale, or job uses external apply).
[2026-07-08 11:47:27] [ERROR] Failed processing job card 2: 'NoneType' object is not subscriptable
[2026-07-08 11:47:27] --- Processing job 3/20 (term: 'Spring Boot Developer') ---
[2026-07-08 11:47:27] Opening job: Software Developer (Full Stack) @ Techno Earth
[2026-07-08 11:47:45] [WARN] Apply button not found/clickable (selector may be stale, or job uses external apply).
[2026-07-08 11:47:45] [ERROR] Failed processing job card 3: 'NoneType' object is not subscriptable
[2026-07-08 11:47:45] --- Processing job 4/20 (term: 'Spring Boot Developer') ---
[2026-07-08 11:47:45] Opening job: Backend Developer (MERN | PostgreSQL) @ Stacklab
[2026-07-08 11:48:03] [WARN] Apply button not found/clickable (selector may be stale, or job uses external apply).
[2026-07-08 11:48:03] [ERROR] Failed processing job card 4: 'NoneType' object is not subscriptable
[2026-07-08 11:48:03] --- Processing job 5/20 (term: 'Spring Boot Developer') ---
[2026-07-08 11:48:03] Opening job: AI Fullstack Developer @ Zealogics.com
[2026-07-08 11:48:21] [WARN] Apply button not found/clickable (selector may be stale, or job uses external apply).
[2026-07-08 11:48:21] [ERROR] Failed processing job card 5: 'NoneType' object is not subscriptable
[2026-07-08 11:48:21] --- Processing job 6/20 (term: 'Spring Boot Developer') ---
[2026-07-08 11:48:21] Opening job: Senior Software Engineer @ Niyati
[2026-07-08 11:48:39] [WARN] Apply button not found/clickable (selector may be stale, or job uses external apply).
[2026-07-08 11:48:39] [ERROR] Failed processing job card 6: 'NoneType' object is not subscriptable
[2026-07-08 11:48:39] --- Processing job 7/20 (term: 'Spring Boot Developer') ---
[2026-07-08 11:48:39] Opening job: Full Stack Developers @ Lorven Technologies
[2026-07-08 11:48:57] [WARN] Apply button not found/clickable (selector may be stale, or job uses external apply).
[2026-07-08 11:48:57] [ERROR] Failed processing job card 7: 'NoneType' object is not subscriptable
[2026-07-08 11:48:57] --- Processing job 8/20 (term: 'Spring Boot Developer') ---
[2026-07-08 11:48:57] Opening job: Associate Staff Engineer, Frontend AngularJS @ Nagarro
[2026-07-08 11:49:14] [WARN] Apply button not found/clickable (selector may be stale, or job uses external apply).
[2026-07-08 11:49:15] [ERROR] Failed processing job card 8: 'NoneType' object is not subscriptable
[2026-07-08 11:49:15] --- Processing job 9/20 (term: 'Spring Boot Developer') ---
[2026-07-08 11:49:15] Opening job: Associate Staff Engineer, Cloud @ Nagarro
[2026-07-08 11:49:32] [WARN] Apply button not found/clickable (selector may be stale, or job uses external apply).
[2026-07-08 11:49:32] [ERROR] Failed processing job card 9: 'NoneType' object is not subscriptable
[2026-07-08 11:49:32] --- Processing job 10/20 (term: 'Spring Boot Developer') ---
[2026-07-08 11:49:33] Opening job: Full-Stack Software Engineer @ Divyan Technologies Lucknow
[2026-07-08 11:49:50] [WARN] Apply button not found/clickable (selector may be stale, or job uses external apply).
[2026-07-08 11:49:50] [ERROR] Failed processing job card 10: 'NoneType' object is not subscriptable
[2026-07-08 11:49:50] --- Processing job 11/20 (term: 'Spring Boot Developer') ---
[2026-07-08 11:49:50] Opening job: Full Stack Developer || Freshers Also Apply @ Prism Data Solutions
[2026-07-08 11:49:57] Entering handle_chatbot_question. Non-interactive mode: False
[2026-07-08 11:50:06] No chatbot questionnaire detected (or didn't load within 8s).
[2026-07-08 11:50:07] [ERROR] Failed processing job card 11: 'NoneType' object is not subscriptable
[2026-07-08 11:50:07] --- Processing job 12/20 (term: 'Spring Boot Developer') ---
[2026-07-08 11:50:07] Opening job: Senior Full Stack Developer @ Protracon Technologies
[2026-07-08 11:50:25] [WARN] Apply button not found/clickable (selector may be stale, or job uses external apply).
[2026-07-08 11:50:25] [ERROR] Failed processing job card 12: 'NoneType' object is not subscriptable
[2026-07-08 11:50:25] --- Processing job 13/20 (term: 'Spring Boot Developer') ---
[2026-07-08 11:50:25] Opening job: SDE I - Full Stack @ Viralme
[2026-07-08 11:50:43] [WARN] Apply button not found/clickable (selector may be stale, or job uses external apply).
[2026-07-08 11:50:43] [ERROR] Failed processing job card 13: 'NoneType' object is not subscriptable
[2026-07-08 11:50:43] --- Processing job 14/20 (term: 'Spring Boot Developer') ---
[2026-07-08 11:50:43] Opening job: Full Stack Developer @ Avomind
[2026-07-08 11:51:01] [WARN] Apply button not found/clickable (selector may be stale, or job uses external apply).
[2026-07-08 11:51:01] [ERROR] Failed processing job card 14: 'NoneType' object is not subscriptable
[2026-07-08 11:51:01] --- Processing job 15/20 (term: 'Spring Boot Developer') ---
[2026-07-08 11:51:01] Opening job: Java Developer @ Auxirem Technology
[2026-07-08 11:51:19] [WARN] Apply button not found/clickable (selector may be stale, or job uses external apply).
[2026-07-08 11:51:19] [ERROR] Failed processing job card 15: 'NoneType' object is not subscriptable
[2026-07-08 11:51:19] --- Processing job 16/20 (term: 'Spring Boot Developer') ---
[2026-07-08 11:51:19] Opening job: Associate Staff Engineer, Mobile Cross Platform @ Nagarro
[2026-07-08 11:51:37] [WARN] Apply button not found/clickable (selector may be stale, or job uses external apply).
[2026-07-08 11:51:37] [ERROR] Failed processing job card 16: 'NoneType' object is not subscriptable
[2026-07-08 11:51:37] --- Processing job 17/20 (term: 'Spring Boot Developer') ---
[2026-07-08 11:51:37] Opening job: Associate Staff Engineer, .Net Web @ Nagarro
[2026-07-08 11:51:54] [WARN] Apply button not found/clickable (selector may be stale, or job uses external apply).
[2026-07-08 11:51:54] [ERROR] Failed processing job card 17: 'NoneType' object is not subscriptable
[2026-07-08 11:51:54] --- Processing job 18/20 (term: 'Spring Boot Developer') ---
[2026-07-08 11:51:55] Opening job: Full Stack Developer @ BSH Technologies
[2026-07-08 11:52:12] [WARN] Apply button not found/clickable (selector may be stale, or job uses external apply).
[2026-07-08 11:52:12] [ERROR] Failed processing job card 18: 'NoneType' object is not subscriptable
[2026-07-08 11:52:12] --- Processing job 19/20 (term: 'Spring Boot Developer') ---
[2026-07-08 11:52:12] Opening job: Full Stack Developer @ Genus Healthcare Solution And It Consulting
[2026-07-08 11:52:30] [WARN] Apply button not found/clickable (selector may be stale, or job uses external apply).
[2026-07-08 11:52:30] [ERROR] Failed processing job card 19: 'NoneType' object is not subscriptable
[2026-07-08 11:52:30] --- Processing job 20/20 (term: 'Spring Boot Developer') ---
[2026-07-08 11:52:30] Opening job: Full-Stack Engineer (AI-Native) @ Commerciax Infotech
[2026-07-08 11:52:48] [WARN] Apply button not found/clickable (selector may be stale, or job uses external apply).
[2026-07-08 11:52:48] [ERROR] Failed processing job card 20: 'NoneType' object is not subscriptable
[2026-07-08 11:52:48] ═══ Searching: 'Java Microservices Developer' ═══
[2026-07-08 11:52:48] Navigating to job search results for 'Java Microservices Developer': https://www.naukri.com/java-microservices-developer-jobs?k=Java+Microservices+Developer&experience=4&wfhType=2
[2026-07-08 11:52:50] Job listings loaded.
[2026-07-08 11:52:59] [WARN] Could not find the 'Easy Apply' sidebar checkbox — selector may be stale, verify EASY_APPLY_CHECKBOX_SEL against the live page.
[2026-07-08 11:52:59] Found 20 job card(s) for 'Java Microservices Developer'.
[2026-07-08 11:52:59] --- Processing job 1/20 (term: 'Java Microservices Developer') ---
[2026-07-08 11:52:59] Opening job: Java + Microservices Developers, Pan India @ Virtualware Innovations
[2026-07-08 11:53:17] [WARN] Apply button not found/clickable (selector may be stale, or job uses external apply).
[2026-07-08 11:53:17] [ERROR] Failed processing job card 1: 'NoneType' object is not subscriptable
[2026-07-08 11:53:17] --- Processing job 2/20 (term: 'Java Microservices Developer') ---
[2026-07-08 11:53:17] Opening job: Java + Microservices Developers @ Virtualware Innovations
[2026-07-08 11:53:35] [WARN] Apply button not found/clickable (selector may be stale, or job uses external apply).
[2026-07-08 11:53:35] [ERROR] Failed processing job card 2: 'NoneType' object is not subscriptable
[2026-07-08 11:53:35] --- Processing job 3/20 (term: 'Java Microservices Developer') ---
[2026-07-08 11:53:36] Opening job: Java Developer @ Nexdew Technologies
[2026-07-08 11:53:54] [WARN] Apply button not found/clickable (selector may be stale, or job uses external apply).
[2026-07-08 11:53:54] [ERROR] Failed processing job card 3: 'NoneType' object is not subscriptable
[2026-07-08 11:53:54] --- Processing job 4/20 (term: 'Java Microservices Developer') ---
[2026-07-08 11:53:54] Opening job: Java Developer @ Webnexus
[2026-07-08 11:54:12] [WARN] Apply button not found/clickable (selector may be stale, or job uses external apply).
[2026-07-08 11:54:12] [ERROR] Failed processing job card 4: 'NoneType' object is not subscriptable
[2026-07-08 11:54:12] --- Processing job 5/20 (term: 'Java Microservices Developer') ---
[2026-07-08 11:54:12] Opening job: Software Developer (Full Stack) @ Techno Earth
[2026-07-08 11:54:30] [WARN] Apply button not found/clickable (selector may be stale, or job uses external apply).
[2026-07-08 11:54:30] [ERROR] Failed processing job card 5: 'NoneType' object is not subscriptable
[2026-07-08 11:54:30] --- Processing job 6/20 (term: 'Java Microservices Developer') ---
[2026-07-08 11:54:31] Opening job: Backend Developer (MERN | PostgreSQL) @ Stacklab
[2026-07-08 11:54:49] [WARN] Apply button not found/clickable (selector may be stale, or job uses external apply).
[2026-07-08 11:54:49] [ERROR] Failed processing job card 6: 'NoneType' object is not subscriptable
[2026-07-08 11:54:49] --- Processing job 7/20 (term: 'Java Microservices Developer') ---
[2026-07-08 11:54:49] Opening job: Associate Staff Engineer, Frontend AngularJS @ Nagarro
[2026-07-08 11:55:07] [WARN] Apply button not found/clickable (selector may be stale, or job uses external apply).
[2026-07-08 11:55:07] [ERROR] Failed processing job card 7: 'NoneType' object is not subscriptable
[2026-07-08 11:55:07] --- Processing job 8/20 (term: 'Java Microservices Developer') ---
[2026-07-08 11:55:07] Opening job: Associate Staff Engineer, Cloud @ Nagarro
[2026-07-08 11:55:25] [WARN] Apply button not found/clickable (selector may be stale, or job uses external apply).
[2026-07-08 11:55:25] [ERROR] Failed processing job card 8: 'NoneType' object is not subscriptable
[2026-07-08 11:55:25] --- Processing job 9/20 (term: 'Java Microservices Developer') ---
[2026-07-08 11:55:26] Opening job: Full-Stack Software Engineer @ Divyan Technologies Lucknow
[2026-07-08 11:55:44] [WARN] Apply button not found/clickable (selector may be stale, or job uses external apply).
[2026-07-08 11:55:44] [ERROR] Failed processing job card 9: 'NoneType' object is not subscriptable
[2026-07-08 11:55:44] --- Processing job 10/20 (term: 'Java Microservices Developer') ---
[2026-07-08 11:55:44] Opening job: Associate Staff Engineer, Python @ Nagarro
[2026-07-08 11:56:02] [WARN] Apply button not found/clickable (selector may be stale, or job uses external apply).
[2026-07-08 11:56:02] [ERROR] Failed processing job card 10: 'NoneType' object is not subscriptable
[2026-07-08 11:56:02] --- Processing job 11/20 (term: 'Java Microservices Developer') ---
[2026-07-08 11:56:02] Opening job: Java Developer @ Auxirem Technology
[2026-07-08 11:56:20] [WARN] Apply button not found/clickable (selector may be stale, or job uses external apply).
[2026-07-08 11:56:20] [ERROR] Failed processing job card 11: 'NoneType' object is not subscriptable
[2026-07-08 11:56:20] --- Processing job 12/20 (term: 'Java Microservices Developer') ---
[2026-07-08 11:56:20] Opening job: Associate Staff Engineer, Mainframe @ Nagarro
[2026-07-08 11:56:39] [WARN] Apply button not found/clickable (selector may be stale, or job uses external apply).
[2026-07-08 11:56:39] [ERROR] Failed processing job card 12: 'NoneType' object is not subscriptable
[2026-07-08 11:56:39] --- Processing job 13/20 (term: 'Java Microservices Developer') ---
[2026-07-08 11:56:39] Opening job: Associate Staff Engineer, .Net Web @ Nagarro
[2026-07-08 11:56:57] [WARN] Apply button not found/clickable (selector may be stale, or job uses external apply).
[2026-07-08 11:56:57] [ERROR] Failed processing job card 13: 'NoneType' object is not subscriptable
[2026-07-08 11:56:57] --- Processing job 14/20 (term: 'Java Microservices Developer') ---
[2026-07-08 11:56:57] Opening job: Associate Staff Engineer, PHP Drupal @ Nagarro
[2026-07-08 11:57:15] [WARN] Apply button not found/clickable (selector may be stale, or job uses external apply).
[2026-07-08 11:57:15] [ERROR] Failed processing job card 14: 'NoneType' object is not subscriptable
[2026-07-08 11:57:15] --- Processing job 15/20 (term: 'Java Microservices Developer') ---
[2026-07-08 11:57:15] Opening job: Associate Staff Engineer, ERP @ Nagarro
[2026-07-08 11:57:34] [WARN] Apply button not found/clickable (selector may be stale, or job uses external apply).
[2026-07-08 11:57:34] [ERROR] Failed processing job card 15: 'NoneType' object is not subscriptable
[2026-07-08 11:57:34] --- Processing job 16/20 (term: 'Java Microservices Developer') ---
[2026-07-08 11:57:34] Opening job: Associate Staff Engineer, Sharepoint @ Nagarro
[2026-07-08 11:57:52] [WARN] Apply button not found/clickable (selector may be stale, or job uses external apply).
[2026-07-08 11:57:52] [ERROR] Failed processing job card 16: 'NoneType' object is not subscriptable
[2026-07-08 11:57:52] --- Processing job 17/20 (term: 'Java Microservices Developer') ---
[2026-07-08 11:57:52] Opening job: Associate Staff Engineer, PHP Magento @ Nagarro
[2026-07-08 11:58:10] [WARN] Apply button not found/clickable (selector may be stale, or job uses external apply).
[2026-07-08 11:58:10] [ERROR] Failed processing job card 17: 'NoneType' object is not subscriptable
[2026-07-08 11:58:10] --- Processing job 18/20 (term: 'Java Microservices Developer') ---
[2026-07-08 11:58:10] Opening job: Associate Staff Engineer, Frontend @ Nagarro
[2026-07-08 11:58:28] [WARN] Apply button not found/clickable (selector may be stale, or job uses external apply).
[2026-07-08 11:58:29] [ERROR] Failed processing job card 18: 'NoneType' object is not subscriptable
[2026-07-08 11:58:29] --- Processing job 19/20 (term: 'Java Microservices Developer') ---
[2026-07-08 11:58:29] Opening job: Full-Stack Engineer (AI-Native) @ Commerciax Infotech
[2026-07-08 11:58:47] [WARN] Apply button not found/clickable (selector may be stale, or job uses external apply).
[2026-07-08 11:58:47] [ERROR] Failed processing job card 19: 'NoneType' object is not subscriptable
[2026-07-08 11:58:47] --- Processing job 20/20 (term: 'Java Microservices Developer') ---
[2026-07-08 11:58:47] Opening job: Associate Staff Engineer @ Nagarro
[2026-07-08 11:59:05] [WARN] Apply button not found/clickable (selector may be stale, or job uses external apply).
[2026-07-08 11:59:05] [ERROR] Failed processing job card 20: 'NoneType' object is not subscriptable
[2026-07-08 11:59:05] ═══ Searching: 'Backend Developer' ═══
[2026-07-08 11:59:05] Navigating to job search results for 'Backend Developer': https://www.naukri.com/backend-developer-jobs?k=Backend+Developer&experience=4&wfhType=2
[2026-07-08 11:59:07] Job listings loaded.
[2026-07-08 11:59:16] [WARN] Could not find the 'Easy Apply' sidebar checkbox — selector may be stale, verify EASY_APPLY_CHECKBOX_SEL against the live page.
[2026-07-08 11:59:16] Found 20 job card(s) for 'Backend Developer'.
[2026-07-08 11:59:16] --- Processing job 1/20 (term: 'Backend Developer') ---
[2026-07-08 11:59:16] Opening job: AI Backend Developer @ Nitsan Technologies
[2026-07-08 11:59:34] [WARN] Apply button not found/clickable (selector may be stale, or job uses external apply).
[2026-07-08 11:59:34] [ERROR] Failed processing job card 1: 'NoneType' object is not subscriptable
[2026-07-08 11:59:34] --- Processing job 2/20 (term: 'Backend Developer') ---
[2026-07-08 11:59:34] Opening job: Backend Developer @ Invoked Digital
[2026-07-08 11:59:52] [WARN] Apply button not found/clickable (selector may be stale, or job uses external apply).
[2026-07-08 11:59:52] [ERROR] Failed processing job card 2: 'NoneType' object is not subscriptable
[2026-07-08 11:59:52] --- Processing job 3/20 (term: 'Backend Developer') ---
[2026-07-08 11:59:52] Opening job: Backend Developer @ Spherecode
[2026-07-08 12:00:11] [WARN] Apply button not found/clickable (selector may be stale, or job uses external apply).
[2026-07-08 12:00:11] [ERROR] Failed processing job card 3: 'NoneType' object is not subscriptable
[2026-07-08 12:00:11] --- Processing job 4/20 (term: 'Backend Developer') ---
[2026-07-08 12:00:11] Opening job: Backend Developer @ Termgrid
[2026-07-08 12:00:29] [WARN] Apply button not found/clickable (selector may be stale, or job uses external apply).
[2026-07-08 12:00:29] [ERROR] Failed processing job card 4: 'NoneType' object is not subscriptable
[2026-07-08 12:00:29] --- Processing job 5/20 (term: 'Backend Developer') ---
[2026-07-08 12:00:29] Opening job: Backend Developer @ Tab32
[2026-07-08 12:00:47] [WARN] Apply button not found/clickable (selector may be stale, or job uses external apply).
[2026-07-08 12:00:47] [ERROR] Failed processing job card 5: 'NoneType' object is not subscriptable
[2026-07-08 12:00:47] --- Processing job 6/20 (term: 'Backend Developer') ---
[2026-07-08 12:00:47] Opening job: backend Developer @ Sparix Global
[2026-07-08 12:01:05] [WARN] Apply button not found/clickable (selector may be stale, or job uses external apply).
[2026-07-08 12:01:05] [ERROR] Failed processing job card 6: 'NoneType' object is not subscriptable
[2026-07-08 12:01:05] --- Processing job 7/20 (term: 'Backend Developer') ---
[2026-07-08 12:01:05] Opening job: Backend developer @ Androcid
[2026-07-08 12:01:24] [WARN] Apply button not found/clickable (selector may be stale, or job uses external apply).
[2026-07-08 12:01:24] [ERROR] Failed processing job card 7: 'NoneType' object is not subscriptable
[2026-07-08 12:01:24] --- Processing job 8/20 (term: 'Backend Developer') ---
[2026-07-08 12:01:24] Opening job: Backend Dotnet Developer @ Sparix Global
[2026-07-08 12:01:42] [WARN] Apply button not found/clickable (selector may be stale, or job uses external apply).
[2026-07-08 12:01:42] [ERROR] Failed processing job card 8: 'NoneType' object is not subscriptable
[2026-07-08 12:01:42] --- Processing job 9/20 (term: 'Backend Developer') ---
[2026-07-08 12:01:42] Opening job: Backend Developer (MERN | PostgreSQL) @ Stacklab
[2026-07-08 12:02:00] [WARN] Apply button not found/clickable (selector may be stale, or job uses external apply).
[2026-07-08 12:02:00] [ERROR] Failed processing job card 9: 'NoneType' object is not subscriptable
[2026-07-08 12:02:00] --- Processing job 10/20 (term: 'Backend Developer') ---
[2026-07-08 12:02:00] Opening job: Python Backend Developer @ BSH Technologies
[2026-07-08 12:02:19] [WARN] Apply button not found/clickable (selector may be stale, or job uses external apply).
[2026-07-08 12:02:19] [ERROR] Failed processing job card 10: 'NoneType' object is not subscriptable
[2026-07-08 12:02:19] --- Processing job 11/20 (term: 'Backend Developer') ---
[2026-07-08 12:02:19] Opening job: Node.js Backend Developer @ Astroidea Softway Llp
[2026-07-08 12:02:37] [WARN] Apply button not found/clickable (selector may be stale, or job uses external apply).
[2026-07-08 12:02:37] [ERROR] Failed processing job card 11: 'NoneType' object is not subscriptable
[2026-07-08 12:02:37] --- Processing job 12/20 (term: 'Backend Developer') ---
[2026-07-08 12:02:37] Opening job: Backend Developer @ Pocket Fm
[2026-07-08 12:02:55] [WARN] Apply button not found/clickable (selector may be stale, or job uses external apply).
[2026-07-08 12:02:55] [ERROR] Failed processing job card 12: 'NoneType' object is not subscriptable
[2026-07-08 12:02:55] --- Processing job 13/20 (term: 'Backend Developer') ---
[2026-07-08 12:02:55] Opening job: Java Backend Developer (with Web3) @ Marsdevs
[2026-07-08 12:03:13] [WARN] Apply button not found/clickable (selector may be stale, or job uses external apply).
[2026-07-08 12:03:13] [ERROR] Failed processing job card 13: 'NoneType' object is not subscriptable
[2026-07-08 12:03:14] --- Processing job 14/20 (term: 'Backend Developer') ---
[2026-07-08 12:03:14] Opening job: Senior SFMC Backend Developer @ Sparix Global
[2026-07-08 12:03:32] [WARN] Apply button not found/clickable (selector may be stale, or job uses external apply).
[2026-07-08 12:03:32] [ERROR] Failed processing job card 14: 'NoneType' object is not subscriptable
[2026-07-08 12:03:32] --- Processing job 15/20 (term: 'Backend Developer') ---
[2026-07-08 12:03:32] Opening job: Backend Developer, Pan India @ iCresset Talent Solutions
[2026-07-08 12:03:50] [WARN] Apply button not found/clickable (selector may be stale, or job uses external apply).
[2026-07-08 12:03:50] [ERROR] Failed processing job card 15: 'NoneType' object is not subscriptable
[2026-07-08 12:03:50] --- Processing job 16/20 (term: 'Backend Developer') ---
[2026-07-08 12:03:50] Opening job: Senior Backend Developer @ Tabby
[2026-07-08 12:04:08] [WARN] Apply button not found/clickable (selector may be stale, or job uses external apply).
[2026-07-08 12:04:08] [ERROR] Failed processing job card 16: 'NoneType' object is not subscriptable
[2026-07-08 12:04:08] --- Processing job 17/20 (term: 'Backend Developer') ---
[2026-07-08 12:04:08] Opening job: Senior Backend Developer @ Neetable
[2026-07-08 12:04:26] [WARN] Apply button not found/clickable (selector may be stale, or job uses external apply).
[2026-07-08 12:04:26] [ERROR] Failed processing job card 17: 'NoneType' object is not subscriptable
[2026-07-08 12:04:26] --- Processing job 18/20 (term: 'Backend Developer') ---
[2026-07-08 12:04:26] Opening job: Backend Developer (Python & Django) @ Back2stores Technologies
[2026-07-08 12:04:44] [WARN] Apply button not found/clickable (selector may be stale, or job uses external apply).
[2026-07-08 12:04:44] [ERROR] Failed processing job card 18: 'NoneType' object is not subscriptable
[2026-07-08 12:04:44] --- Processing job 19/20 (term: 'Backend Developer') ---
[2026-07-08 12:04:44] Opening job: Go Backend Developer @ Srijan Spectrum
[2026-07-08 12:05:02] [WARN] Apply button not found/clickable (selector may be stale, or job uses external apply).
[2026-07-08 12:05:02] [ERROR] Failed processing job card 19: 'NoneType' object is not subscriptable
[2026-07-08 12:05:02] --- Processing job 20/20 (term: 'Backend Developer') ---
[2026-07-08 12:05:02] Opening job: Senior Backend Developer @ Turgajo Technologies
[2026-07-08 12:05:20] [WARN] Apply button not found/clickable (selector may be stale, or job uses external apply).
[2026-07-08 12:05:20] [ERROR] Failed processing job card 20: 'NoneType' object is not subscriptable
[2026-07-08 12:05:20] ═══ Searching: 'Java Backend Developer' ═══
[2026-07-08 12:05:20] Navigating to job search results for 'Java Backend Developer': https://www.naukri.com/java-backend-developer-jobs?k=Java+Backend+Developer&experience=4&wfhType=2
[2026-07-08 12:05:23] Job listings loaded.
[2026-07-08 12:05:31] [WARN] Could not find the 'Easy Apply' sidebar checkbox — selector may be stale, verify EASY_APPLY_CHECKBOX_SEL against the live page.
[2026-07-08 12:05:31] Found 20 job card(s) for 'Java Backend Developer'.
[2026-07-08 12:05:31] --- Processing job 1/20 (term: 'Java Backend Developer') ---
[2026-07-08 12:05:31] Opening job: Java Backend Developer (with Web3) @ Marsdevs
[2026-07-08 12:05:49] [WARN] Apply button not found/clickable (selector may be stale, or job uses external apply).
[2026-07-08 12:05:49] [ERROR] Failed processing job card 1: 'NoneType' object is not subscriptable
[2026-07-08 12:05:49] --- Processing job 2/20 (term: 'Java Backend Developer') ---
[2026-07-08 12:05:49] Opening job: Backend Developer (MERN | PostgreSQL) @ Stacklab
[2026-07-08 12:06:07] [WARN] Apply button not found/clickable (selector may be stale, or job uses external apply).
[2026-07-08 12:06:07] [ERROR] Failed processing job card 2: 'NoneType' object is not subscriptable
[2026-07-08 12:06:07] --- Processing job 3/20 (term: 'Java Backend Developer') ---
[2026-07-08 12:06:07] Opening job: Frontend Developer @ Voice Of Healthcare
[2026-07-08 12:06:25] [WARN] Apply button not found/clickable (selector may be stale, or job uses external apply).
[2026-07-08 12:06:25] [ERROR] Failed processing job card 3: 'NoneType' object is not subscriptable
[2026-07-08 12:06:25] --- Processing job 4/20 (term: 'Java Backend Developer') ---
[2026-07-08 12:06:25] Opening job: Associate Staff Engineer, Python @ Nagarro
[2026-07-08 12:06:43] [WARN] Apply button not found/clickable (selector may be stale, or job uses external apply).
[2026-07-08 12:06:43] [ERROR] Failed processing job card 4: 'NoneType' object is not subscriptable
[2026-07-08 12:06:43] --- Processing job 5/20 (term: 'Java Backend Developer') ---
[2026-07-08 12:06:43] Opening job: SDE I - Full Stack @ Viralme
[2026-07-08 12:07:01] [WARN] Apply button not found/clickable (selector may be stale, or job uses external apply).
[2026-07-08 12:07:01] [ERROR] Failed processing job card 5: 'NoneType' object is not subscriptable
[2026-07-08 12:07:01] --- Processing job 6/20 (term: 'Java Backend Developer') ---
[2026-07-08 12:07:01] Opening job: Web Developer @ Techbinge India
[2026-07-08 12:07:19] [WARN] Apply button not found/clickable (selector may be stale, or job uses external apply).
[2026-07-08 12:07:19] [ERROR] Failed processing job card 6: 'NoneType' object is not subscriptable
[2026-07-08 12:07:19] --- Processing job 7/20 (term: 'Java Backend Developer') ---
[2026-07-08 12:07:19] Opening job: Java Developer @ Auxirem Technology
[2026-07-08 12:07:36] [WARN] Apply button not found/clickable (selector may be stale, or job uses external apply).
[2026-07-08 12:07:36] [ERROR] Failed processing job card 7: 'NoneType' object is not subscriptable
[2026-07-08 12:07:36] --- Processing job 8/20 (term: 'Java Backend Developer') ---
[2026-07-08 12:07:36] Opening job: Python Backend Engineer @ Aurous Consultancy
[2026-07-08 12:07:54] [WARN] Apply button not found/clickable (selector may be stale, or job uses external apply).
[2026-07-08 12:07:54] [ERROR] Failed processing job card 8: 'NoneType' object is not subscriptable
[2026-07-08 12:07:54] --- Processing job 9/20 (term: 'Java Backend Developer') ---
[2026-07-08 12:07:55] Opening job: Associate Staff Engineer, Mobile Hybrid @ Nagarro
[2026-07-08 12:08:12] [WARN] Apply button not found/clickable (selector may be stale, or job uses external apply).
[2026-07-08 12:08:12] [ERROR] Failed processing job card 9: 'NoneType' object is not subscriptable
[2026-07-08 12:08:12] --- Processing job 10/20 (term: 'Java Backend Developer') ---
[2026-07-08 12:08:12] Opening job: Full Stack Developer (MERN Stack) @ Kodonic Digitech
[2026-07-08 12:08:30] [WARN] Apply button not found/clickable (selector may be stale, or job uses external apply).
[2026-07-08 12:08:30] [ERROR] Failed processing job card 10: 'NoneType' object is not subscriptable
[2026-07-08 12:08:30] --- Processing job 11/20 (term: 'Java Backend Developer') ---
[2026-07-08 12:08:31] Opening job: Software Engineer (L2) @ Twilio
[2026-07-08 12:08:48] [WARN] Apply button not found/clickable (selector may be stale, or job uses external apply).
[2026-07-08 12:08:49] [ERROR] Failed processing job card 11: 'NoneType' object is not subscriptable
[2026-07-08 12:08:49] --- Processing job 12/20 (term: 'Java Backend Developer') ---
[2026-07-08 12:08:49] Opening job: Intermediate Mobile Developer @ Ahom Technologies
[2026-07-08 12:09:06] [WARN] Apply button not found/clickable (selector may be stale, or job uses external apply).
[2026-07-08 12:09:06] [ERROR] Failed processing job card 12: 'NoneType' object is not subscriptable
[2026-07-08 12:09:06] --- Processing job 13/20 (term: 'Java Backend Developer') ---
[2026-07-08 12:09:07] Opening job: AI Backend Developer @ Nitsan Technologies
[2026-07-08 12:09:24] [WARN] Apply button not found/clickable (selector may be stale, or job uses external apply).
[2026-07-08 12:09:24] [ERROR] Failed processing job card 13: 'NoneType' object is not subscriptable
[2026-07-08 12:09:24] --- Processing job 14/20 (term: 'Java Backend Developer') ---
[2026-07-08 12:09:24] Opening job: Python Developer @ Nitsan Technologies
[2026-07-08 12:09:42] [WARN] Apply button not found/clickable (selector may be stale, or job uses external apply).
[2026-07-08 12:09:42] [ERROR] Failed processing job card 14: 'NoneType' object is not subscriptable
[2026-07-08 12:09:42] --- Processing job 15/20 (term: 'Java Backend Developer') ---
[2026-07-08 12:09:42] Opening job: Software Engineer @ Numerator
[2026-07-08 12:10:00] [WARN] Apply button not found/clickable (selector may be stale, or job uses external apply).
[2026-07-08 12:10:00] [ERROR] Failed processing job card 15: 'NoneType' object is not subscriptable
[2026-07-08 12:10:00] --- Processing job 16/20 (term: 'Java Backend Developer') ---
[2026-07-08 12:10:01] Opening job: React JS Developer @ Royal Cyber
[2026-07-08 12:10:07] Entering handle_chatbot_question. Non-interactive mode: False
[2026-07-08 12:10:15] No chatbot questionnaire detected (or didn't load within 8s).
[2026-07-08 12:10:17] [ERROR] Failed processing job card 16: 'NoneType' object is not subscriptable
[2026-07-08 12:10:17] --- Processing job 17/20 (term: 'Java Backend Developer') ---
[2026-07-08 12:10:18] Opening job: Python Backend Developer @ BSH Technologies
[2026-07-08 12:10:35] [WARN] Apply button not found/clickable (selector may be stale, or job uses external apply).
[2026-07-08 12:10:35] [ERROR] Failed processing job card 17: 'NoneType' object is not subscriptable
[2026-07-08 12:10:35] --- Processing job 18/20 (term: 'Java Backend Developer') ---
[2026-07-08 12:10:36] Opening job: Backend Developer @ Invoked Digital
[2026-07-08 12:10:53] [WARN] Apply button not found/clickable (selector may be stale, or job uses external apply).
[2026-07-08 12:10:53] [ERROR] Failed processing job card 18: 'NoneType' object is not subscriptable
[2026-07-08 12:10:53] --- Processing job 19/20 (term: 'Java Backend Developer') ---
[2026-07-08 12:10:53] Opening job: Java Developer(associate and senior Associate ) @ Insignia Consultancy Solutions
[2026-07-08 12:11:11] [WARN] Apply button not found/clickable (selector may be stale, or job uses external apply).
[2026-07-08 12:11:11] [ERROR] Failed processing job card 19: 'NoneType' object is not subscriptable
[2026-07-08 12:11:11] --- Processing job 20/20 (term: 'Java Backend Developer') ---
[2026-07-08 12:11:11] Opening job: Developer @ Ayatacommerce
[2026-07-08 12:11:29] [WARN] Apply button not found/clickable (selector may be stale, or job uses external apply).
[2026-07-08 12:11:29] [ERROR] Failed processing job card 20: 'NoneType' object is not subscriptable
[2026-07-08 12:11:29] ═══ Searching: 'Software Engineer' ═══
[2026-07-08 12:11:29] Navigating to job search results for 'Software Engineer': https://www.naukri.com/software-engineer-jobs?k=Software+Engineer&experience=4&wfhType=2
[2026-07-08 12:11:31] Job listings loaded.
[2026-07-08 12:11:40] [WARN] Could not find the 'Easy Apply' sidebar checkbox — selector may be stale, verify EASY_APPLY_CHECKBOX_SEL against the live page.
[2026-07-08 12:11:40] Found 20 job card(s) for 'Software Engineer'.
[2026-07-08 12:11:40] --- Processing job 1/20 (term: 'Software Engineer') ---
[2026-07-08 12:11:40] Opening job: Hiring | Software Engineer | eLearning (Storyline) | Freelancer @ Niit Learning Systems
[2026-07-08 12:11:58] [WARN] Apply button not found/clickable (selector may be stale, or job uses external apply).
[2026-07-08 12:11:58] [ERROR] Failed processing job card 1: 'NoneType' object is not subscriptable
[2026-07-08 12:11:58] --- Processing job 2/20 (term: 'Software Engineer') ---
[2026-07-08 12:11:58] Opening job: Software Engineer @ Cimpress
[2026-07-08 12:12:16] [WARN] Apply button not found/clickable (selector may be stale, or job uses external apply).
[2026-07-08 12:12:16] [ERROR] Failed processing job card 2: 'NoneType' object is not subscriptable
[2026-07-08 12:12:16] --- Processing job 3/20 (term: 'Software Engineer') ---
[2026-07-08 12:12:16] Opening job: Software Engineer @ What The Food
[2026-07-08 12:12:35] [WARN] Apply button not found/clickable (selector may be stale, or job uses external apply).
[2026-07-08 12:12:35] [ERROR] Failed processing job card 3: 'NoneType' object is not subscriptable
[2026-07-08 12:12:35] --- Processing job 4/20 (term: 'Software Engineer') ---
[2026-07-08 12:12:35] Opening job: Software Engineer @ Aisquare
[2026-07-08 12:12:53] [WARN] Apply button not found/clickable (selector may be stale, or job uses external apply).
[2026-07-08 12:12:53] [ERROR] Failed processing job card 4: 'NoneType' object is not subscriptable
[2026-07-08 12:12:53] --- Processing job 5/20 (term: 'Software Engineer') ---
[2026-07-08 12:12:53] Opening job: AI-Native Software Engineer @ Sentrix
[2026-07-08 12:13:11] [WARN] Apply button not found/clickable (selector may be stale, or job uses external apply).
[2026-07-08 12:13:11] [ERROR] Failed processing job card 5: 'NoneType' object is not subscriptable
[2026-07-08 12:13:11] --- Processing job 6/20 (term: 'Software Engineer') ---
[2026-07-08 12:13:11] Opening job: Software Engineer @ Numerator
[2026-07-08 12:13:29] [WARN] Apply button not found/clickable (selector may be stale, or job uses external apply).
[2026-07-08 12:13:29] [ERROR] Failed processing job card 6: 'NoneType' object is not subscriptable
[2026-07-08 12:13:29] --- Processing job 7/20 (term: 'Software Engineer') ---
[2026-07-08 12:13:29] Opening job: Software Engineer @ Frappe
[2026-07-08 12:13:47] [WARN] Apply button not found/clickable (selector may be stale, or job uses external apply).
[2026-07-08 12:13:47] [ERROR] Failed processing job card 7: 'NoneType' object is not subscriptable
[2026-07-08 12:13:47] --- Processing job 8/20 (term: 'Software Engineer') ---
[2026-07-08 12:13:47] Opening job: Software Engineer @ Versante Software Technologies
[2026-07-08 12:14:05] [WARN] Apply button not found/clickable (selector may be stale, or job uses external apply).
[2026-07-08 12:14:05] [ERROR] Failed processing job card 8: 'NoneType' object is not subscriptable
[2026-07-08 12:14:05] --- Processing job 9/20 (term: 'Software Engineer') ---
[2026-07-08 12:14:05] Opening job: Software Engineer @ Sadhana It Solutions
[2026-07-08 12:14:23] [WARN] Apply button not found/clickable (selector may be stale, or job uses external apply).
[2026-07-08 12:14:23] [ERROR] Failed processing job card 9: 'NoneType' object is not subscriptable
[2026-07-08 12:14:23] --- Processing job 10/20 (term: 'Software Engineer') ---
[2026-07-08 12:14:23] Opening job: Software Engineer @ Numerator
[2026-07-08 12:14:41] [WARN] Apply button not found/clickable (selector may be stale, or job uses external apply).
[2026-07-08 12:14:41] [ERROR] Failed processing job card 10: 'NoneType' object is not subscriptable
[2026-07-08 12:14:41] --- Processing job 11/20 (term: 'Software Engineer') ---
[2026-07-08 12:14:41] Opening job: Software Engineer @ Manta Health
[2026-07-08 12:14:59] [WARN] Apply button not found/clickable (selector may be stale, or job uses external apply).
[2026-07-08 12:14:59] [ERROR] Failed processing job card 11: 'NoneType' object is not subscriptable
[2026-07-08 12:14:59] --- Processing job 12/20 (term: 'Software Engineer') ---
[2026-07-08 12:14:59] Opening job: Software Engineer (.Net, Angular) @ Numerator
[2026-07-08 12:15:17] [WARN] Apply button not found/clickable (selector may be stale, or job uses external apply).
[2026-07-08 12:15:17] [ERROR] Failed processing job card 12: 'NoneType' object is not subscriptable
[2026-07-08 12:15:17] --- Processing job 13/20 (term: 'Software Engineer') ---
[2026-07-08 12:15:17] Opening job: Software Engineer @ Replicon
[2026-07-08 12:15:35] [WARN] Apply button not found/clickable (selector may be stale, or job uses external apply).
[2026-07-08 12:15:35] [ERROR] Failed processing job card 13: 'NoneType' object is not subscriptable
[2026-07-08 12:15:35] --- Processing job 14/20 (term: 'Software Engineer') ---
[2026-07-08 12:15:35] Opening job: Software Engineer @ Deltek
[2026-07-08 12:15:53] [WARN] Apply button not found/clickable (selector may be stale, or job uses external apply).
[2026-07-08 12:15:53] [ERROR] Failed processing job card 14: 'NoneType' object is not subscriptable
[2026-07-08 12:15:53] --- Processing job 15/20 (term: 'Software Engineer') ---
[2026-07-08 12:15:53] Opening job: AI Software Engineer @ Open Fabric
[2026-07-08 12:16:11] [WARN] Apply button not found/clickable (selector may be stale, or job uses external apply).
[2026-07-08 12:16:11] [ERROR] Failed processing job card 15: 'NoneType' object is not subscriptable
[2026-07-08 12:16:11] --- Processing job 16/20 (term: 'Software Engineer') ---
[2026-07-08 12:16:11] Opening job: Software Engineer @ Yipitdata
[2026-07-08 12:16:29] [WARN] Apply button not found/clickable (selector may be stale, or job uses external apply).
[2026-07-08 12:16:29] [ERROR] Failed processing job card 16: 'NoneType' object is not subscriptable
[2026-07-08 12:16:29] --- Processing job 17/20 (term: 'Software Engineer') ---
[2026-07-08 12:16:29] Opening job: Software Engineer @ Msmp Technologies
[2026-07-08 12:16:47] [WARN] Apply button not found/clickable (selector may be stale, or job uses external apply).
[2026-07-08 12:16:47] [ERROR] Failed processing job card 17: 'NoneType' object is not subscriptable
[2026-07-08 12:16:47] --- Processing job 18/20 (term: 'Software Engineer') ---
[2026-07-08 12:16:47] Opening job: Senior Software Engineer @ Niyati
[2026-07-08 12:17:04] [WARN] Apply button not found/clickable (selector may be stale, or job uses external apply).
[2026-07-08 12:17:05] [ERROR] Failed processing job card 18: 'NoneType' object is not subscriptable
[2026-07-08 12:17:05] --- Processing job 19/20 (term: 'Software Engineer') ---
[2026-07-08 12:17:05] Opening job: Full-Stack Software Engineer @ Divyan Technologies Lucknow
[2026-07-08 12:17:22] [WARN] Apply button not found/clickable (selector may be stale, or job uses external apply).
[2026-07-08 12:17:22] [ERROR] Failed processing job card 19: 'NoneType' object is not subscriptable
[2026-07-08 12:17:22] --- Processing job 20/20 (term: 'Software Engineer') ---
[2026-07-08 12:17:23] Opening job: Software Engineer @ Ibrowsejobs Technologies
[2026-07-08 12:17:29] Entering handle_chatbot_question. Non-interactive mode: False
[2026-07-08 12:17:38] No chatbot questionnaire detected (or didn't load within 8s).
[2026-07-08 12:17:41] [ERROR] Failed processing job card 20: 'NoneType' object is not subscriptable
[2026-07-08 12:17:41] ═══ Searching: 'Senior Software Engineer' ═══
[2026-07-08 12:17:41] Navigating to job search results for 'Senior Software Engineer': https://www.naukri.com/senior-software-engineer-jobs?k=Senior+Software+Engineer&experience=4&wfhType=2
[2026-07-08 12:17:43] Job listings loaded.
[2026-07-08 12:17:51] [WARN] Could not find the 'Easy Apply' sidebar checkbox — selector may be stale, verify EASY_APPLY_CHECKBOX_SEL against the live page.
[2026-07-08 12:17:51] Found 20 job card(s) for 'Senior Software Engineer'.
[2026-07-08 12:17:51] --- Processing job 1/20 (term: 'Senior Software Engineer') ---
[2026-07-08 12:17:52] Opening job: Senior Software Engineer @ Niyati
[2026-07-08 12:18:10] [WARN] Apply button not found/clickable (selector may be stale, or job uses external apply).
[2026-07-08 12:18:10] [ERROR] Failed processing job card 1: 'NoneType' object is not subscriptable
[2026-07-08 12:18:10] --- Processing job 2/20 (term: 'Senior Software Engineer') ---
[2026-07-08 12:18:10] Opening job: ServiceNow Senior Software Engineer - ITOM @ Newrocket
[2026-07-08 12:18:28] [WARN] Apply button not found/clickable (selector may be stale, or job uses external apply).
[2026-07-08 12:18:28] [ERROR] Failed processing job card 2: 'NoneType' object is not subscriptable
[2026-07-08 12:18:28] --- Processing job 3/20 (term: 'Senior Software Engineer') ---
[2026-07-08 12:18:28] Opening job: Senior Software Engineer (Perl) @ Bloom Equity Partners
[2026-07-08 12:18:46] [WARN] Apply button not found/clickable (selector may be stale, or job uses external apply).
[2026-07-08 12:18:46] [ERROR] Failed processing job card 3: 'NoneType' object is not subscriptable
[2026-07-08 12:18:46] --- Processing job 4/20 (term: 'Senior Software Engineer') ---
[2026-07-08 12:18:46] Opening job: Senior Software Engineer @ Zuddl
[2026-07-08 12:19:05] [WARN] Apply button not found/clickable (selector may be stale, or job uses external apply).
[2026-07-08 12:19:05] [ERROR] Failed processing job card 4: 'NoneType' object is not subscriptable
[2026-07-08 12:19:05] --- Processing job 5/20 (term: 'Senior Software Engineer') ---
[2026-07-08 12:19:05] Opening job: Software Engineer / Sr.Software Engineer @ Codersbay Technologies
[2026-07-08 12:19:23] [WARN] Apply button not found/clickable (selector may be stale, or job uses external apply).
[2026-07-08 12:19:23] [ERROR] Failed processing job card 5: 'NoneType' object is not subscriptable
[2026-07-08 12:19:23] --- Processing job 6/20 (term: 'Senior Software Engineer') ---
[2026-07-08 12:19:23] Opening job: ServiceNow Senior Software Engineer - TSOM/SOMT @ Newrocket
[2026-07-08 12:19:41] [WARN] Apply button not found/clickable (selector may be stale, or job uses external apply).
[2026-07-08 12:19:41] [ERROR] Failed processing job card 6: 'NoneType' object is not subscriptable
[2026-07-08 12:19:41] --- Processing job 7/20 (term: 'Senior Software Engineer') ---
[2026-07-08 12:19:41] Opening job: Sr. Software Engineer @ Sparix Global
[2026-07-08 12:19:59] [WARN] Apply button not found/clickable (selector may be stale, or job uses external apply).
[2026-07-08 12:19:59] [ERROR] Failed processing job card 7: 'NoneType' object is not subscriptable
[2026-07-08 12:19:59] --- Processing job 8/20 (term: 'Senior Software Engineer') ---
[2026-07-08 12:19:59] Opening job: Senior Software Engineer @ Sparix Global
[2026-07-08 12:20:18] [WARN] Apply button not found/clickable (selector may be stale, or job uses external apply).
[2026-07-08 12:20:18] [ERROR] Failed processing job card 8: 'NoneType' object is not subscriptable
[2026-07-08 12:20:18] --- Processing job 9/20 (term: 'Senior Software Engineer') ---
[2026-07-08 12:20:18] Opening job: Sr Software Engineer @ iCresset Talent Solutions
[2026-07-08 12:20:36] [WARN] Apply button not found/clickable (selector may be stale, or job uses external apply).
[2026-07-08 12:20:36] [ERROR] Failed processing job card 9: 'NoneType' object is not subscriptable
[2026-07-08 12:20:36] --- Processing job 10/20 (term: 'Senior Software Engineer') ---
[2026-07-08 12:20:36] Opening job: Senior Software Engineer @ Replicon
[2026-07-08 12:20:54] [WARN] Apply button not found/clickable (selector may be stale, or job uses external apply).
[2026-07-08 12:20:54] [ERROR] Failed processing job card 10: 'NoneType' object is not subscriptable
[2026-07-08 12:20:54] --- Processing job 11/20 (term: 'Senior Software Engineer') ---
[2026-07-08 12:20:54] Opening job: Senior Software Engineer @ Welkin Healthcare
[2026-07-08 12:21:12] [WARN] Apply button not found/clickable (selector may be stale, or job uses external apply).
[2026-07-08 12:21:12] [ERROR] Failed processing job card 11: 'NoneType' object is not subscriptable
[2026-07-08 12:21:12] --- Processing job 12/20 (term: 'Senior Software Engineer') ---
[2026-07-08 12:21:13] Opening job: Sr. Software Engineer - C++ @ Crowdstrike
[2026-07-08 12:21:31] [WARN] Apply button not found/clickable (selector may be stale, or job uses external apply).
[2026-07-08 12:21:31] [ERROR] Failed processing job card 12: 'NoneType' object is not subscriptable
[2026-07-08 12:21:31] --- Processing job 13/20 (term: 'Senior Software Engineer') ---
[2026-07-08 12:21:31] Opening job: SENIOR SOFTWARE ENGINEER WITH DATA BACKGROUND @ Svitla Systems
[2026-07-08 12:21:49] [WARN] Apply button not found/clickable (selector may be stale, or job uses external apply).
[2026-07-08 12:21:49] [ERROR] Failed processing job card 13: 'NoneType' object is not subscriptable
[2026-07-08 12:21:49] --- Processing job 14/20 (term: 'Senior Software Engineer') ---
[2026-07-08 12:21:49] Opening job: Senior Software Engineer (Frontend) @ Writesonic
[2026-07-08 12:22:07] [WARN] Apply button not found/clickable (selector may be stale, or job uses external apply).
[2026-07-08 12:22:07] [ERROR] Failed processing job card 14: 'NoneType' object is not subscriptable
[2026-07-08 12:22:07] --- Processing job 15/20 (term: 'Senior Software Engineer') ---
[2026-07-08 12:22:07] Opening job: Senior / Software Engineer Backend (Node.js) @ Silverline It
[2026-07-08 12:22:26] [WARN] Apply button not found/clickable (selector may be stale, or job uses external apply).
[2026-07-08 12:22:26] [ERROR] Failed processing job card 15: 'NoneType' object is not subscriptable
[2026-07-08 12:22:26] --- Processing job 16/20 (term: 'Senior Software Engineer') ---
[2026-07-08 12:22:26] Opening job: Senior Software Engineer ( Node.js and Next.js) @ Infraveo Technologies
[2026-07-08 12:22:44] [WARN] Apply button not found/clickable (selector may be stale, or job uses external apply).
[2026-07-08 12:22:44] [ERROR] Failed processing job card 16: 'NoneType' object is not subscriptable
[2026-07-08 12:22:44] --- Processing job 17/20 (term: 'Senior Software Engineer') ---
[2026-07-08 12:22:44] Opening job: Senior Software Engineer, Full Stack @ Mostudio
[2026-07-08 12:23:02] [WARN] Apply button not found/clickable (selector may be stale, or job uses external apply).
[2026-07-08 12:23:02] [ERROR] Failed processing job card 17: 'NoneType' object is not subscriptable
[2026-07-08 12:23:02] --- Processing job 18/20 (term: 'Senior Software Engineer') ---
[2026-07-08 12:23:02] Opening job: Senior Software Engineer (AI Applications) @ Cambium Learning Group
[2026-07-08 12:23:21] [WARN] Apply button not found/clickable (selector may be stale, or job uses external apply).
[2026-07-08 12:23:21] [ERROR] Failed processing job card 18: 'NoneType' object is not subscriptable
[2026-07-08 12:23:21] --- Processing job 19/20 (term: 'Senior Software Engineer') ---
[2026-07-08 12:23:21] Opening job: Sr Software Engineer- Frontend @ Nurdsoft
[2026-07-08 12:23:39] [WARN] Apply button not found/clickable (selector may be stale, or job uses external apply).
[2026-07-08 12:23:39] [ERROR] Failed processing job card 19: 'NoneType' object is not subscriptable
[2026-07-08 12:23:39] --- Processing job 20/20 (term: 'Senior Software Engineer') ---
[2026-07-08 12:23:39] Opening job: Sr Software Engineer - Mobile @ Nurdsoft
[2026-07-08 12:23:57] [WARN] Apply button not found/clickable (selector may be stale, or job uses external apply).
[2026-07-08 12:23:57] [ERROR] Failed processing job card 20: 'NoneType' object is not subscriptable
[2026-07-08 12:23:57] ═══ Searching: 'Full Stack Developer' ═══
[2026-07-08 12:23:57] Navigating to job search results for 'Full Stack Developer': https://www.naukri.com/full-stack-developer-jobs?k=Full+Stack+Developer&experience=4&wfhType=2
[2026-07-08 12:24:00] Job listings loaded.
[2026-07-08 12:24:08] [WARN] Could not find the 'Easy Apply' sidebar checkbox — selector may be stale, verify EASY_APPLY_CHECKBOX_SEL against the live page.
[2026-07-08 12:24:08] Found 20 job card(s) for 'Full Stack Developer'.
[2026-07-08 12:24:08] --- Processing job 1/20 (term: 'Full Stack Developer') ---
[2026-07-08 12:24:08] Opening job: Full Stack Developer @ Cloud202
[2026-07-08 12:24:26] [WARN] Apply button not found/clickable (selector may be stale, or job uses external apply).
[2026-07-08 12:24:26] [ERROR] Failed processing job card 1: 'NoneType' object is not subscriptable
[2026-07-08 12:24:26] --- Processing job 2/20 (term: 'Full Stack Developer') ---
[2026-07-08 12:24:27] Opening job: Full Stack Developer @ Navgurukul Foundation
[2026-07-08 12:24:45] [WARN] Apply button not found/clickable (selector may be stale, or job uses external apply).
[2026-07-08 12:24:45] [ERROR] Failed processing job card 2: 'NoneType' object is not subscriptable
[2026-07-08 12:24:45] --- Processing job 3/20 (term: 'Full Stack Developer') ---
[2026-07-08 12:24:45] Opening job: Full-stack Developer @ Grey Matter
[2026-07-08 12:25:03] [WARN] Apply button not found/clickable (selector may be stale, or job uses external apply).
[2026-07-08 12:25:03] [ERROR] Failed processing job card 3: 'NoneType' object is not subscriptable
[2026-07-08 12:25:03] --- Processing job 4/20 (term: 'Full Stack Developer') ---
[2026-07-08 12:25:03] Opening job: Full Stack Developers @ Lorven Technologies
[2026-07-08 12:25:21] [WARN] Apply button not found/clickable (selector may be stale, or job uses external apply).
[2026-07-08 12:25:21] [ERROR] Failed processing job card 4: 'NoneType' object is not subscriptable
[2026-07-08 12:25:21] --- Processing job 5/20 (term: 'Full Stack Developer') ---
[2026-07-08 12:25:21] Opening job: Full Stack Developer @ Avomind
[2026-07-08 12:25:40] [WARN] Apply button not found/clickable (selector may be stale, or job uses external apply).
[2026-07-08 12:25:40] [ERROR] Failed processing job card 5: 'NoneType' object is not subscriptable
[2026-07-08 12:25:40] --- Processing job 6/20 (term: 'Full Stack Developer') ---
[2026-07-08 12:25:40] Opening job: full Stack Developer ( NestJS) @ Durja It Consulting
[2026-07-08 12:25:58] [WARN] Apply button not found/clickable (selector may be stale, or job uses external apply).
[2026-07-08 12:25:58] [ERROR] Failed processing job card 6: 'NoneType' object is not subscriptable
[2026-07-08 12:25:58] --- Processing job 7/20 (term: 'Full Stack Developer') ---
[2026-07-08 12:25:58] Opening job: Full Stack Developer @ BSH Technologies
[2026-07-08 12:26:16] [WARN] Apply button not found/clickable (selector may be stale, or job uses external apply).
[2026-07-08 12:26:16] [ERROR] Failed processing job card 7: 'NoneType' object is not subscriptable
[2026-07-08 12:26:16] --- Processing job 8/20 (term: 'Full Stack Developer') ---
[2026-07-08 12:26:16] Opening job: Full Stack Developer @ Genus Healthcare Solution And It Consulting
[2026-07-08 12:26:34] [WARN] Apply button not found/clickable (selector may be stale, or job uses external apply).
[2026-07-08 12:26:34] [ERROR] Failed processing job card 8: 'NoneType' object is not subscriptable
[2026-07-08 12:26:34] --- Processing job 9/20 (term: 'Full Stack Developer') ---
[2026-07-08 12:26:34] Opening job: Full-Stack Developer @ Leokraft Technologies
[2026-07-08 12:26:53] [WARN] Apply button not found/clickable (selector may be stale, or job uses external apply).
[2026-07-08 12:26:53] [ERROR] Failed processing job card 9: 'NoneType' object is not subscriptable
[2026-07-08 12:26:53] --- Processing job 10/20 (term: 'Full Stack Developer') ---
[2026-07-08 12:26:53] Opening job: Full Stack Developer @ Fusiontecz
[2026-07-08 12:27:11] [WARN] Apply button not found/clickable (selector may be stale, or job uses external apply).
[2026-07-08 12:27:11] [ERROR] Failed processing job card 10: 'NoneType' object is not subscriptable
[2026-07-08 12:27:11] --- Processing job 11/20 (term: 'Full Stack Developer') ---
[2026-07-08 12:27:11] Opening job: React Full Stack Developer @ Canaco Technologies
[2026-07-08 12:27:29] [WARN] Apply button not found/clickable (selector may be stale, or job uses external apply).
[2026-07-08 12:27:29] [ERROR] Failed processing job card 11: 'NoneType' object is not subscriptable
[2026-07-08 12:27:29] --- Processing job 12/20 (term: 'Full Stack Developer') ---
[2026-07-08 12:27:29] Opening job: Full Stack Developer @ Abhastra Technology
[2026-07-08 12:27:47] [WARN] Apply button not found/clickable (selector may be stale, or job uses external apply).
[2026-07-08 12:27:47] [ERROR] Failed processing job card 12: 'NoneType' object is not subscriptable
[2026-07-08 12:27:47] --- Processing job 13/20 (term: 'Full Stack Developer') ---
[2026-07-08 12:27:47] Opening job: Full Stack Developer (Backend-Focused) @ Aivox
[2026-07-08 12:28:06] [WARN] Apply button not found/clickable (selector may be stale, or job uses external apply).
[2026-07-08 12:28:06] [ERROR] Failed processing job card 13: 'NoneType' object is not subscriptable
[2026-07-08 12:28:06] --- Processing job 14/20 (term: 'Full Stack Developer') ---
[2026-07-08 12:28:06] Opening job: Full Stack Developer @ Fathershops
[2026-07-08 12:28:24] [WARN] Apply button not found/clickable (selector may be stale, or job uses external apply).
[2026-07-08 12:28:24] [ERROR] Failed processing job card 14: 'NoneType' object is not subscriptable
[2026-07-08 12:28:24] --- Processing job 15/20 (term: 'Full Stack Developer') ---
[2026-07-08 12:28:24] Opening job: Full Stack Developer @ Astroidea Softway Llp
[2026-07-08 12:28:42] [WARN] Apply button not found/clickable (selector may be stale, or job uses external apply).
[2026-07-08 12:28:42] [ERROR] Failed processing job card 15: 'NoneType' object is not subscriptable
[2026-07-08 12:28:42] --- Processing job 16/20 (term: 'Full Stack Developer') ---
[2026-07-08 12:28:42] Opening job: React & Laravel Full Stack Developer @ Start And Grow
[2026-07-08 12:29:00] [WARN] Apply button not found/clickable (selector may be stale, or job uses external apply).
[2026-07-08 12:29:00] [ERROR] Failed processing job card 16: 'NoneType' object is not subscriptable
[2026-07-08 12:29:00] --- Processing job 17/20 (term: 'Full Stack Developer') ---
[2026-07-08 12:29:00] Opening job: Full Stack Engineer ServiceNow Product Developer @ Steady Rabbit
[2026-07-08 12:29:18] [WARN] Apply button not found/clickable (selector may be stale, or job uses external apply).
[2026-07-08 12:29:18] [ERROR] Failed processing job card 17: 'NoneType' object is not subscriptable
[2026-07-08 12:29:18] --- Processing job 18/20 (term: 'Full Stack Developer') ---
[2026-07-08 12:29:19] Opening job: Full Stack Developer @ Ovitech Solutions
[2026-07-08 12:29:37] [WARN] Apply button not found/clickable (selector may be stale, or job uses external apply).
[2026-07-08 12:29:37] [ERROR] Failed processing job card 18: 'NoneType' object is not subscriptable
[2026-07-08 12:29:37] --- Processing job 19/20 (term: 'Full Stack Developer') ---
[2026-07-08 12:29:37] Opening job: Full Stack Developer @ Neweland Technologies
[2026-07-08 12:29:55] [WARN] Apply button not found/clickable (selector may be stale, or job uses external apply).
[2026-07-08 12:29:55] [ERROR] Failed processing job card 19: 'NoneType' object is not subscriptable
[2026-07-08 12:29:55] --- Processing job 20/20 (term: 'Full Stack Developer') ---
[2026-07-08 12:29:55] Opening job: Full Stack Developer @ TechKnowledgeHub.org
[2026-07-08 12:30:13] [WARN] Apply button not found/clickable (selector may be stale, or job uses external apply).
[2026-07-08 12:30:13] [ERROR] Failed processing job card 20: 'NoneType' object is not subscriptable
[2026-07-08 12:30:13] ═══ Searching: 'Java Angular Developer' ═══
[2026-07-08 12:30:13] Navigating to job search results for 'Java Angular Developer': https://www.naukri.com/java-angular-developer-jobs?k=Java+Angular+Developer&experience=4&wfhType=2
[2026-07-08 12:30:16] Job listings loaded.
[2026-07-08 12:30:24] [WARN] Could not find the 'Easy Apply' sidebar checkbox — selector may be stale, verify EASY_APPLY_CHECKBOX_SEL against the live page.
[2026-07-08 12:30:24] Found 20 job card(s) for 'Java Angular Developer'.
[2026-07-08 12:30:24] --- Processing job 1/20 (term: 'Java Angular Developer') ---
[2026-07-08 12:30:24] Opening job: Java Developer @ Nexdew Technologies
[2026-07-08 12:30:42] [WARN] Apply button not found/clickable (selector may be stale, or job uses external apply).
[2026-07-08 12:30:42] [ERROR] Failed processing job card 1: 'NoneType' object is not subscriptable
[2026-07-08 12:30:42] --- Processing job 2/20 (term: 'Java Angular Developer') ---
[2026-07-08 12:30:42] Opening job: Software Developer (Full Stack) @ Techno Earth
[2026-07-08 12:31:01] [WARN] Apply button not found/clickable (selector may be stale, or job uses external apply).
[2026-07-08 12:31:01] [ERROR] Failed processing job card 2: 'NoneType' object is not subscriptable
[2026-07-08 12:31:01] --- Processing job 3/20 (term: 'Java Angular Developer') ---
[2026-07-08 12:31:01] Opening job: Middle Full-Stack Engineer | Solvy @ Boosta
[2026-07-08 12:31:19] [WARN] Apply button not found/clickable (selector may be stale, or job uses external apply).
[2026-07-08 12:31:19] [ERROR] Failed processing job card 3: 'NoneType' object is not subscriptable
[2026-07-08 12:31:19] --- Processing job 4/20 (term: 'Java Angular Developer') ---
[2026-07-08 12:31:19] Opening job: Full-Stack Web Developer @ Majestro Media
[2026-07-08 12:31:37] [WARN] Apply button not found/clickable (selector may be stale, or job uses external apply).
[2026-07-08 12:31:37] [ERROR] Failed processing job card 4: 'NoneType' object is not subscriptable
[2026-07-08 12:31:37] --- Processing job 5/20 (term: 'Java Angular Developer') ---
[2026-07-08 12:31:38] Opening job: Full Stack Developer @ Cloud202
[2026-07-08 12:31:56] [WARN] Apply button not found/clickable (selector may be stale, or job uses external apply).
[2026-07-08 12:31:56] [ERROR] Failed processing job card 5: 'NoneType' object is not subscriptable
[2026-07-08 12:31:56] --- Processing job 6/20 (term: 'Java Angular Developer') ---
[2026-07-08 12:31:56] Opening job: RoR Developer (Remote) @ Profitbooks Solutions
[2026-07-08 12:32:14] [WARN] Apply button not found/clickable (selector may be stale, or job uses external apply).
[2026-07-08 12:32:14] [ERROR] Failed processing job card 6: 'NoneType' object is not subscriptable
[2026-07-08 12:32:14] --- Processing job 7/20 (term: 'Java Angular Developer') ---
[2026-07-08 12:32:14] Opening job: Senior Laravel Developer @ Webanaya Solutions
[2026-07-08 12:32:32] [WARN] Apply button not found/clickable (selector may be stale, or job uses external apply).
[2026-07-08 12:32:32] [ERROR] Failed processing job card 7: 'NoneType' object is not subscriptable
[2026-07-08 12:32:32] --- Processing job 8/20 (term: 'Java Angular Developer') ---
[2026-07-08 12:32:32] Opening job: Frontend Developer (React / Next.js) @ Perpetualgravity Labs
[2026-07-08 12:32:50] [WARN] Apply button not found/clickable (selector may be stale, or job uses external apply).
[2026-07-08 12:32:51] [ERROR] Failed processing job card 8: 'NoneType' object is not subscriptable
[2026-07-08 12:32:51] --- Processing job 9/20 (term: 'Java Angular Developer') ---
[2026-07-08 12:32:51] Opening job: Associate Staff Engineer, PHP Lavavel @ Nagarro
[2026-07-08 12:33:09] [WARN] Apply button not found/clickable (selector may be stale, or job uses external apply).
[2026-07-08 12:33:09] [ERROR] Failed processing job card 9: 'NoneType' object is not subscriptable
[2026-07-08 12:33:09] --- Processing job 10/20 (term: 'Java Angular Developer') ---
[2026-07-08 12:33:09] Opening job: AI Fullstack Developer @ Zealogics.com
[2026-07-08 12:33:27] [WARN] Apply button not found/clickable (selector may be stale, or job uses external apply).
[2026-07-08 12:33:27] [ERROR] Failed processing job card 10: 'NoneType' object is not subscriptable
[2026-07-08 12:33:27] --- Processing job 11/20 (term: 'Java Angular Developer') ---
[2026-07-08 12:33:27] Opening job: Senior Software Engineer @ Niyati
[2026-07-08 12:33:45] [WARN] Apply button not found/clickable (selector may be stale, or job uses external apply).
[2026-07-08 12:33:45] [ERROR] Failed processing job card 11: 'NoneType' object is not subscriptable
[2026-07-08 12:33:45] --- Processing job 12/20 (term: 'Java Angular Developer') ---
[2026-07-08 12:33:45] Opening job: Full Stack Developers @ Lorven Technologies
[2026-07-08 12:34:04] [WARN] Apply button not found/clickable (selector may be stale, or job uses external apply).
[2026-07-08 12:34:04] [ERROR] Failed processing job card 12: 'NoneType' object is not subscriptable
[2026-07-08 12:34:04] --- Processing job 13/20 (term: 'Java Angular Developer') ---
[2026-07-08 12:34:04] Opening job: Associate Staff Engineer, Frontend AngularJS @ Nagarro
[2026-07-08 12:34:22] [WARN] Apply button not found/clickable (selector may be stale, or job uses external apply).
[2026-07-08 12:34:22] [ERROR] Failed processing job card 13: 'NoneType' object is not subscriptable
[2026-07-08 12:34:22] --- Processing job 14/20 (term: 'Java Angular Developer') ---
[2026-07-08 12:34:22] Opening job: Associate Staff Engineer, Cloud @ Nagarro
[2026-07-08 12:34:40] [WARN] Apply button not found/clickable (selector may be stale, or job uses external apply).
[2026-07-08 12:34:40] [ERROR] Failed processing job card 14: 'NoneType' object is not subscriptable
[2026-07-08 12:34:40] --- Processing job 15/20 (term: 'Java Angular Developer') ---
[2026-07-08 12:34:40] Opening job: Full Stack Developer (Java & Angular) @ Utimaco
[2026-07-08 12:34:59] [WARN] Apply button not found/clickable (selector may be stale, or job uses external apply).
[2026-07-08 12:34:59] [ERROR] Failed processing job card 15: 'NoneType' object is not subscriptable
[2026-07-08 12:34:59] --- Processing job 16/20 (term: 'Java Angular Developer') ---
[2026-07-08 12:34:59] Opening job: Full-Stack Software Engineer @ Divyan Technologies Lucknow
[2026-07-08 12:35:17] [WARN] Apply button not found/clickable (selector may be stale, or job uses external apply).
[2026-07-08 12:35:17] [ERROR] Failed processing job card 16: 'NoneType' object is not subscriptable
[2026-07-08 12:35:17] --- Processing job 17/20 (term: 'Java Angular Developer') ---
[2026-07-08 12:35:17] Opening job: Frontend Developer @ Voice Of Healthcare
[2026-07-08 12:35:35] [WARN] Apply button not found/clickable (selector may be stale, or job uses external apply).
[2026-07-08 12:35:35] [ERROR] Failed processing job card 17: 'NoneType' object is not subscriptable
[2026-07-08 12:35:35] --- Processing job 18/20 (term: 'Java Angular Developer') ---
[2026-07-08 12:35:35] Opening job: Senior Full Stack Developer @ Protracon Technologies
[2026-07-08 12:35:54] [WARN] Apply button not found/clickable (selector may be stale, or job uses external apply).
[2026-07-08 12:35:54] [ERROR] Failed processing job card 18: 'NoneType' object is not subscriptable
[2026-07-08 12:35:54] --- Processing job 19/20 (term: 'Java Angular Developer') ---
[2026-07-08 12:35:54] Opening job: Full Stack Developer @ Avomind
[2026-07-08 12:36:12] [WARN] Apply button not found/clickable (selector may be stale, or job uses external apply).
[2026-07-08 12:36:12] [ERROR] Failed processing job card 19: 'NoneType' object is not subscriptable
[2026-07-08 12:36:12] --- Processing job 20/20 (term: 'Java Angular Developer') ---
[2026-07-08 12:36:12] Opening job: Web Developer @ Techbinge India
[2026-07-08 12:36:30] [WARN] Apply button not found/clickable (selector may be stale, or job uses external apply).
[2026-07-08 12:36:30] [ERROR] Failed processing job card 20: 'NoneType' object is not subscriptable
[2026-07-08 12:36:30] Run complete. Total applications submitted this run: 0
[2026-07-13 11:33:17] ════════════════════════════════════════
[2026-07-13 11:33:17]   Naukri Auto-Apply Bot — starting run
[2026-07-13 11:33:17]   AI mode (Gemini): disabled (manual prompts)
[2026-07-13 11:33:17]   Non-Interactive: disabled (manual prompts)
[2026-07-13 11:33:17] ════════════════════════════════════════
[2026-07-13 11:33:18] Monkey-patched uc.Chrome.quit to suppress WinError 6 on exit.
[2026-07-13 11:33:18] Starting Chrome setup...
[2026-07-13 11:33:18] Found cached ChromeDriver: C:\Users\Pawan\AppData\Roaming\undetected_chromedriver\undetected_chromedriver.exe
[2026-07-13 11:33:18] Attempting undetected-chromedriver with use_subprocess=False...
[2026-07-13 11:33:22] Chrome driver (stealth, use_subprocess=False) successfully initialized!
[2026-07-13 11:33:22] Navigating to Naukri login page...
[2026-07-13 11:33:25] Submitted login form. Waiting for homepage to load...
[2026-07-13 11:33:29] Login appears successful.
[2026-07-13 11:33:29] Will search 12 term(s): ['Java Full Stack Developer', 'Senior Java Full Stack Developer', 'Java Developer', 'Senior Java Developer', 'Spring Boot Developer', 'Java Microservices Developer', 'Backend Developer', 'Java Backend Developer', 'Software Engineer', 'Senior Software Engineer', 'Full Stack Developer', 'Java Angular Developer']
[2026-07-13 11:33:29] ═══ Searching: 'Java Full Stack Developer' ═══
[2026-07-13 11:33:29] Navigating to job search results for 'Java Full Stack Developer': https://www.naukri.com/java-full-stack-developer-jobs?k=Java+Full+Stack+Developer&experience=4&wfhType=2
[2026-07-13 11:33:32] Job listings loaded.
[2026-07-13 11:33:40] [WARN] Could not find the 'Easy Apply' sidebar checkbox — selector may be stale, verify EASY_APPLY_CHECKBOX_SEL against the live page.
[2026-07-13 11:33:40] Found 20 job card(s) for 'Java Full Stack Developer'.
[2026-07-13 11:33:40] --- Processing job 1/20 (term: 'Java Full Stack Developer') ---
[2026-07-13 11:33:40] Opening job: Java Full Stack Developer @ Apexon
[2026-07-13 11:33:49] Entering handle_chatbot_question. Non-interactive mode: False
[2026-07-13 11:33:49] Chatbot question: Do you have experience in Angular 16 and how many years?
[2026-07-13 11:34:01] [DEBUG] Trying input: tag=div, type=text
[2026-07-13 11:34:02] Successfully submitted chatbot answer using input (tag=div, type=text)
[2026-07-13 11:34:03] Chatbot question: What is your notice period? If you are serving notice, please mention your(LWD). Kindly provide the exact and accurate notice period.
[2026-07-13 11:34:14] [DEBUG] Trying input: tag=div, type=text
[2026-07-13 11:34:15] Successfully submitted chatbot answer using input (tag=div, type=text)
[2026-07-13 11:34:16] Chatbot question: Thank you for your responses.
[2026-07-13 11:34:21] [Q-MATCH] Exact match found for: 'Thank you for your responses.'
[2026-07-13 11:34:21] Found exact match in questions.json: 'Thank you for your responses.' -> 'Yes'
[2026-07-13 11:34:21] No option matched 'Yes' among ['strip()\nrstrip()\nlstrip()\nremove()']. Will try text input.
[2026-07-13 11:34:21] [WARN] Could not find any visible input box or matching option for this question.
[2026-07-13 11:34:21] [DEBUG] Total input elements found by selector: 3
[2026-07-13 11:34:22] [DEBUG]   [0] tag=input, type=text, visible=False
[2026-07-13 11:34:22] [DEBUG]   [1] tag=input, type=text, visible=False
[2026-07-13 11:34:22] [DEBUG]   [2] tag=input, type=text, visible=False
[2026-07-13 11:34:24] [ERROR] Failed processing job card 1: 'NoneType' object is not subscriptable
[2026-07-13 11:34:24] --- Processing job 2/20 (term: 'Java Full Stack Developer') ---
[2026-07-13 11:34:24] Opening job: Java Full Stack Developer @ Vrinda International Noida
[2026-07-13 11:34:42] [WARN] Apply button not found/clickable (selector may be stale, or job uses external apply).
[2026-07-13 11:34:42] [ERROR] Failed processing job card 2: 'NoneType' object is not subscriptable
[2026-07-13 11:34:42] --- Processing job 3/20 (term: 'Java Full Stack Developer') ---
[2026-07-13 11:34:42] Opening job: Java Full Stack Developer @ Iris Info
[2026-07-13 11:35:00] [WARN] Apply button not found/clickable (selector may be stale, or job uses external apply).
[2026-07-13 11:35:00] [ERROR] Failed processing job card 3: 'NoneType' object is not subscriptable
[2026-07-13 11:35:00] --- Processing job 4/20 (term: 'Java Full Stack Developer') ---
[2026-07-13 11:35:00] Opening job: Java Full Stack Developer @ Uventure
[2026-07-13 11:35:18] [WARN] Apply button not found/clickable (selector may be stale, or job uses external apply).
[2026-07-13 11:35:18] [ERROR] Failed processing job card 4: 'NoneType' object is not subscriptable
[2026-07-13 11:35:18] --- Processing job 5/20 (term: 'Java Full Stack Developer') ---
[2026-07-13 11:35:18] Opening job: Hiring For Software Engineer - AI / Claude Developer @ Infovenz
[2026-07-13 11:35:25] Entering handle_chatbot_question. Non-interactive mode: False
[2026-07-13 11:35:25] Chatbot question: What motivates you about this role?
[2026-07-13 11:37:04] No option matched 'i have 4 years of experiance as a full stack java developer  so i have knlodge about it' among ['Pay hike and monetary benefits', 'Career growth / leadership opportunities', 'Opportunity to work on better technologies or challenging projects', 'Limited growth or role stagnation in current job', 'Looking for a role with more ownership and impact']. Will try text input.
[2026-07-13 11:37:04] [WARN] Could not find any visible input box or matching option for this question.
[2026-07-13 11:37:04] [DEBUG] Total input elements found by selector: 4
[2026-07-13 11:37:04] [DEBUG]   [0] tag=input, type=text, visible=False
[2026-07-13 11:37:04] [DEBUG]   [1] tag=input, type=text, visible=False
[2026-07-13 11:37:04] [DEBUG]   [2] tag=input, type=text, visible=False
[2026-07-13 11:37:04] [DEBUG]   [3] tag=div, type=None, visible=False
[2026-07-13 11:37:04] [DEBUG] Chatbot container HTML: <div class="chatbot_InputContainer inputContainer-focus">
                        <div class="textAreaWrapper">
                        <div id="userInput__qrqan6rb8InputBox" class="textArea" contenteditable="true" data-placeholder="Type message here..."></div>
                        <span class="chatBot chatBot-add-round add-icon d-none p-events-none" id="add-icon__qrqan6rb8InputBox"></span>
                        </div>
                    </div>
[2026-07-13 11:37:06] [ERROR] Failed processing job card 5: 'NoneType' object is not subscriptable
[2026-07-13 11:37:06] --- Processing job 6/20 (term: 'Java Full Stack Developer') ---
[2026-07-13 11:37:07] Opening job: Java Full Stack Developer @ Saibull Global Partners
[2026-07-13 11:37:24] [WARN] Apply button not found/clickable (selector may be stale, or job uses external apply).
[2026-07-13 11:37:25] [ERROR] Failed processing job card 6: 'NoneType' object is not subscriptable
[2026-07-13 11:37:25] --- Processing job 7/20 (term: 'Java Full Stack Developer') ---
[2026-07-13 11:37:25] Opening job: Full Stack Developer Java + React Next js Poland @ Remotestar
[2026-07-13 11:37:43] [WARN] Apply button not found/clickable (selector may be stale, or job uses external apply).
[2026-07-13 11:37:43] [ERROR] Failed processing job card 7: 'NoneType' object is not subscriptable
[2026-07-13 11:37:43] --- Processing job 8/20 (term: 'Java Full Stack Developer') ---
[2026-07-13 11:37:43] Opening job: Full Stack Java Developer @ NS Global Corporation
[2026-07-13 11:38:01] [WARN] Apply button not found/clickable (selector may be stale, or job uses external apply).
[2026-07-13 11:38:01] [ERROR] Failed processing job card 8: 'NoneType' object is not subscriptable
[2026-07-13 11:38:01] --- Processing job 9/20 (term: 'Java Full Stack Developer') ---
[2026-07-13 11:38:01] Opening job: Full Stack Developer (Java & Angular) @ Utimaco
[2026-07-13 11:38:19] [WARN] Apply button not found/clickable (selector may be stale, or job uses external apply).
[2026-07-13 11:38:19] [ERROR] Failed processing job card 9: 'NoneType' object is not subscriptable
[2026-07-13 11:38:19] --- Processing job 10/20 (term: 'Java Full Stack Developer') ---
[2026-07-13 11:38:20] Opening job: Full Stack Developer Java Angular @ Logic Planet
[2026-07-13 11:38:46] [WARN] Apply button not found/clickable (selector may be stale, or job uses external apply).
[2026-07-13 11:38:46] [ERROR] Failed processing job card 10: 'NoneType' object is not subscriptable
[2026-07-13 11:38:46] --- Processing job 11/20 (term: 'Java Full Stack Developer') ---
[2026-07-13 11:38:47] Opening job: Full Stack Java Developer @ AHA Technocrats
[2026-07-13 11:39:04] [WARN] Apply button not found/clickable (selector may be stale, or job uses external apply).
[2026-07-13 11:39:04] [ERROR] Failed processing job card 11: 'NoneType' object is not subscriptable
[2026-07-13 11:39:04] --- Processing job 12/20 (term: 'Java Full Stack Developer') ---
[2026-07-13 11:39:04] Opening job: Web Developer @ Stapples Software Systems
[2026-07-13 11:39:22] [WARN] Apply button not found/clickable (selector may be stale, or job uses external apply).
[2026-07-13 11:39:22] [ERROR] Failed processing job card 12: 'NoneType' object is not subscriptable
[2026-07-13 11:39:22] --- Processing job 13/20 (term: 'Java Full Stack Developer') ---
[2026-07-13 11:39:22] Opening job: Full-Stack Web Developer @ Majestro Media
[2026-07-13 11:39:40] [WARN] Apply button not found/clickable (selector may be stale, or job uses external apply).
[2026-07-13 11:39:40] [ERROR] Failed processing job card 13: 'NoneType' object is not subscriptable
[2026-07-13 11:39:40] --- Processing job 14/20 (term: 'Java Full Stack Developer') ---
[2026-07-13 11:39:40] Opening job: Full Stack Developer @ Cloud202
[2026-07-13 11:39:57] [WARN] Apply button not found/clickable (selector may be stale, or job uses external apply).
[2026-07-13 11:39:58] [ERROR] Failed processing job card 14: 'NoneType' object is not subscriptable
[2026-07-13 11:39:58] --- Processing job 15/20 (term: 'Java Full Stack Developer') ---
[2026-07-13 11:39:58] Opening job: Java Developer @ Webnexus
[2026-07-13 11:40:15] [WARN] Apply button not found/clickable (selector may be stale, or job uses external apply).
[2026-07-13 11:40:15] [ERROR] Failed processing job card 15: 'NoneType' object is not subscriptable
[2026-07-13 11:40:15] --- Processing job 16/20 (term: 'Java Full Stack Developer') ---
[2026-07-13 11:40:15] Opening job: Software Developer (Full Stack) @ Techno Earth
[2026-07-13 11:40:33] [WARN] Apply button not found/clickable (selector may be stale, or job uses external apply).
[2026-07-13 11:40:33] [ERROR] Failed processing job card 16: 'NoneType' object is not subscriptable
[2026-07-13 11:40:33] --- Processing job 17/20 (term: 'Java Full Stack Developer') ---
[2026-07-13 11:40:33] Opening job: Software Engineer @ Numerator
[2026-07-13 11:40:51] [WARN] Apply button not found/clickable (selector may be stale, or job uses external apply).
[2026-07-13 11:40:51] [ERROR] Failed processing job card 17: 'NoneType' object is not subscriptable
[2026-07-13 11:40:51] --- Processing job 18/20 (term: 'Java Full Stack Developer') ---
[2026-07-13 11:40:51] Opening job: Python Developer @ Nexturn
[2026-07-13 11:41:09] [WARN] Apply button not found/clickable (selector may be stale, or job uses external apply).
[2026-07-13 11:41:10] [ERROR] Failed processing job card 18: 'NoneType' object is not subscriptable
[2026-07-13 11:41:10] --- Processing job 19/20 (term: 'Java Full Stack Developer') ---
[2026-07-13 11:41:10] Opening job: Middle Full-Stack Engineer | Solvy @ Boosta
[2026-07-13 11:41:27] [WARN] Apply button not found/clickable (selector may be stale, or job uses external apply).
[2026-07-13 11:41:27] [ERROR] Failed processing job card 19: 'NoneType' object is not subscriptable
[2026-07-13 11:41:27] --- Processing job 20/20 (term: 'Java Full Stack Developer') ---
[2026-07-13 11:41:27] Opening job: AI Fullstack Developer @ Zealogics.com
[2026-07-13 11:41:45] [WARN] Apply button not found/clickable (selector may be stale, or job uses external apply).
[2026-07-13 11:41:45] [ERROR] Failed processing job card 20: 'NoneType' object is not subscriptable
[2026-07-13 11:41:45] ═══ Searching: 'Senior Java Full Stack Developer' ═══
[2026-07-13 11:41:45] Navigating to job search results for 'Senior Java Full Stack Developer': https://www.naukri.com/senior-java-full-stack-developer-jobs?k=Senior+Java+Full+Stack+Developer&experience=4&wfhType=2
[2026-07-13 11:41:48] Job listings loaded.
[2026-07-13 11:41:56] [WARN] Could not find the 'Easy Apply' sidebar checkbox — selector may be stale, verify EASY_APPLY_CHECKBOX_SEL against the live page.
[2026-07-13 11:41:56] Found 20 job card(s) for 'Senior Java Full Stack Developer'.
[2026-07-13 11:41:56] --- Processing job 1/20 (term: 'Senior Java Full Stack Developer') ---
[2026-07-13 11:41:56] Opening job: PCSM Developer @ Shavish Group
[2026-07-13 11:42:15] [WARN] Apply button not found/clickable (selector may be stale, or job uses external apply).
[2026-07-13 11:42:15] [ERROR] Failed processing job card 1: 'NoneType' object is not subscriptable
[2026-07-13 11:42:15] --- Processing job 2/20 (term: 'Senior Java Full Stack Developer') ---
[2026-07-13 11:42:15] Opening job: Senior Java Developers @ ANTI-Ai PRIVATE LIMITED
[2026-07-13 11:42:33] [WARN] Apply button not found/clickable (selector may be stale, or job uses external apply).
[2026-07-13 11:42:33] [ERROR] Failed processing job card 2: 'NoneType' object is not subscriptable
[2026-07-13 11:42:33] --- Processing job 3/20 (term: 'Senior Java Full Stack Developer') ---
[2026-07-13 11:42:33] Opening job: Senior Full-Stack Developer @ Gosotek Technologies
[2026-07-13 11:42:52] [WARN] Apply button not found/clickable (selector may be stale, or job uses external apply).
[2026-07-13 11:42:52] [ERROR] Failed processing job card 3: 'NoneType' object is not subscriptable
[2026-07-13 11:42:52] --- Processing job 4/20 (term: 'Senior Java Full Stack Developer') ---
[2026-07-13 11:42:52] Opening job: Senior Java Developer @ Bluesoft Software Solution
[2026-07-13 11:43:10] [WARN] Apply button not found/clickable (selector may be stale, or job uses external apply).
[2026-07-13 11:43:10] [ERROR] Failed processing job card 4: 'NoneType' object is not subscriptable
[2026-07-13 11:43:10] --- Processing job 5/20 (term: 'Senior Java Full Stack Developer') ---
[2026-07-13 11:43:10] Opening job: Senior Software Engineer @ Zuddl
[2026-07-13 11:43:29] [WARN] Apply button not found/clickable (selector may be stale, or job uses external apply).
[2026-07-13 11:43:29] [ERROR] Failed processing job card 5: 'NoneType' object is not subscriptable
[2026-07-13 11:43:29] --- Processing job 6/20 (term: 'Senior Java Full Stack Developer') ---
[2026-07-13 11:43:29] Opening job: Senior PHP Developer | Edlight @ Boosta
[2026-07-13 11:43:47] [WARN] Apply button not found/clickable (selector may be stale, or job uses external apply).
[2026-07-13 11:43:47] [ERROR] Failed processing job card 6: 'NoneType' object is not subscriptable
[2026-07-13 11:43:47] --- Processing job 7/20 (term: 'Senior Java Full Stack Developer') ---
[2026-07-13 11:43:47] Opening job: Full Stack Developer @ E Tech Software
[2026-07-13 11:44:05] [WARN] Apply button not found/clickable (selector may be stale, or job uses external apply).
[2026-07-13 11:44:05] [ERROR] Failed processing job card 7: 'NoneType' object is not subscriptable
[2026-07-13 11:44:05] --- Processing job 8/20 (term: 'Senior Java Full Stack Developer') ---
[2026-07-13 11:44:05] Opening job: Senior Java Developer @ Harris Global Business Services
[2026-07-13 11:44:24] [WARN] Apply button not found/clickable (selector may be stale, or job uses external apply).
[2026-07-13 11:44:24] [ERROR] Failed processing job card 8: 'NoneType' object is not subscriptable
[2026-07-13 11:44:24] --- Processing job 9/20 (term: 'Senior Java Full Stack Developer') ---
[2026-07-13 11:44:24] Opening job: Senior Java Developer @ Harris Healthcare
[2026-07-13 11:44:42] [WARN] Apply button not found/clickable (selector may be stale, or job uses external apply).
[2026-07-13 11:44:42] [ERROR] Failed processing job card 9: 'NoneType' object is not subscriptable
[2026-07-13 11:44:42] --- Processing job 10/20 (term: 'Senior Java Full Stack Developer') ---
[2026-07-13 11:44:42] Opening job: Hiring For Software Engineer - AI / Claude Developer @ Infovenz
[2026-07-13 11:45:01] [WARN] Apply button not found/clickable (selector may be stale, or job uses external apply).
[2026-07-13 11:45:01] [ERROR] Failed processing job card 10: 'NoneType' object is not subscriptable
[2026-07-13 11:45:01] --- Processing job 11/20 (term: 'Senior Java Full Stack Developer') ---
[2026-07-13 11:45:01] Opening job: BPI Developer Sr Developer @ Sparix Global
[2026-07-13 11:45:19] [WARN] Apply button not found/clickable (selector may be stale, or job uses external apply).
[2026-07-13 11:45:19] [ERROR] Failed processing job card 11: 'NoneType' object is not subscriptable
[2026-07-13 11:45:19] --- Processing job 12/20 (term: 'Senior Java Full Stack Developer') ---
[2026-07-13 11:45:19] Opening job: Java Full Stack Developer @ Uventure
[2026-07-13 11:45:37] [WARN] Apply button not found/clickable (selector may be stale, or job uses external apply).
[2026-07-13 11:45:37] [ERROR] Failed processing job card 12: 'NoneType' object is not subscriptable
[2026-07-13 11:45:37] --- Processing job 13/20 (term: 'Senior Java Full Stack Developer') ---
[2026-07-13 11:45:38] Opening job: BPI Developer / Senior Developer @ Sparix Global
[2026-07-13 11:45:56] [WARN] Apply button not found/clickable (selector may be stale, or job uses external apply).
[2026-07-13 11:45:56] [ERROR] Failed processing job card 13: 'NoneType' object is not subscriptable
[2026-07-13 11:45:56] --- Processing job 14/20 (term: 'Senior Java Full Stack Developer') ---
[2026-07-13 11:45:56] Opening job: Full Stack Developer - Grant Management Platform - Pan india @ Social Alpha
[2026-07-13 11:46:14] [WARN] Apply button not found/clickable (selector may be stale, or job uses external apply).
[2026-07-13 11:46:14] [ERROR] Failed processing job card 14: 'NoneType' object is not subscriptable
[2026-07-13 11:46:14] --- Processing job 15/20 (term: 'Senior Java Full Stack Developer') ---
[2026-07-13 11:46:14] Opening job: Senior Mendix Developer @ Sagous
[2026-07-13 11:46:32] [WARN] Apply button not found/clickable (selector may be stale, or job uses external apply).
[2026-07-13 11:46:32] [ERROR] Failed processing job card 15: 'NoneType' object is not subscriptable
[2026-07-13 11:46:32] --- Processing job 16/20 (term: 'Senior Java Full Stack Developer') ---
[2026-07-13 11:46:32] Opening job: Senior Full Stack Java Software Engineer @ Global Business Ser 4u
[2026-07-13 11:46:50] [WARN] Apply button not found/clickable (selector may be stale, or job uses external apply).
[2026-07-13 11:46:50] [ERROR] Failed processing job card 16: 'NoneType' object is not subscriptable
[2026-07-13 11:46:50] --- Processing job 17/20 (term: 'Senior Java Full Stack Developer') ---
[2026-07-13 11:46:50] Opening job: Full stack Architect(freelancer/consultant) @ Codevian Technologies
[2026-07-13 11:47:08] [WARN] Apply button not found/clickable (selector may be stale, or job uses external apply).
[2026-07-13 11:47:08] [ERROR] Failed processing job card 17: 'NoneType' object is not subscriptable
[2026-07-13 11:47:08] --- Processing job 18/20 (term: 'Senior Java Full Stack Developer') ---
[2026-07-13 11:47:08] Opening job: Senior Full Stack Developer @ Protracon Technologies
[2026-07-13 11:47:26] [WARN] Apply button not found/clickable (selector may be stale, or job uses external apply).
[2026-07-13 11:47:26] [ERROR] Failed processing job card 18: 'NoneType' object is not subscriptable
[2026-07-13 11:47:26] --- Processing job 19/20 (term: 'Senior Java Full Stack Developer') ---
[2026-07-13 11:47:26] Opening job: Senior Software Developer Applications @ Learntastic
[2026-07-13 11:47:44] [WARN] Apply button not found/clickable (selector may be stale, or job uses external apply).
[2026-07-13 11:47:44] [ERROR] Failed processing job card 19: 'NoneType' object is not subscriptable
[2026-07-13 11:47:44] --- Processing job 20/20 (term: 'Senior Java Full Stack Developer') ---
[2026-07-13 11:47:45] Opening job: Java Developer(associate and senior Associate ) @ Insignia Consultancy Solutions
[2026-07-13 11:48:03] [WARN] Apply button not found/clickable (selector may be stale, or job uses external apply).
[2026-07-13 11:48:03] [ERROR] Failed processing job card 20: 'NoneType' object is not subscriptable
[2026-07-13 11:48:03] ═══ Searching: 'Java Developer' ═══
[2026-07-13 11:48:03] Navigating to job search results for 'Java Developer': https://www.naukri.com/java-developer-jobs?k=Java+Developer&experience=4&wfhType=2
[2026-07-13 11:48:05] Job listings loaded.
[2026-07-13 11:48:13] [WARN] Could not find the 'Easy Apply' sidebar checkbox — selector may be stale, verify EASY_APPLY_CHECKBOX_SEL against the live page.
[2026-07-13 11:48:13] Found 20 job card(s) for 'Java Developer'.
[2026-07-13 11:48:13] --- Processing job 1/20 (term: 'Java Developer') ---
[2026-07-13 11:48:14] Opening job: Java Developer @ Auxirem Technology
[2026-07-13 11:48:32] [WARN] Apply button not found/clickable (selector may be stale, or job uses external apply).
[2026-07-13 11:48:32] [ERROR] Failed processing job card 1: 'NoneType' object is not subscriptable
[2026-07-13 11:48:32] --- Processing job 2/20 (term: 'Java Developer') ---
[2026-07-13 11:48:32] Opening job: Java Developer @ Webnexus
[2026-07-13 11:48:50] [WARN] Apply button not found/clickable (selector may be stale, or job uses external apply).
[2026-07-13 11:48:50] [ERROR] Failed processing job card 2: 'NoneType' object is not subscriptable
[2026-07-13 11:48:50] --- Processing job 3/20 (term: 'Java Developer') ---
[2026-07-13 11:48:50] Opening job: Java Developer @ Trantor
[2026-07-13 11:49:08] [WARN] Apply button not found/clickable (selector may be stale, or job uses external apply).
[2026-07-13 11:49:08] [ERROR] Failed processing job card 3: 'NoneType' object is not subscriptable
[2026-07-13 11:49:08] --- Processing job 4/20 (term: 'Java Developer') ---
[2026-07-13 11:49:08] Opening job: Java Developer @ Nexdew Technologies
[2026-07-13 11:49:26] [WARN] Apply button not found/clickable (selector may be stale, or job uses external apply).
[2026-07-13 11:49:26] [ERROR] Failed processing job card 4: 'NoneType' object is not subscriptable
[2026-07-13 11:49:26] --- Processing job 5/20 (term: 'Java Developer') ---
[2026-07-13 11:49:26] Opening job: Java Developer @ MNJ Software
[2026-07-13 11:49:44] [WARN] Apply button not found/clickable (selector may be stale, or job uses external apply).
[2026-07-13 11:49:44] [ERROR] Failed processing job card 5: 'NoneType' object is not subscriptable
[2026-07-13 11:49:44] --- Processing job 6/20 (term: 'Java Developer') ---
[2026-07-13 11:49:44] Opening job: Java Developer @ Ovitech Solutions
[2026-07-13 11:50:03] [WARN] Apply button not found/clickable (selector may be stale, or job uses external apply).
[2026-07-13 11:50:03] [ERROR] Failed processing job card 6: 'NoneType' object is not subscriptable
[2026-07-13 11:50:03] --- Processing job 7/20 (term: 'Java Developer') ---
[2026-07-13 11:50:03] Opening job: Java Developer @ Crayontek
[2026-07-13 11:50:21] [WARN] Apply button not found/clickable (selector may be stale, or job uses external apply).
[2026-07-13 11:50:21] [ERROR] Failed processing job card 7: 'NoneType' object is not subscriptable
[2026-07-13 11:50:21] --- Processing job 8/20 (term: 'Java Developer') ---
[2026-07-13 11:50:21] Opening job: Java Developer @ Weitglobal
[2026-07-13 11:50:39] [WARN] Apply button not found/clickable (selector may be stale, or job uses external apply).
[2026-07-13 11:50:39] [ERROR] Failed processing job card 8: 'NoneType' object is not subscriptable
[2026-07-13 11:50:39] --- Processing job 9/20 (term: 'Java Developer') ---
[2026-07-13 11:50:39] Opening job: Java Developer @ Recruitly
[2026-07-13 11:50:57] [WARN] Apply button not found/clickable (selector may be stale, or job uses external apply).
[2026-07-13 11:50:57] [ERROR] Failed processing job card 9: 'NoneType' object is not subscriptable
[2026-07-13 11:50:57] --- Processing job 10/20 (term: 'Java Developer') ---
[2026-07-13 11:50:57] Opening job: Java Developer @ Yellow Sapphire
[2026-07-13 11:51:15] [WARN] Apply button not found/clickable (selector may be stale, or job uses external apply).
[2026-07-13 11:51:15] [ERROR] Failed processing job card 10: 'NoneType' object is not subscriptable
[2026-07-13 11:51:15] --- Processing job 11/20 (term: 'Java Developer') ---
[2026-07-13 11:51:15] Opening job: Java Developer with AI Focus @ Verdantis
[2026-07-13 11:51:34] [WARN] Apply button not found/clickable (selector may be stale, or job uses external apply).
[2026-07-13 11:51:34] [ERROR] Failed processing job card 11: 'NoneType' object is not subscriptable
[2026-07-13 11:51:34] --- Processing job 12/20 (term: 'Java Developer') ---
[2026-07-13 11:51:34] Opening job: Java Developers @ JK Lucent
[2026-07-13 11:51:52] [WARN] Apply button not found/clickable (selector may be stale, or job uses external apply).
[2026-07-13 11:51:52] [ERROR] Failed processing job card 12: 'NoneType' object is not subscriptable
[2026-07-13 11:51:52] --- Processing job 13/20 (term: 'Java Developer') ---
[2026-07-13 11:51:52] Opening job: Mid Experience Java Developer @ Crayontek
[2026-07-13 11:52:10] [WARN] Apply button not found/clickable (selector may be stale, or job uses external apply).
[2026-07-13 11:52:10] [ERROR] Failed processing job card 13: 'NoneType' object is not subscriptable
[2026-07-13 11:52:10] --- Processing job 14/20 (term: 'Java Developer') ---
[2026-07-13 11:52:10] Opening job: Java Developer @ Irisidea
[2026-07-13 11:52:28] [WARN] Apply button not found/clickable (selector may be stale, or job uses external apply).
[2026-07-13 11:52:28] [ERROR] Failed processing job card 14: 'NoneType' object is not subscriptable
[2026-07-13 11:52:28] --- Processing job 15/20 (term: 'Java Developer') ---
[2026-07-13 11:52:28] Opening job: Java Developers @ Sourcetrace Systems
[2026-07-13 11:52:46] [WARN] Apply button not found/clickable (selector may be stale, or job uses external apply).
[2026-07-13 11:52:46] [ERROR] Failed processing job card 15: 'NoneType' object is not subscriptable
[2026-07-13 11:52:46] --- Processing job 16/20 (term: 'Java Developer') ---
[2026-07-13 11:52:46] Opening job: Java Developer @ Iris Info
[2026-07-13 11:53:04] [WARN] Apply button not found/clickable (selector may be stale, or job uses external apply).
[2026-07-13 11:53:04] [ERROR] Failed processing job card 16: 'NoneType' object is not subscriptable
[2026-07-13 11:53:04] --- Processing job 17/20 (term: 'Java Developer') ---
[2026-07-13 11:53:04] Opening job: Java Developer @ NTK Creative Tech
[2026-07-13 11:53:23] [WARN] Apply button not found/clickable (selector may be stale, or job uses external apply).
[2026-07-13 11:53:23] [ERROR] Failed processing job card 17: 'NoneType' object is not subscriptable
[2026-07-13 11:53:23] --- Processing job 18/20 (term: 'Java Developer') ---
[2026-07-13 11:53:23] Opening job: Java Developer @ Gokool Software Labs
[2026-07-13 11:53:41] [WARN] Apply button not found/clickable (selector may be stale, or job uses external apply).
[2026-07-13 11:53:41] [ERROR] Failed processing job card 18: 'NoneType' object is not subscriptable
[2026-07-13 11:53:41] --- Processing job 19/20 (term: 'Java Developer') ---
[2026-07-13 11:53:41] Opening job: Java + Selenium Developer, Pan India @ Virtualware Innovations
[2026-07-13 11:53:59] [WARN] Apply button not found/clickable (selector may be stale, or job uses external apply).
[2026-07-13 11:53:59] [ERROR] Failed processing job card 19: 'NoneType' object is not subscriptable
[2026-07-13 11:53:59] --- Processing job 20/20 (term: 'Java Developer') ---
[2026-07-13 11:53:59] Opening job: Java Spark Developer @ Overture Rede
[2026-07-13 11:54:17] [WARN] Apply button not found/clickable (selector may be stale, or job uses external apply).
[2026-07-13 11:54:18] [ERROR] Failed processing job card 20: 'NoneType' object is not subscriptable
[2026-07-13 11:54:18] ═══ Searching: 'Senior Java Developer' ═══
[2026-07-13 11:54:18] Navigating to job search results for 'Senior Java Developer': https://www.naukri.com/senior-java-developer-jobs?k=Senior+Java+Developer&experience=4&wfhType=2
[2026-07-13 11:54:21] Job listings loaded.
[2026-07-13 11:54:29] [WARN] Could not find the 'Easy Apply' sidebar checkbox — selector may be stale, verify EASY_APPLY_CHECKBOX_SEL against the live page.
[2026-07-13 11:54:29] Found 20 job card(s) for 'Senior Java Developer'.
[2026-07-13 11:54:29] --- Processing job 1/20 (term: 'Senior Java Developer') ---
[2026-07-13 11:54:29] Opening job: Senior Java Developers @ ANTI-Ai PRIVATE LIMITED
[2026-07-13 11:54:47] [WARN] Apply button not found/clickable (selector may be stale, or job uses external apply).
[2026-07-13 11:54:47] [ERROR] Failed processing job card 1: 'NoneType' object is not subscriptable
[2026-07-13 11:54:47] --- Processing job 2/20 (term: 'Senior Java Developer') ---
[2026-07-13 11:54:47] Opening job: Senior Java Developer @ Bluesoft Software Solution
[2026-07-13 11:55:05] [WARN] Apply button not found/clickable (selector may be stale, or job uses external apply).
[2026-07-13 11:55:05] [ERROR] Failed processing job card 2: 'NoneType' object is not subscriptable
[2026-07-13 11:55:05] --- Processing job 3/20 (term: 'Senior Java Developer') ---
[2026-07-13 11:55:05] Opening job: Sr. java developers (2+) @ Nexgeniot
[2026-07-13 11:55:23] [WARN] Apply button not found/clickable (selector may be stale, or job uses external apply).
[2026-07-13 11:55:23] [ERROR] Failed processing job card 3: 'NoneType' object is not subscriptable
[2026-07-13 11:55:23] --- Processing job 4/20 (term: 'Senior Java Developer') ---
[2026-07-13 11:55:23] Opening job: Sr. Java Developer @ MNJ Software
[2026-07-13 11:55:41] [WARN] Apply button not found/clickable (selector may be stale, or job uses external apply).
[2026-07-13 11:55:41] [ERROR] Failed processing job card 4: 'NoneType' object is not subscriptable
[2026-07-13 11:55:41] --- Processing job 5/20 (term: 'Senior Java Developer') ---
[2026-07-13 11:55:41] Opening job: Java Developer(associate and senior Associate ) @ Insignia Consultancy Solutions
[2026-07-13 11:55:59] [WARN] Apply button not found/clickable (selector may be stale, or job uses external apply).
[2026-07-13 11:55:59] [ERROR] Failed processing job card 5: 'NoneType' object is not subscriptable
[2026-07-13 11:55:59] --- Processing job 6/20 (term: 'Senior Java Developer') ---
[2026-07-13 11:55:59] Opening job: Senior Java Developer @ Harris Global Business Services
[2026-07-13 11:56:17] [WARN] Apply button not found/clickable (selector may be stale, or job uses external apply).
[2026-07-13 11:56:17] [ERROR] Failed processing job card 6: 'NoneType' object is not subscriptable
[2026-07-13 11:56:17] --- Processing job 7/20 (term: 'Senior Java Developer') ---
[2026-07-13 11:56:17] Opening job: Senior Java Developer @ Harris Healthcare
[2026-07-13 11:56:35] [WARN] Apply button not found/clickable (selector may be stale, or job uses external apply).
[2026-07-13 11:56:35] [ERROR] Failed processing job card 7: 'NoneType' object is not subscriptable
[2026-07-13 11:56:35] --- Processing job 8/20 (term: 'Senior Java Developer') ---
[2026-07-13 11:56:35] Opening job: Senior Java Developer @ Innovya Technologies
[2026-07-13 11:56:53] [WARN] Apply button not found/clickable (selector may be stale, or job uses external apply).
[2026-07-13 11:56:53] [ERROR] Failed processing job card 8: 'NoneType' object is not subscriptable
[2026-07-13 11:56:53] --- Processing job 9/20 (term: 'Senior Java Developer') ---
[2026-07-13 11:56:53] Opening job: Senior Java Developer @ Virtualware Innovations
[2026-07-13 11:57:11] [WARN] Apply button not found/clickable (selector may be stale, or job uses external apply).
[2026-07-13 11:57:11] [ERROR] Failed processing job card 9: 'NoneType' object is not subscriptable
[2026-07-13 11:57:11] --- Processing job 10/20 (term: 'Senior Java Developer') ---
[2026-07-13 11:57:11] Opening job: Senior Java Developer @ Virtualware Innovations
[2026-07-13 11:57:29] [WARN] Apply button not found/clickable (selector may be stale, or job uses external apply).
[2026-07-13 11:57:29] [ERROR] Failed processing job card 10: 'NoneType' object is not subscriptable
[2026-07-13 11:57:29] --- Processing job 11/20 (term: 'Senior Java Developer') ---
[2026-07-13 11:57:29] Opening job: Senior Software Engineer @ Niyati
[2026-07-13 11:57:46] [WARN] Apply button not found/clickable (selector may be stale, or job uses external apply).
[2026-07-13 11:57:47] [ERROR] Failed processing job card 11: 'NoneType' object is not subscriptable
[2026-07-13 11:57:47] --- Processing job 12/20 (term: 'Senior Java Developer') ---
[2026-07-13 11:57:47] Opening job: Senior Software Engineer @ Zuddl
[2026-07-13 11:58:04] [WARN] Apply button not found/clickable (selector may be stale, or job uses external apply).
[2026-07-13 11:58:04] [ERROR] Failed processing job card 12: 'NoneType' object is not subscriptable
[2026-07-13 11:58:04] --- Processing job 13/20 (term: 'Senior Java Developer') ---
[2026-07-13 11:58:05] Opening job: Software Engineer @ Versante Software Technologies
[2026-07-13 11:58:22] [WARN] Apply button not found/clickable (selector may be stale, or job uses external apply).
[2026-07-13 11:58:22] [ERROR] Failed processing job card 13: 'NoneType' object is not subscriptable
[2026-07-13 11:58:22] --- Processing job 14/20 (term: 'Senior Java Developer') ---
[2026-07-13 11:58:22] Opening job: Senior Software Developer - Java (Freelance) @ Biz Tech Analytics
[2026-07-13 11:58:29] Entering handle_chatbot_question. Non-interactive mode: False
[2026-07-13 11:58:37] No chatbot questionnaire detected (or didn't load within 8s).
[2026-07-13 11:58:39] [ERROR] Failed processing job card 14: 'NoneType' object is not subscriptable
[2026-07-13 11:58:39] --- Processing job 15/20 (term: 'Senior Java Developer') ---
[2026-07-13 11:58:39] Opening job: Senior Data Engineer - Pune - Rudder Analytics @ Rudder Analytics
[2026-07-13 11:58:46] Entering handle_chatbot_question. Non-interactive mode: False
[2026-07-13 11:58:56] No chatbot questionnaire detected (or didn't load within 8s).
[2026-07-13 11:58:58] [ERROR] Failed processing job card 15: 'NoneType' object is not subscriptable
[2026-07-13 11:58:58] --- Processing job 16/20 (term: 'Senior Java Developer') ---
[2026-07-13 11:58:58] Opening job: Senior Full-Stack Developer @ Gosotek Technologies
[2026-07-13 11:59:16] [WARN] Apply button not found/clickable (selector may be stale, or job uses external apply).
[2026-07-13 11:59:16] [ERROR] Failed processing job card 16: 'NoneType' object is not subscriptable
[2026-07-13 11:59:16] --- Processing job 17/20 (term: 'Senior Java Developer') ---
[2026-07-13 11:59:17] Opening job: SDET With Api Automation @ 4labs Technologies
[2026-07-13 11:59:34] [WARN] Apply button not found/clickable (selector may be stale, or job uses external apply).
[2026-07-13 11:59:34] [ERROR] Failed processing job card 17: 'NoneType' object is not subscriptable
[2026-07-13 11:59:34] --- Processing job 18/20 (term: 'Senior Java Developer') ---
[2026-07-13 11:59:35] Opening job: Senior Engineer, PHP Drupal @ Nagarro
[2026-07-13 11:59:53] [WARN] Apply button not found/clickable (selector may be stale, or job uses external apply).
[2026-07-13 11:59:53] [ERROR] Failed processing job card 18: 'NoneType' object is not subscriptable
[2026-07-13 11:59:53] --- Processing job 19/20 (term: 'Senior Java Developer') ---
[2026-07-13 11:59:53] Opening job: Senior PHP Developer | Edlight @ Boosta
[2026-07-13 12:00:10] [WARN] Apply button not found/clickable (selector may be stale, or job uses external apply).
[2026-07-13 12:00:11] [ERROR] Failed processing job card 19: 'NoneType' object is not subscriptable
[2026-07-13 12:00:11] --- Processing job 20/20 (term: 'Senior Java Developer') ---
[2026-07-13 12:00:12] Opening job: Senior Full Stack Developer @ Protracon Technologies
[2026-07-13 12:00:32] [WARN] Apply button not found/clickable (selector may be stale, or job uses external apply).
[2026-07-13 12:00:32] [ERROR] Failed processing job card 20: 'NoneType' object is not subscriptable
[2026-07-13 12:00:32] ═══ Searching: 'Spring Boot Developer' ═══
[2026-07-13 12:00:32] Navigating to job search results for 'Spring Boot Developer': https://www.naukri.com/spring-boot-developer-jobs?k=Spring+Boot+Developer&experience=4&wfhType=2
[2026-07-13 12:00:35] Job listings loaded.
[2026-07-13 12:00:44] [WARN] Could not find the 'Easy Apply' sidebar checkbox — selector may be stale, verify EASY_APPLY_CHECKBOX_SEL against the live page.
[2026-07-13 12:00:44] Found 20 job card(s) for 'Spring Boot Developer'.
[2026-07-13 12:00:44] --- Processing job 1/20 (term: 'Spring Boot Developer') ---
[2026-07-13 12:00:44] Opening job: Java Developer @ Nexdew Technologies
[2026-07-13 12:01:03] [WARN] Apply button not found/clickable (selector may be stale, or job uses external apply).
[2026-07-13 12:01:03] [ERROR] Failed processing job card 1: 'NoneType' object is not subscriptable
[2026-07-13 12:01:03] --- Processing job 2/20 (term: 'Spring Boot Developer') ---
[2026-07-13 12:01:04] Opening job: Java Developer @ Webnexus
[2026-07-13 12:01:27] [WARN] Apply button not found/clickable (selector may be stale, or job uses external apply).
[2026-07-13 12:01:27] [ERROR] Failed processing job card 2: 'NoneType' object is not subscriptable
[2026-07-13 12:01:27] --- Processing job 3/20 (term: 'Spring Boot Developer') ---
[2026-07-13 12:01:27] Opening job: Software Developer (Full Stack) @ Techno Earth
[2026-07-13 12:01:45] [WARN] Apply button not found/clickable (selector may be stale, or job uses external apply).
[2026-07-13 12:01:45] [ERROR] Failed processing job card 3: 'NoneType' object is not subscriptable
[2026-07-13 12:01:45] --- Processing job 4/20 (term: 'Spring Boot Developer') ---
[2026-07-13 12:01:45] Opening job: Backend Developer (MERN | PostgreSQL) @ Stacklab
[2026-07-13 12:02:03] [WARN] Apply button not found/clickable (selector may be stale, or job uses external apply).
[2026-07-13 12:02:03] [ERROR] Failed processing job card 4: 'NoneType' object is not subscriptable
[2026-07-13 12:02:03] --- Processing job 5/20 (term: 'Spring Boot Developer') ---
[2026-07-13 12:02:03] Opening job: AI Fullstack Developer @ Zealogics.com
[2026-07-13 12:02:21] [WARN] Apply button not found/clickable (selector may be stale, or job uses external apply).
[2026-07-13 12:02:21] [ERROR] Failed processing job card 5: 'NoneType' object is not subscriptable
[2026-07-13 12:02:21] --- Processing job 6/20 (term: 'Spring Boot Developer') ---
[2026-07-13 12:02:21] Opening job: Senior Software Engineer @ Niyati
[2026-07-13 12:02:39] [WARN] Apply button not found/clickable (selector may be stale, or job uses external apply).
[2026-07-13 12:02:39] [ERROR] Failed processing job card 6: 'NoneType' object is not subscriptable
[2026-07-13 12:02:39] --- Processing job 7/20 (term: 'Spring Boot Developer') ---
[2026-07-13 12:02:40] Opening job: Full Stack Developers @ Lorven Technologies
[2026-07-13 12:02:58] [WARN] Apply button not found/clickable (selector may be stale, or job uses external apply).
[2026-07-13 12:02:58] [ERROR] Failed processing job card 7: 'NoneType' object is not subscriptable
[2026-07-13 12:02:58] --- Processing job 8/20 (term: 'Spring Boot Developer') ---
[2026-07-13 12:02:58] Opening job: Associate Staff Engineer, Frontend AngularJS @ Nagarro
[2026-07-13 12:03:18] [WARN] Apply button not found/clickable (selector may be stale, or job uses external apply).
[2026-07-13 12:03:18] [ERROR] Failed processing job card 8: 'NoneType' object is not subscriptable
[2026-07-13 12:03:18] --- Processing job 9/20 (term: 'Spring Boot Developer') ---
[2026-07-13 12:03:18] Opening job: Associate Staff Engineer, Cloud @ Nagarro
[2026-07-13 12:03:36] [WARN] Apply button not found/clickable (selector may be stale, or job uses external apply).
[2026-07-13 12:03:36] [ERROR] Failed processing job card 9: 'NoneType' object is not subscriptable
[2026-07-13 12:03:36] --- Processing job 10/20 (term: 'Spring Boot Developer') ---
[2026-07-13 12:03:36] Opening job: Senior Full Stack Developer @ Protracon Technologies
[2026-07-13 12:03:53] [WARN] Apply button not found/clickable (selector may be stale, or job uses external apply).
[2026-07-13 12:03:53] [ERROR] Failed processing job card 10: 'NoneType' object is not subscriptable
[2026-07-13 12:03:53] --- Processing job 11/20 (term: 'Spring Boot Developer') ---
[2026-07-13 12:03:53] Opening job: SDE I - Full Stack @ Viralme
[2026-07-13 12:04:12] [WARN] Apply button not found/clickable (selector may be stale, or job uses external apply).
[2026-07-13 12:04:12] [ERROR] Failed processing job card 11: 'NoneType' object is not subscriptable
[2026-07-13 12:04:12] --- Processing job 12/20 (term: 'Spring Boot Developer') ---
[2026-07-13 12:04:12] Opening job: Full Stack Developer @ Avomind
[2026-07-13 12:04:30] [WARN] Apply button not found/clickable (selector may be stale, or job uses external apply).
[2026-07-13 12:04:30] [ERROR] Failed processing job card 12: 'NoneType' object is not subscriptable
[2026-07-13 12:04:30] --- Processing job 13/20 (term: 'Spring Boot Developer') ---
[2026-07-13 12:04:30] Opening job: Full-Stack Software Engineer @ Divyan Technologies Lucknow
[2026-07-13 12:04:48] [WARN] Apply button not found/clickable (selector may be stale, or job uses external apply).
[2026-07-13 12:04:48] [ERROR] Failed processing job card 13: 'NoneType' object is not subscriptable
[2026-07-13 12:04:48] --- Processing job 14/20 (term: 'Spring Boot Developer') ---
[2026-07-13 12:04:48] Opening job: Associate Staff Engineer, Mobile Cross Platform @ Nagarro
[2026-07-13 12:05:06] [WARN] Apply button not found/clickable (selector may be stale, or job uses external apply).
[2026-07-13 12:05:06] [ERROR] Failed processing job card 14: 'NoneType' object is not subscriptable
[2026-07-13 12:05:06] --- Processing job 15/20 (term: 'Spring Boot Developer') ---
[2026-07-13 12:05:06] Opening job: Associate Staff Engineer, .Net Web @ Nagarro
[2026-07-13 12:05:24] [WARN] Apply button not found/clickable (selector may be stale, or job uses external apply).
[2026-07-13 12:05:24] [ERROR] Failed processing job card 15: 'NoneType' object is not subscriptable
[2026-07-13 12:05:24] --- Processing job 16/20 (term: 'Spring Boot Developer') ---
[2026-07-13 12:05:24] Opening job: Full Stack Developer @ BSH Technologies
[2026-07-13 12:05:42] [WARN] Apply button not found/clickable (selector may be stale, or job uses external apply).
[2026-07-13 12:05:42] [ERROR] Failed processing job card 16: 'NoneType' object is not subscriptable
[2026-07-13 12:05:42] --- Processing job 17/20 (term: 'Spring Boot Developer') ---
[2026-07-13 12:05:42] Opening job: Full Stack Developer @ Genus Healthcare Solution And It Consulting
[2026-07-13 12:06:00] [WARN] Apply button not found/clickable (selector may be stale, or job uses external apply).
[2026-07-13 12:06:00] [ERROR] Failed processing job card 17: 'NoneType' object is not subscriptable
[2026-07-13 12:06:00] --- Processing job 18/20 (term: 'Spring Boot Developer') ---
[2026-07-13 12:06:00] Opening job: Full-Stack Engineer (AI-Native) @ Commerciax Infotech
[2026-07-13 12:06:17] [WARN] Apply button not found/clickable (selector may be stale, or job uses external apply).
[2026-07-13 12:06:17] [ERROR] Failed processing job card 18: 'NoneType' object is not subscriptable
[2026-07-13 12:06:17] --- Processing job 19/20 (term: 'Spring Boot Developer') ---
[2026-07-13 12:06:17] Opening job: Associate Staff Engineer @ Nagarro
[2026-07-13 12:06:35] [WARN] Apply button not found/clickable (selector may be stale, or job uses external apply).
[2026-07-13 12:06:35] [ERROR] Failed processing job card 19: 'NoneType' object is not subscriptable
[2026-07-13 12:06:35] --- Processing job 20/20 (term: 'Spring Boot Developer') ---
[2026-07-13 12:06:35] Opening job: Senior Java Developers @ ANTI-Ai PRIVATE LIMITED
[2026-07-13 12:06:53] [WARN] Apply button not found/clickable (selector may be stale, or job uses external apply).
[2026-07-13 12:06:53] [ERROR] Failed processing job card 20: 'NoneType' object is not subscriptable
[2026-07-13 12:06:53] ═══ Searching: 'Java Microservices Developer' ═══
[2026-07-13 12:06:53] Navigating to job search results for 'Java Microservices Developer': https://www.naukri.com/java-microservices-developer-jobs?k=Java+Microservices+Developer&experience=4&wfhType=2
[2026-07-13 12:06:56] Job listings loaded.
[2026-07-13 12:07:04] [WARN] Could not find the 'Easy Apply' sidebar checkbox — selector may be stale, verify EASY_APPLY_CHECKBOX_SEL against the live page.
[2026-07-13 12:07:05] Found 20 job card(s) for 'Java Microservices Developer'.
[2026-07-13 12:07:05] --- Processing job 1/20 (term: 'Java Microservices Developer') ---
[2026-07-13 12:07:05] Opening job: Java + Microservices Developers, Pan India @ Virtualware Innovations
[2026-07-13 12:07:23] [WARN] Apply button not found/clickable (selector may be stale, or job uses external apply).
[2026-07-13 12:07:23] [ERROR] Failed processing job card 1: 'NoneType' object is not subscriptable
[2026-07-13 12:07:23] --- Processing job 2/20 (term: 'Java Microservices Developer') ---
[2026-07-13 12:07:23] Opening job: Java + Microservices Developers @ Virtualware Innovations
[2026-07-13 12:07:42] [WARN] Apply button not found/clickable (selector may be stale, or job uses external apply).
[2026-07-13 12:07:42] [ERROR] Failed processing job card 2: 'NoneType' object is not subscriptable
[2026-07-13 12:07:42] --- Processing job 3/20 (term: 'Java Microservices Developer') ---
[2026-07-13 12:07:42] Opening job: Java Developer @ Nexdew Technologies
[2026-07-13 12:08:00] [WARN] Apply button not found/clickable (selector may be stale, or job uses external apply).
[2026-07-13 12:08:00] [ERROR] Failed processing job card 3: 'NoneType' object is not subscriptable
[2026-07-13 12:08:00] --- Processing job 4/20 (term: 'Java Microservices Developer') ---
[2026-07-13 12:08:00] Opening job: Java Developer @ Webnexus
[2026-07-13 12:08:18] [WARN] Apply button not found/clickable (selector may be stale, or job uses external apply).
[2026-07-13 12:08:18] [ERROR] Failed processing job card 4: 'NoneType' object is not subscriptable
[2026-07-13 12:08:18] --- Processing job 5/20 (term: 'Java Microservices Developer') ---
[2026-07-13 12:08:18] Opening job: Software Developer (Full Stack) @ Techno Earth
[2026-07-13 12:08:36] [WARN] Apply button not found/clickable (selector may be stale, or job uses external apply).
[2026-07-13 12:08:37] [ERROR] Failed processing job card 5: 'NoneType' object is not subscriptable
[2026-07-13 12:08:37] --- Processing job 6/20 (term: 'Java Microservices Developer') ---
[2026-07-13 12:08:37] Opening job: Backend Developer (MERN | PostgreSQL) @ Stacklab
[2026-07-13 12:08:54] [WARN] Apply button not found/clickable (selector may be stale, or job uses external apply).
[2026-07-13 12:08:54] [ERROR] Failed processing job card 6: 'NoneType' object is not subscriptable
[2026-07-13 12:08:54] --- Processing job 7/20 (term: 'Java Microservices Developer') ---
[2026-07-13 12:08:55] Opening job: Associate Staff Engineer, Frontend AngularJS @ Nagarro
[2026-07-13 12:09:12] [WARN] Apply button not found/clickable (selector may be stale, or job uses external apply).
[2026-07-13 12:09:12] [ERROR] Failed processing job card 7: 'NoneType' object is not subscriptable
[2026-07-13 12:09:12] --- Processing job 8/20 (term: 'Java Microservices Developer') ---
[2026-07-13 12:09:12] Opening job: Associate Staff Engineer, Cloud @ Nagarro
[2026-07-13 12:09:30] [WARN] Apply button not found/clickable (selector may be stale, or job uses external apply).
[2026-07-13 12:09:30] [ERROR] Failed processing job card 8: 'NoneType' object is not subscriptable
[2026-07-13 12:09:30] --- Processing job 9/20 (term: 'Java Microservices Developer') ---
[2026-07-13 12:09:30] Opening job: Associate Staff Engineer, Python @ Nagarro
[2026-07-13 12:09:48] [WARN] Apply button not found/clickable (selector may be stale, or job uses external apply).
[2026-07-13 12:09:48] [ERROR] Failed processing job card 9: 'NoneType' object is not subscriptable
[2026-07-13 12:09:48] --- Processing job 10/20 (term: 'Java Microservices Developer') ---
[2026-07-13 12:09:48] Opening job: Full-Stack Software Engineer @ Divyan Technologies Lucknow
[2026-07-13 12:10:06] [WARN] Apply button not found/clickable (selector may be stale, or job uses external apply).
[2026-07-13 12:10:06] [ERROR] Failed processing job card 10: 'NoneType' object is not subscriptable
[2026-07-13 12:10:06] --- Processing job 11/20 (term: 'Java Microservices Developer') ---
[2026-07-13 12:10:06] Opening job: Associate Staff Engineer, Mainframe @ Nagarro
[2026-07-13 12:10:24] [WARN] Apply button not found/clickable (selector may be stale, or job uses external apply).
[2026-07-13 12:10:24] [ERROR] Failed processing job card 11: 'NoneType' object is not subscriptable
[2026-07-13 12:10:24] --- Processing job 12/20 (term: 'Java Microservices Developer') ---
[2026-07-13 12:10:24] Opening job: Associate Staff Engineer, .Net Web @ Nagarro
[2026-07-13 12:10:42] [WARN] Apply button not found/clickable (selector may be stale, or job uses external apply).
[2026-07-13 12:10:42] [ERROR] Failed processing job card 12: 'NoneType' object is not subscriptable
[2026-07-13 12:10:42] --- Processing job 13/20 (term: 'Java Microservices Developer') ---
[2026-07-13 12:10:42] Opening job: Associate Staff Engineer, PHP Drupal @ Nagarro
[2026-07-13 12:11:00] [WARN] Apply button not found/clickable (selector may be stale, or job uses external apply).
[2026-07-13 12:11:00] [ERROR] Failed processing job card 13: 'NoneType' object is not subscriptable
[2026-07-13 12:11:00] --- Processing job 14/20 (term: 'Java Microservices Developer') ---
[2026-07-13 12:11:00] Opening job: Associate Staff Engineer, ERP @ Nagarro
[2026-07-13 12:11:18] [WARN] Apply button not found/clickable (selector may be stale, or job uses external apply).
[2026-07-13 12:11:18] [ERROR] Failed processing job card 14: 'NoneType' object is not subscriptable
[2026-07-13 12:11:18] --- Processing job 15/20 (term: 'Java Microservices Developer') ---
[2026-07-13 12:11:18] Opening job: Associate Staff Engineer, Sharepoint @ Nagarro
[2026-07-13 12:11:36] [WARN] Apply button not found/clickable (selector may be stale, or job uses external apply).
[2026-07-13 12:11:36] [ERROR] Failed processing job card 15: 'NoneType' object is not subscriptable
[2026-07-13 12:11:36] --- Processing job 16/20 (term: 'Java Microservices Developer') ---
[2026-07-13 12:11:36] Opening job: Associate Staff Engineer, PHP Magento @ Nagarro
[2026-07-13 12:11:54] [WARN] Apply button not found/clickable (selector may be stale, or job uses external apply).
[2026-07-13 12:11:54] [ERROR] Failed processing job card 16: 'NoneType' object is not subscriptable
[2026-07-13 12:11:54] --- Processing job 17/20 (term: 'Java Microservices Developer') ---
[2026-07-13 12:11:54] Opening job: Associate Staff Engineer, Frontend @ Nagarro
[2026-07-13 12:12:12] [WARN] Apply button not found/clickable (selector may be stale, or job uses external apply).
[2026-07-13 12:12:12] [ERROR] Failed processing job card 17: 'NoneType' object is not subscriptable
[2026-07-13 12:12:12] --- Processing job 18/20 (term: 'Java Microservices Developer') ---
[2026-07-13 12:12:12] Opening job: Full-Stack Engineer (AI-Native) @ Commerciax Infotech
[2026-07-13 12:12:30] [WARN] Apply button not found/clickable (selector may be stale, or job uses external apply).
[2026-07-13 12:12:30] [ERROR] Failed processing job card 18: 'NoneType' object is not subscriptable
[2026-07-13 12:12:30] --- Processing job 19/20 (term: 'Java Microservices Developer') ---
[2026-07-13 12:12:30] Opening job: Associate Staff Engineer @ Nagarro
[2026-07-13 12:12:48] [WARN] Apply button not found/clickable (selector may be stale, or job uses external apply).
[2026-07-13 12:12:48] [ERROR] Failed processing job card 19: 'NoneType' object is not subscriptable
[2026-07-13 12:12:48] --- Processing job 20/20 (term: 'Java Microservices Developer') ---
[2026-07-13 12:12:48] Opening job: Senior Java Developers @ ANTI-Ai PRIVATE LIMITED
[2026-07-13 12:13:06] [WARN] Apply button not found/clickable (selector may be stale, or job uses external apply).
[2026-07-13 12:13:06] [ERROR] Failed processing job card 20: 'NoneType' object is not subscriptable
[2026-07-13 12:13:06] ═══ Searching: 'Backend Developer' ═══
[2026-07-13 12:13:06] Navigating to job search results for 'Backend Developer': https://www.naukri.com/backend-developer-jobs?k=Backend+Developer&experience=4&wfhType=2
[2026-07-13 12:13:09] Job listings loaded.
[2026-07-13 12:13:17] [WARN] Could not find the 'Easy Apply' sidebar checkbox — selector may be stale, verify EASY_APPLY_CHECKBOX_SEL against the live page.
[2026-07-13 12:13:17] Found 20 job card(s) for 'Backend Developer'.
[2026-07-13 12:13:17] --- Processing job 1/20 (term: 'Backend Developer') ---
[2026-07-13 12:13:17] Opening job: AI Backend Developer @ Nitsan Technologies
[2026-07-13 12:13:36] [WARN] Apply button not found/clickable (selector may be stale, or job uses external apply).
[2026-07-13 12:13:36] [ERROR] Failed processing job card 1: 'NoneType' object is not subscriptable
[2026-07-13 12:13:36] --- Processing job 2/20 (term: 'Backend Developer') ---
[2026-07-13 12:13:36] Opening job: Backend Developer @ Invoked Digital
[2026-07-13 12:13:54] [WARN] Apply button not found/clickable (selector may be stale, or job uses external apply).
[2026-07-13 12:13:54] [ERROR] Failed processing job card 2: 'NoneType' object is not subscriptable
[2026-07-13 12:13:54] --- Processing job 3/20 (term: 'Backend Developer') ---
[2026-07-13 12:13:54] Opening job: Backend Developer @ Spherecode
[2026-07-13 12:14:12] [WARN] Apply button not found/clickable (selector may be stale, or job uses external apply).
[2026-07-13 12:14:12] [ERROR] Failed processing job card 3: 'NoneType' object is not subscriptable
[2026-07-13 12:14:12] --- Processing job 4/20 (term: 'Backend Developer') ---
[2026-07-13 12:14:12] Opening job: Backend Developer @ Termgrid
[2026-07-13 12:14:31] [WARN] Apply button not found/clickable (selector may be stale, or job uses external apply).
[2026-07-13 12:14:31] [ERROR] Failed processing job card 4: 'NoneType' object is not subscriptable
[2026-07-13 12:14:31] --- Processing job 5/20 (term: 'Backend Developer') ---
[2026-07-13 12:14:31] Opening job: Backend Developer @ Tab32
[2026-07-13 12:14:49] [WARN] Apply button not found/clickable (selector may be stale, or job uses external apply).
[2026-07-13 12:14:49] [ERROR] Failed processing job card 5: 'NoneType' object is not subscriptable
[2026-07-13 12:14:49] --- Processing job 6/20 (term: 'Backend Developer') ---
[2026-07-13 12:14:49] Opening job: backend Developer @ Sparix Global
[2026-07-13 12:15:07] [WARN] Apply button not found/clickable (selector may be stale, or job uses external apply).
[2026-07-13 12:15:07] [ERROR] Failed processing job card 6: 'NoneType' object is not subscriptable
[2026-07-13 12:15:07] --- Processing job 7/20 (term: 'Backend Developer') ---
[2026-07-13 12:15:07] Opening job: Backend developer @ Androcid
[2026-07-13 12:15:25] [WARN] Apply button not found/clickable (selector may be stale, or job uses external apply).
[2026-07-13 12:15:25] [ERROR] Failed processing job card 7: 'NoneType' object is not subscriptable
[2026-07-13 12:15:25] --- Processing job 8/20 (term: 'Backend Developer') ---
[2026-07-13 12:15:25] Opening job: Backend Dotnet Developer @ Sparix Global
[2026-07-13 12:15:44] [WARN] Apply button not found/clickable (selector may be stale, or job uses external apply).
[2026-07-13 12:15:44] [ERROR] Failed processing job card 8: 'NoneType' object is not subscriptable
[2026-07-13 12:15:44] --- Processing job 9/20 (term: 'Backend Developer') ---
[2026-07-13 12:15:44] Opening job: Backend Developer (MERN | PostgreSQL) @ Stacklab
[2026-07-13 12:16:02] [WARN] Apply button not found/clickable (selector may be stale, or job uses external apply).
[2026-07-13 12:16:02] [ERROR] Failed processing job card 9: 'NoneType' object is not subscriptable
[2026-07-13 12:16:02] --- Processing job 10/20 (term: 'Backend Developer') ---
[2026-07-13 12:16:02] Opening job: Python Backend Developer @ BSH Technologies
[2026-07-13 12:16:20] [WARN] Apply button not found/clickable (selector may be stale, or job uses external apply).
[2026-07-13 12:16:20] [ERROR] Failed processing job card 10: 'NoneType' object is not subscriptable
[2026-07-13 12:16:20] --- Processing job 11/20 (term: 'Backend Developer') ---
[2026-07-13 12:16:20] Opening job: Backend Developer @ Pocket Fm
[2026-07-13 12:16:39] [WARN] Apply button not found/clickable (selector may be stale, or job uses external apply).
[2026-07-13 12:16:39] [ERROR] Failed processing job card 11: 'NoneType' object is not subscriptable
[2026-07-13 12:16:39] --- Processing job 12/20 (term: 'Backend Developer') ---
[2026-07-13 12:16:39] Opening job: Node.js Backend Developer @ Astroidea Softway Llp
[2026-07-13 12:16:59] [WARN] Apply button not found/clickable (selector may be stale, or job uses external apply).
[2026-07-13 12:16:59] [ERROR] Failed processing job card 12: 'NoneType' object is not subscriptable
[2026-07-13 12:16:59] --- Processing job 13/20 (term: 'Backend Developer') ---
[2026-07-13 12:16:59] Opening job: Java Backend Developer (with Web3) @ Marsdevs
[2026-07-13 12:17:17] [WARN] Apply button not found/clickable (selector may be stale, or job uses external apply).
[2026-07-13 12:17:17] [ERROR] Failed processing job card 13: 'NoneType' object is not subscriptable
[2026-07-13 12:17:17] --- Processing job 14/20 (term: 'Backend Developer') ---
[2026-07-13 12:17:17] Opening job: Backend Developer, Pan India @ iCresset Talent Solutions
[2026-07-13 12:17:36] [WARN] Apply button not found/clickable (selector may be stale, or job uses external apply).
[2026-07-13 12:17:36] [ERROR] Failed processing job card 14: 'NoneType' object is not subscriptable
[2026-07-13 12:17:36] --- Processing job 15/20 (term: 'Backend Developer') ---
[2026-07-13 12:17:36] Opening job: Senior Backend Developer @ Tabby
[2026-07-13 12:17:54] [WARN] Apply button not found/clickable (selector may be stale, or job uses external apply).
[2026-07-13 12:17:54] [ERROR] Failed processing job card 15: 'NoneType' object is not subscriptable
[2026-07-13 12:17:54] --- Processing job 16/20 (term: 'Backend Developer') ---
[2026-07-13 12:17:54] Opening job: Senior SFMC Backend Developer @ Sparix Global
[2026-07-13 12:18:12] [WARN] Apply button not found/clickable (selector may be stale, or job uses external apply).
[2026-07-13 12:18:12] [ERROR] Failed processing job card 16: 'NoneType' object is not subscriptable
[2026-07-13 12:18:12] --- Processing job 17/20 (term: 'Backend Developer') ---
[2026-07-13 12:18:12] Opening job: Senior Backend Developer @ Neetable
[2026-07-13 12:18:30] [WARN] Apply button not found/clickable (selector may be stale, or job uses external apply).
[2026-07-13 12:18:30] [ERROR] Failed processing job card 17: 'NoneType' object is not subscriptable
[2026-07-13 12:18:30] --- Processing job 18/20 (term: 'Backend Developer') ---
[2026-07-13 12:18:30] Opening job: Backend Developer (Python & Django) @ Back2stores Technologies
[2026-07-13 12:18:49] [WARN] Apply button not found/clickable (selector may be stale, or job uses external apply).
[2026-07-13 12:18:49] [ERROR] Failed processing job card 18: 'NoneType' object is not subscriptable
[2026-07-13 12:18:49] --- Processing job 19/20 (term: 'Backend Developer') ---
[2026-07-13 12:18:49] Opening job: Go Backend Developer @ Srijan Spectrum
[2026-07-13 12:19:10] [WARN] Apply button not found/clickable (selector may be stale, or job uses external apply).
[2026-07-13 12:19:10] [ERROR] Failed processing job card 19: 'NoneType' object is not subscriptable
[2026-07-13 12:19:10] --- Processing job 20/20 (term: 'Backend Developer') ---
[2026-07-13 12:19:10] Opening job: Senior Backend Developer @ Turgajo Technologies
[2026-07-13 12:19:39] [WARN] Apply button not found/clickable (selector may be stale, or job uses external apply).
[2026-07-13 12:19:39] [ERROR] Failed processing job card 20: 'NoneType' object is not subscriptable
[2026-07-13 12:19:39] ═══ Searching: 'Java Backend Developer' ═══
[2026-07-13 12:19:39] Navigating to job search results for 'Java Backend Developer': https://www.naukri.com/java-backend-developer-jobs?k=Java+Backend+Developer&experience=4&wfhType=2
[2026-07-13 12:19:42] Job listings loaded.
[2026-07-13 12:19:50] [WARN] Could not find the 'Easy Apply' sidebar checkbox — selector may be stale, verify EASY_APPLY_CHECKBOX_SEL against the live page.
[2026-07-13 12:19:50] Found 20 job card(s) for 'Java Backend Developer'.
[2026-07-13 12:19:50] --- Processing job 1/20 (term: 'Java Backend Developer') ---
[2026-07-13 12:19:50] Opening job: Java Backend Developer (with Web3) @ Marsdevs
[2026-07-13 12:20:09] [WARN] Apply button not found/clickable (selector may be stale, or job uses external apply).
[2026-07-13 12:20:09] [ERROR] Failed processing job card 1: 'NoneType' object is not subscriptable
[2026-07-13 12:20:09] --- Processing job 2/20 (term: 'Java Backend Developer') ---
[2026-07-13 12:20:09] Opening job: Backend Developer (MERN | PostgreSQL) @ Stacklab
[2026-07-13 12:20:27] [WARN] Apply button not found/clickable (selector may be stale, or job uses external apply).
[2026-07-13 12:20:27] [ERROR] Failed processing job card 2: 'NoneType' object is not subscriptable
[2026-07-13 12:20:27] --- Processing job 3/20 (term: 'Java Backend Developer') ---
[2026-07-13 12:20:27] Opening job: Web Developer @ Stapples Software Systems
[2026-07-13 12:20:46] [WARN] Apply button not found/clickable (selector may be stale, or job uses external apply).
[2026-07-13 12:20:46] [ERROR] Failed processing job card 3: 'NoneType' object is not subscriptable
[2026-07-13 12:20:46] --- Processing job 4/20 (term: 'Java Backend Developer') ---
[2026-07-13 12:20:46] Opening job: Associate Staff Engineer, Python @ Nagarro
[2026-07-13 12:21:05] [WARN] Apply button not found/clickable (selector may be stale, or job uses external apply).
[2026-07-13 12:21:05] [ERROR] Failed processing job card 4: 'NoneType' object is not subscriptable
[2026-07-13 12:21:05] --- Processing job 5/20 (term: 'Java Backend Developer') ---
[2026-07-13 12:21:05] Opening job: SDE I - Full Stack @ Viralme
[2026-07-13 12:21:24] [WARN] Apply button not found/clickable (selector may be stale, or job uses external apply).
[2026-07-13 12:21:24] [ERROR] Failed processing job card 5: 'NoneType' object is not subscriptable
[2026-07-13 12:21:24] --- Processing job 6/20 (term: 'Java Backend Developer') ---
[2026-07-13 12:21:24] Opening job: Web Developer @ Techbinge India
[2026-07-13 12:21:43] [WARN] Apply button not found/clickable (selector may be stale, or job uses external apply).
[2026-07-13 12:21:43] [ERROR] Failed processing job card 6: 'NoneType' object is not subscriptable
[2026-07-13 12:21:43] --- Processing job 7/20 (term: 'Java Backend Developer') ---
[2026-07-13 12:21:43] Opening job: Associate Staff Engineer, Mobile Hybrid @ Nagarro
[2026-07-13 12:22:01] [WARN] Apply button not found/clickable (selector may be stale, or job uses external apply).
[2026-07-13 12:22:01] [ERROR] Failed processing job card 7: 'NoneType' object is not subscriptable
[2026-07-13 12:22:01] --- Processing job 8/20 (term: 'Java Backend Developer') ---
[2026-07-13 12:22:01] Opening job: Software Engineer @ Numerator
[2026-07-13 12:22:20] [WARN] Apply button not found/clickable (selector may be stale, or job uses external apply).
[2026-07-13 12:22:20] [ERROR] Failed processing job card 8: 'NoneType' object is not subscriptable
[2026-07-13 12:22:20] --- Processing job 9/20 (term: 'Java Backend Developer') ---
[2026-07-13 12:22:20] Opening job: Python Developer @ Nexturn
[2026-07-13 12:22:38] [WARN] Apply button not found/clickable (selector may be stale, or job uses external apply).
[2026-07-13 12:22:38] [ERROR] Failed processing job card 9: 'NoneType' object is not subscriptable
[2026-07-13 12:22:38] --- Processing job 10/20 (term: 'Java Backend Developer') ---
[2026-07-13 12:22:38] Opening job: Frontend Developer @ Voice Of Healthcare
[2026-07-13 12:22:58] [WARN] Apply button not found/clickable (selector may be stale, or job uses external apply).
[2026-07-13 12:22:59] [ERROR] Failed processing job card 10: 'NoneType' object is not subscriptable
[2026-07-13 12:22:59] --- Processing job 11/20 (term: 'Java Backend Developer') ---
[2026-07-13 12:22:59] Opening job: Full Stack Developer (MERN Stack) @ Kodonic Digitech
[2026-07-13 12:23:16] [WARN] Apply button not found/clickable (selector may be stale, or job uses external apply).
[2026-07-13 12:23:16] [ERROR] Failed processing job card 11: 'NoneType' object is not subscriptable
[2026-07-13 12:23:16] --- Processing job 12/20 (term: 'Java Backend Developer') ---
[2026-07-13 12:23:16] Opening job: Java Developer @ Auxirem Technology
[2026-07-13 12:23:34] [WARN] Apply button not found/clickable (selector may be stale, or job uses external apply).
[2026-07-13 12:23:34] [ERROR] Failed processing job card 12: 'NoneType' object is not subscriptable
[2026-07-13 12:23:34] --- Processing job 13/20 (term: 'Java Backend Developer') ---
[2026-07-13 12:23:34] Opening job: Software Engineer Camunda @ Codincity Digital Technologies
[2026-07-13 12:23:52] [WARN] Apply button not found/clickable (selector may be stale, or job uses external apply).
[2026-07-13 12:23:52] [ERROR] Failed processing job card 13: 'NoneType' object is not subscriptable
[2026-07-13 12:23:52] --- Processing job 14/20 (term: 'Java Backend Developer') ---
[2026-07-13 12:23:52] Opening job: Full Stack Developer @ 4labs Technologies
[2026-07-13 12:24:10] [WARN] Apply button not found/clickable (selector may be stale, or job uses external apply).
[2026-07-13 12:24:10] [ERROR] Failed processing job card 14: 'NoneType' object is not subscriptable
[2026-07-13 12:24:10] --- Processing job 15/20 (term: 'Java Backend Developer') ---
[2026-07-13 12:24:10] Opening job: Hiring For Software Engineer - AI / Claude Developer @ Infovenz
[2026-07-13 12:24:17] Entering handle_chatbot_question. Non-interactive mode: False
[2026-07-13 12:24:17] Chatbot question: What motivates you about this role?
[2026-07-13 12:24:18] [Q-MATCH] Exact match found for: 'What motivates you about this role?'
[2026-07-13 12:24:18] Found exact match in questions.json: 'What motivates you about this role?' -> 'i have 4 years of experiance as a full stack java developer  so i have knlodge about it'
[2026-07-13 12:24:18] No option matched 'i have 4 years of experiance as a full stack java developer  so i have knlodge about it' among ['Pay hike and monetary benefits', 'Career growth / leadership opportunities', 'Opportunity to work on better technologies or challenging projects', 'Limited growth or role stagnation in current job', 'Looking for a role with more ownership and impact']. Will try text input.
[2026-07-13 12:24:18] [WARN] Could not find any visible input box or matching option for this question.
[2026-07-13 12:24:18] [DEBUG] Total input elements found by selector: 4
[2026-07-13 12:24:18] [DEBUG]   [0] tag=input, type=text, visible=False
[2026-07-13 12:24:18] [DEBUG]   [1] tag=input, type=text, visible=False
[2026-07-13 12:24:18] [DEBUG]   [2] tag=input, type=text, visible=False
[2026-07-13 12:24:18] [DEBUG]   [3] tag=div, type=None, visible=False
[2026-07-13 12:24:18] [DEBUG] Chatbot container HTML: <div class="chatbot_InputContainer inputContainer-focus">
                        <div class="textAreaWrapper">
                        <div id="userInput__e7mmk5lvfInputBox" class="textArea" contenteditable="true" data-placeholder="Type message here..."></div>
                        <span class="chatBot chatBot-add-round add-icon d-none p-events-none" id="add-icon__e7mmk5lvfInputBox"></span>
                        </div>
                    </div>
[2026-07-13 12:24:21] [ERROR] Failed processing job card 15: 'NoneType' object is not subscriptable
[2026-07-13 12:24:21] --- Processing job 16/20 (term: 'Java Backend Developer') ---
[2026-07-13 12:24:21] Opening job: AI Application Developer @ Infovenz
[2026-07-13 12:24:27] Entering handle_chatbot_question. Non-interactive mode: False
[2026-07-13 12:24:28] Chatbot question: What motivates you about this role?
[2026-07-13 12:24:28] [Q-MATCH] Exact match found for: 'What motivates you about this role?'
[2026-07-13 12:24:28] Found exact match in questions.json: 'What motivates you about this role?' -> 'i have 4 years of experiance as a full stack java developer  so i have knlodge about it'
[2026-07-13 12:24:28] No option matched 'i have 4 years of experiance as a full stack java developer  so i have knlodge about it' among ['Pay hike and monetary benefits', 'Career growth / leadership opportunities', 'Opportunity to work on better technologies or challenging projects', 'Limited growth or role stagnation in current job', 'Looking for a role with more ownership and impact']. Will try text input.
[2026-07-13 12:24:28] [WARN] Could not find any visible input box or matching option for this question.
[2026-07-13 12:24:28] [DEBUG] Total input elements found by selector: 4
[2026-07-13 12:24:28] [DEBUG]   [0] tag=input, type=text, visible=False
[2026-07-13 12:24:29] [DEBUG]   [1] tag=input, type=text, visible=False
[2026-07-13 12:24:29] [DEBUG]   [2] tag=input, type=text, visible=False
[2026-07-13 12:24:29] [DEBUG]   [3] tag=div, type=None, visible=False
[2026-07-13 12:24:29] [DEBUG] Chatbot container HTML: <div class="chatbot_InputContainer inputContainer-focus">
                        <div class="textAreaWrapper">
                        <div id="userInput__jr3274zw9InputBox" class="textArea" contenteditable="true" data-placeholder="Type message here..."></div>
                        <span class="chatBot chatBot-add-round add-icon d-none p-events-none" id="add-icon__jr3274zw9InputBox"></span>
                        </div>
                    </div>
[2026-07-13 12:24:31] [ERROR] Failed processing job card 16: 'NoneType' object is not subscriptable
[2026-07-13 12:24:31] --- Processing job 17/20 (term: 'Java Backend Developer') ---
[2026-07-13 12:24:31] Opening job: Intermediate Mobile Developer @ Ahom Technologies
[2026-07-13 12:24:49] [WARN] Apply button not found/clickable (selector may be stale, or job uses external apply).
[2026-07-13 12:24:49] [ERROR] Failed processing job card 17: 'NoneType' object is not subscriptable
[2026-07-13 12:24:49] --- Processing job 18/20 (term: 'Java Backend Developer') ---
[2026-07-13 12:24:49] Opening job: AI Backend Developer @ Nitsan Technologies
[2026-07-13 12:25:06] [WARN] Apply button not found/clickable (selector may be stale, or job uses external apply).
[2026-07-13 12:25:06] [ERROR] Failed processing job card 18: 'NoneType' object is not subscriptable
[2026-07-13 12:25:06] --- Processing job 19/20 (term: 'Java Backend Developer') ---
[2026-07-13 12:25:06] Opening job: Python Developer @ Nitsan Technologies
[2026-07-13 12:25:24] [WARN] Apply button not found/clickable (selector may be stale, or job uses external apply).
[2026-07-13 12:25:24] [ERROR] Failed processing job card 19: 'NoneType' object is not subscriptable
[2026-07-13 12:25:24] --- Processing job 20/20 (term: 'Java Backend Developer') ---
[2026-07-13 12:25:24] Opening job: Software Engineer @ Numerator
[2026-07-13 12:25:42] [WARN] Apply button not found/clickable (selector may be stale, or job uses external apply).
[2026-07-13 12:25:42] [ERROR] Failed processing job card 20: 'NoneType' object is not subscriptable
[2026-07-13 12:25:42] ═══ Searching: 'Software Engineer' ═══
[2026-07-13 12:25:42] Navigating to job search results for 'Software Engineer': https://www.naukri.com/software-engineer-jobs?k=Software+Engineer&experience=4&wfhType=2
[2026-07-13 12:25:44] Job listings loaded.
[2026-07-13 12:25:52] [WARN] Could not find the 'Easy Apply' sidebar checkbox — selector may be stale, verify EASY_APPLY_CHECKBOX_SEL against the live page.
[2026-07-13 12:25:52] Found 20 job card(s) for 'Software Engineer'.
[2026-07-13 12:25:52] --- Processing job 1/20 (term: 'Software Engineer') ---
[2026-07-13 12:25:53] Opening job: Hiring For Software Engineer - AI / Claude Developer @ Infovenz
[2026-07-13 12:26:11] [WARN] Apply button not found/clickable (selector may be stale, or job uses external apply).
[2026-07-13 12:26:11] [ERROR] Failed processing job card 1: 'NoneType' object is not subscriptable
[2026-07-13 12:26:11] --- Processing job 2/20 (term: 'Software Engineer') ---
[2026-07-13 12:26:11] Opening job: Hiring | Software Engineer | eLearning (Storyline) | Freelancer @ Niit Learning Systems
[2026-07-13 12:26:30] [WARN] Apply button not found/clickable (selector may be stale, or job uses external apply).
[2026-07-13 12:26:30] [ERROR] Failed processing job card 2: 'NoneType' object is not subscriptable
[2026-07-13 12:26:30] --- Processing job 3/20 (term: 'Software Engineer') ---
[2026-07-13 12:26:30] Opening job: Software Engineer @ Numerator
[2026-07-13 12:26:48] [WARN] Apply button not found/clickable (selector may be stale, or job uses external apply).
[2026-07-13 12:26:48] [ERROR] Failed processing job card 3: 'NoneType' object is not subscriptable
[2026-07-13 12:26:48] --- Processing job 4/20 (term: 'Software Engineer') ---
[2026-07-13 12:26:48] Opening job: Software Engineer Camunda @ Codincity Digital Technologies
[2026-07-13 12:27:08] [WARN] Apply button not found/clickable (selector may be stale, or job uses external apply).
[2026-07-13 12:27:08] [ERROR] Failed processing job card 4: 'NoneType' object is not subscriptable
[2026-07-13 12:27:08] --- Processing job 5/20 (term: 'Software Engineer') ---
[2026-07-13 12:27:09] Opening job: Software Engineer @ Cimpress
[2026-07-13 12:27:29] [WARN] Apply button not found/clickable (selector may be stale, or job uses external apply).
[2026-07-13 12:27:29] [ERROR] Failed processing job card 5: 'NoneType' object is not subscriptable
[2026-07-13 12:27:29] --- Processing job 6/20 (term: 'Software Engineer') ---
[2026-07-13 12:27:29] Opening job: Software Engineer (Ad Serving Team) @ Groundtruth
[2026-07-13 12:27:49] [WARN] Apply button not found/clickable (selector may be stale, or job uses external apply).
[2026-07-13 12:27:49] [ERROR] Failed processing job card 6: 'NoneType' object is not subscriptable
[2026-07-13 12:27:49] --- Processing job 7/20 (term: 'Software Engineer') ---
[2026-07-13 12:27:49] Opening job: Software Engineer @ What The Food
[2026-07-13 12:28:08] [WARN] Apply button not found/clickable (selector may be stale, or job uses external apply).
[2026-07-13 12:28:08] [ERROR] Failed processing job card 7: 'NoneType' object is not subscriptable
[2026-07-13 12:28:08] --- Processing job 8/20 (term: 'Software Engineer') ---
[2026-07-13 12:28:08] Opening job: Software Engineer @ Aisquare
[2026-07-13 12:28:27] [WARN] Apply button not found/clickable (selector may be stale, or job uses external apply).
[2026-07-13 12:28:27] [ERROR] Failed processing job card 8: 'NoneType' object is not subscriptable
[2026-07-13 12:28:27] --- Processing job 9/20 (term: 'Software Engineer') ---
[2026-07-13 12:28:27] Opening job: Software Engineer @ Numerator
[2026-07-13 12:29:03] [WARN] Apply button not found/clickable (selector may be stale, or job uses external apply).
[2026-07-13 12:29:03] [ERROR] Failed processing job card 9: 'NoneType' object is not subscriptable
[2026-07-13 12:29:03] --- Processing job 10/20 (term: 'Software Engineer') ---
[2026-07-13 12:29:03] Opening job: Software Engineer @ Zoom Start India
[2026-07-13 12:29:24] [WARN] Apply button not found/clickable (selector may be stale, or job uses external apply).
[2026-07-13 12:29:24] [ERROR] Failed processing job card 10: 'NoneType' object is not subscriptable
[2026-07-13 12:29:24] --- Processing job 11/20 (term: 'Software Engineer') ---
[2026-07-13 12:29:24] Opening job: Software Engineer @ Versante Software Technologies
[2026-07-13 12:29:43] [WARN] Apply button not found/clickable (selector may be stale, or job uses external apply).
[2026-07-13 12:29:43] [ERROR] Failed processing job card 11: 'NoneType' object is not subscriptable
[2026-07-13 12:29:43] --- Processing job 12/20 (term: 'Software Engineer') ---
[2026-07-13 12:29:43] Opening job: Software Engineer @ Sadhana It Solutions
[2026-07-13 12:30:02] [WARN] Apply button not found/clickable (selector may be stale, or job uses external apply).
[2026-07-13 12:30:02] [ERROR] Failed processing job card 12: 'NoneType' object is not subscriptable
[2026-07-13 12:30:02] --- Processing job 13/20 (term: 'Software Engineer') ---
[2026-07-13 12:30:02] Opening job: Software Engineer @ Numerator
[2026-07-13 12:30:20] [WARN] Apply button not found/clickable (selector may be stale, or job uses external apply).
[2026-07-13 12:30:20] [ERROR] Failed processing job card 13: 'NoneType' object is not subscriptable
[2026-07-13 12:30:20] --- Processing job 14/20 (term: 'Software Engineer') ---
[2026-07-13 12:30:20] Opening job: Software Engineer @ Manta Health
[2026-07-13 12:30:39] [WARN] Apply button not found/clickable (selector may be stale, or job uses external apply).
[2026-07-13 12:30:39] [ERROR] Failed processing job card 14: 'NoneType' object is not subscriptable
[2026-07-13 12:30:39] --- Processing job 15/20 (term: 'Software Engineer') ---
[2026-07-13 12:30:39] Opening job: Software Engineer (.Net, Angular) @ Numerator
[2026-07-13 12:30:57] [WARN] Apply button not found/clickable (selector may be stale, or job uses external apply).
[2026-07-13 12:30:57] [ERROR] Failed processing job card 15: 'NoneType' object is not subscriptable
[2026-07-13 12:30:57] --- Processing job 16/20 (term: 'Software Engineer') ---
[2026-07-13 12:30:58] Opening job: Software Engineer @ Frappe
[2026-07-13 12:31:16] [WARN] Apply button not found/clickable (selector may be stale, or job uses external apply).
[2026-07-13 12:31:16] [ERROR] Failed processing job card 16: 'NoneType' object is not subscriptable
[2026-07-13 12:31:16] --- Processing job 17/20 (term: 'Software Engineer') ---
[2026-07-13 12:31:16] Opening job: Software Engineer @ Replicon
[2026-07-13 12:31:34] [WARN] Apply button not found/clickable (selector may be stale, or job uses external apply).
[2026-07-13 12:31:34] [ERROR] Failed processing job card 17: 'NoneType' object is not subscriptable
[2026-07-13 12:31:34] --- Processing job 18/20 (term: 'Software Engineer') ---
[2026-07-13 12:31:34] Opening job: Software Engineer @ Deltek
[2026-07-13 12:31:53] [WARN] Apply button not found/clickable (selector may be stale, or job uses external apply).
[2026-07-13 12:31:53] [ERROR] Failed processing job card 18: 'NoneType' object is not subscriptable
[2026-07-13 12:31:53] --- Processing job 19/20 (term: 'Software Engineer') ---
[2026-07-13 12:31:53] Opening job: AI Software Engineer @ Open Fabric
[2026-07-13 12:32:11] [WARN] Apply button not found/clickable (selector may be stale, or job uses external apply).
[2026-07-13 12:32:11] [ERROR] Failed processing job card 19: 'NoneType' object is not subscriptable
[2026-07-13 12:32:11] --- Processing job 20/20 (term: 'Software Engineer') ---
[2026-07-13 12:32:11] Opening job: Software Engineer @ Yipitdata
[2026-07-13 12:32:31] [WARN] Apply button not found/clickable (selector may be stale, or job uses external apply).
[2026-07-13 12:32:31] [ERROR] Failed processing job card 20: 'NoneType' object is not subscriptable
[2026-07-13 12:32:31] ═══ Searching: 'Senior Software Engineer' ═══
[2026-07-13 12:32:31] Navigating to job search results for 'Senior Software Engineer': https://www.naukri.com/senior-software-engineer-jobs?k=Senior+Software+Engineer&experience=4&wfhType=2
[2026-07-13 12:32:42] Job listings loaded.
[2026-07-13 12:32:51] [WARN] Could not find the 'Easy Apply' sidebar checkbox — selector may be stale, verify EASY_APPLY_CHECKBOX_SEL against the live page.
[2026-07-13 12:32:51] Found 20 job card(s) for 'Senior Software Engineer'.
[2026-07-13 12:32:51] --- Processing job 1/20 (term: 'Senior Software Engineer') ---
[2026-07-13 12:32:51] Opening job: Senior Software Engineer @ Niyati
[2026-07-13 12:33:10] [WARN] Apply button not found/clickable (selector may be stale, or job uses external apply).
[2026-07-13 12:33:10] [ERROR] Failed processing job card 1: 'NoneType' object is not subscriptable
[2026-07-13 12:33:10] --- Processing job 2/20 (term: 'Senior Software Engineer') ---
[2026-07-13 12:33:10] Opening job: Senior Software Engineer (Perl) @ Bloom Equity Partners
[2026-07-13 12:33:29] [WARN] Apply button not found/clickable (selector may be stale, or job uses external apply).
[2026-07-13 12:33:29] [ERROR] Failed processing job card 2: 'NoneType' object is not subscriptable
[2026-07-13 12:33:29] --- Processing job 3/20 (term: 'Senior Software Engineer') ---
[2026-07-13 12:33:29] Opening job: Senior Software Engineer @ Zuddl
[2026-07-13 12:33:48] [WARN] Apply button not found/clickable (selector may be stale, or job uses external apply).
[2026-07-13 12:33:48] [ERROR] Failed processing job card 3: 'NoneType' object is not subscriptable
[2026-07-13 12:33:48] --- Processing job 4/20 (term: 'Senior Software Engineer') ---
[2026-07-13 12:33:49] Opening job: ServiceNow Senior Software Engineer - ITOM @ Newrocket
[2026-07-13 12:34:09] [WARN] Apply button not found/clickable (selector may be stale, or job uses external apply).
[2026-07-13 12:34:09] [ERROR] Failed processing job card 4: 'NoneType' object is not subscriptable
[2026-07-13 12:34:09] --- Processing job 5/20 (term: 'Senior Software Engineer') ---
[2026-07-13 12:34:09] Opening job: Software Engineer / Sr.Software Engineer @ Codersbay Technologies
[2026-07-13 12:34:27] [WARN] Apply button not found/clickable (selector may be stale, or job uses external apply).
[2026-07-13 12:34:27] [ERROR] Failed processing job card 5: 'NoneType' object is not subscriptable
[2026-07-13 12:34:27] --- Processing job 6/20 (term: 'Senior Software Engineer') ---
[2026-07-13 12:34:27] Opening job: ServiceNow Senior Software Engineer - TSOM/SOMT @ Newrocket
[2026-07-13 12:34:46] [WARN] Apply button not found/clickable (selector may be stale, or job uses external apply).
[2026-07-13 12:34:46] [ERROR] Failed processing job card 6: 'NoneType' object is not subscriptable
[2026-07-13 12:34:46] --- Processing job 7/20 (term: 'Senior Software Engineer') ---
[2026-07-13 12:34:46] Opening job: Sr. Software Engineer @ Sparix Global
[2026-07-13 12:35:06] [WARN] Apply button not found/clickable (selector may be stale, or job uses external apply).
[2026-07-13 12:35:06] [ERROR] Failed processing job card 7: 'NoneType' object is not subscriptable
[2026-07-13 12:35:06] --- Processing job 8/20 (term: 'Senior Software Engineer') ---
[2026-07-13 12:35:06] Opening job: Senior Software Engineer @ Sparix Global
[2026-07-13 12:35:25] [WARN] Apply button not found/clickable (selector may be stale, or job uses external apply).
[2026-07-13 12:35:25] [ERROR] Failed processing job card 8: 'NoneType' object is not subscriptable
[2026-07-13 12:35:25] --- Processing job 9/20 (term: 'Senior Software Engineer') ---
[2026-07-13 12:35:25] Opening job: Sr Software Engineer @ iCresset Talent Solutions
[2026-07-13 12:35:44] [WARN] Apply button not found/clickable (selector may be stale, or job uses external apply).
[2026-07-13 12:35:44] [ERROR] Failed processing job card 9: 'NoneType' object is not subscriptable
[2026-07-13 12:35:44] --- Processing job 10/20 (term: 'Senior Software Engineer') ---
[2026-07-13 12:35:44] Opening job: Senior Software Engineer @ Replicon
[2026-07-13 12:36:03] [WARN] Apply button not found/clickable (selector may be stale, or job uses external apply).
[2026-07-13 12:36:03] [ERROR] Failed processing job card 10: 'NoneType' object is not subscriptable
[2026-07-13 12:36:03] --- Processing job 11/20 (term: 'Senior Software Engineer') ---
[2026-07-13 12:36:03] Opening job: Senior Software Engineer @ Bridgenext
[2026-07-13 12:36:22] [WARN] Apply button not found/clickable (selector may be stale, or job uses external apply).
[2026-07-13 12:36:22] [ERROR] Failed processing job card 11: 'NoneType' object is not subscriptable
[2026-07-13 12:36:22] --- Processing job 12/20 (term: 'Senior Software Engineer') ---
[2026-07-13 12:36:22] Opening job: Senior Software Engineer @ Welkin Healthcare
[2026-07-13 12:36:40] [WARN] Apply button not found/clickable (selector may be stale, or job uses external apply).
[2026-07-13 12:36:40] [ERROR] Failed processing job card 12: 'NoneType' object is not subscriptable
[2026-07-13 12:36:40] --- Processing job 13/20 (term: 'Senior Software Engineer') ---
[2026-07-13 12:36:40] Opening job: Sr. Software Engineer - C++ @ Crowdstrike
[2026-07-13 12:36:57] [WARN] Apply button not found/clickable (selector may be stale, or job uses external apply).
[2026-07-13 12:36:57] [ERROR] Failed processing job card 13: 'NoneType' object is not subscriptable
[2026-07-13 12:36:57] --- Processing job 14/20 (term: 'Senior Software Engineer') ---
[2026-07-13 12:36:58] Opening job: SENIOR SOFTWARE ENGINEER WITH DATA BACKGROUND @ Svitla Systems
[2026-07-13 12:37:15] [WARN] Apply button not found/clickable (selector may be stale, or job uses external apply).
[2026-07-13 12:37:15] [ERROR] Failed processing job card 14: 'NoneType' object is not subscriptable
[2026-07-13 12:37:15] --- Processing job 15/20 (term: 'Senior Software Engineer') ---
[2026-07-13 12:37:15] Opening job: Senior Software Engineer (Frontend) @ Writesonic
[2026-07-13 12:37:33] [WARN] Apply button not found/clickable (selector may be stale, or job uses external apply).
[2026-07-13 12:37:33] [ERROR] Failed processing job card 15: 'NoneType' object is not subscriptable
[2026-07-13 12:37:33] --- Processing job 16/20 (term: 'Senior Software Engineer') ---
[2026-07-13 12:37:33] Opening job: Senior / Software Engineer Backend (Node.js) @ Silverline It
[2026-07-13 12:37:50] [WARN] Apply button not found/clickable (selector may be stale, or job uses external apply).
[2026-07-13 12:37:51] [ERROR] Failed processing job card 16: 'NoneType' object is not subscriptable
[2026-07-13 12:37:51] --- Processing job 17/20 (term: 'Senior Software Engineer') ---
[2026-07-13 12:37:51] Opening job: Senior Software Engineer ( Node.js and Next.js) @ Infraveo Technologies
[2026-07-13 12:38:08] [WARN] Apply button not found/clickable (selector may be stale, or job uses external apply).
[2026-07-13 12:38:08] [ERROR] Failed processing job card 17: 'NoneType' object is not subscriptable
[2026-07-13 12:38:08] --- Processing job 18/20 (term: 'Senior Software Engineer') ---
[2026-07-13 12:38:09] Opening job: Senior Software Engineer (AI Applications) @ Cambium Learning Group
[2026-07-13 12:38:26] [WARN] Apply button not found/clickable (selector may be stale, or job uses external apply).
[2026-07-13 12:38:26] [ERROR] Failed processing job card 18: 'NoneType' object is not subscriptable
[2026-07-13 12:38:26] --- Processing job 19/20 (term: 'Senior Software Engineer') ---
[2026-07-13 12:38:26] Opening job: Sr Software Engineer- Frontend @ Nurdsoft
[2026-07-13 12:38:44] [WARN] Apply button not found/clickable (selector may be stale, or job uses external apply).
[2026-07-13 12:38:44] [ERROR] Failed processing job card 19: 'NoneType' object is not subscriptable
[2026-07-13 12:38:44] --- Processing job 20/20 (term: 'Senior Software Engineer') ---
[2026-07-13 12:38:44] Opening job: Sr Software Engineer - Mobile @ Nurdsoft
[2026-07-13 12:39:02] [WARN] Apply button not found/clickable (selector may be stale, or job uses external apply).
[2026-07-13 12:39:02] [ERROR] Failed processing job card 20: 'NoneType' object is not subscriptable
[2026-07-13 12:39:02] ═══ Searching: 'Full Stack Developer' ═══
[2026-07-13 12:39:02] Navigating to job search results for 'Full Stack Developer': https://www.naukri.com/full-stack-developer-jobs?k=Full+Stack+Developer&experience=4&wfhType=2
[2026-07-13 12:39:05] Job listings loaded.
[2026-07-13 12:39:13] [WARN] Could not find the 'Easy Apply' sidebar checkbox — selector may be stale, verify EASY_APPLY_CHECKBOX_SEL against the live page.
[2026-07-13 12:39:13] Found 20 job card(s) for 'Full Stack Developer'.
[2026-07-13 12:39:13] --- Processing job 1/20 (term: 'Full Stack Developer') ---
[2026-07-13 12:39:13] Opening job: Full Stack Developer @ Cloud202
[2026-07-13 12:39:31] [WARN] Apply button not found/clickable (selector may be stale, or job uses external apply).
[2026-07-13 12:39:31] [ERROR] Failed processing job card 1: 'NoneType' object is not subscriptable
[2026-07-13 12:39:31] --- Processing job 2/20 (term: 'Full Stack Developer') ---
[2026-07-13 12:39:31] Opening job: Full Stack Developer @ 4labs Technologies
[2026-07-13 12:39:49] [WARN] Apply button not found/clickable (selector may be stale, or job uses external apply).
[2026-07-13 12:39:49] [ERROR] Failed processing job card 2: 'NoneType' object is not subscriptable
[2026-07-13 12:39:49] --- Processing job 3/20 (term: 'Full Stack Developer') ---
[2026-07-13 12:39:49] Opening job: Full Stack Developers @ Lorven Technologies
[2026-07-13 12:40:08] [WARN] Apply button not found/clickable (selector may be stale, or job uses external apply).
[2026-07-13 12:40:08] [ERROR] Failed processing job card 3: 'NoneType' object is not subscriptable
[2026-07-13 12:40:08] --- Processing job 4/20 (term: 'Full Stack Developer') ---
[2026-07-13 12:40:08] Opening job: Full-stack Developer @ Grey Matter
[2026-07-13 12:40:26] [WARN] Apply button not found/clickable (selector may be stale, or job uses external apply).
[2026-07-13 12:40:26] [ERROR] Failed processing job card 4: 'NoneType' object is not subscriptable
[2026-07-13 12:40:26] --- Processing job 5/20 (term: 'Full Stack Developer') ---
[2026-07-13 12:40:26] Opening job: Full Stack Developer @ Emplay
[2026-07-13 12:40:44] [WARN] Apply button not found/clickable (selector may be stale, or job uses external apply).
[2026-07-13 12:40:44] [ERROR] Failed processing job card 5: 'NoneType' object is not subscriptable
[2026-07-13 12:40:44] --- Processing job 6/20 (term: 'Full Stack Developer') ---
[2026-07-13 12:40:44] Opening job: Full Stack Developer @ Avomind
[2026-07-13 12:41:02] [WARN] Apply button not found/clickable (selector may be stale, or job uses external apply).
[2026-07-13 12:41:02] [ERROR] Failed processing job card 6: 'NoneType' object is not subscriptable
[2026-07-13 12:41:02] --- Processing job 7/20 (term: 'Full Stack Developer') ---
[2026-07-13 12:41:02] Opening job: full Stack Developer ( NestJS) @ Durja It Consulting
[2026-07-13 12:41:20] [WARN] Apply button not found/clickable (selector may be stale, or job uses external apply).
[2026-07-13 12:41:20] [ERROR] Failed processing job card 7: 'NoneType' object is not subscriptable
[2026-07-13 12:41:20] --- Processing job 8/20 (term: 'Full Stack Developer') ---
[2026-07-13 12:41:21] Opening job: Full Stack Developer @ BSH Technologies
[2026-07-13 12:41:39] [WARN] Apply button not found/clickable (selector may be stale, or job uses external apply).
[2026-07-13 12:41:39] [ERROR] Failed processing job card 8: 'NoneType' object is not subscriptable
[2026-07-13 12:41:39] --- Processing job 9/20 (term: 'Full Stack Developer') ---
[2026-07-13 12:41:39] Opening job: Full Stack Developer @ Genus Healthcare Solution And It Consulting
[2026-07-13 12:41:57] [WARN] Apply button not found/clickable (selector may be stale, or job uses external apply).
[2026-07-13 12:41:57] [ERROR] Failed processing job card 9: 'NoneType' object is not subscriptable
[2026-07-13 12:41:57] --- Processing job 10/20 (term: 'Full Stack Developer') ---
[2026-07-13 12:41:57] Opening job: Full Stack Developer @ Navgurukul Foundation
[2026-07-13 12:42:16] [WARN] Apply button not found/clickable (selector may be stale, or job uses external apply).
[2026-07-13 12:42:16] [ERROR] Failed processing job card 10: 'NoneType' object is not subscriptable
[2026-07-13 12:42:16] --- Processing job 11/20 (term: 'Full Stack Developer') ---
[2026-07-13 12:42:16] Opening job: Full Stack Developer @ Fusiontecz
[2026-07-13 12:42:33] [WARN] Apply button not found/clickable (selector may be stale, or job uses external apply).
[2026-07-13 12:42:33] [ERROR] Failed processing job card 11: 'NoneType' object is not subscriptable
[2026-07-13 12:42:33] --- Processing job 12/20 (term: 'Full Stack Developer') ---
[2026-07-13 12:42:33] Opening job: React Full Stack Developer @ Canaco Technologies
[2026-07-13 12:42:51] [WARN] Apply button not found/clickable (selector may be stale, or job uses external apply).
[2026-07-13 12:42:51] [ERROR] Failed processing job card 12: 'NoneType' object is not subscriptable
[2026-07-13 12:42:51] --- Processing job 13/20 (term: 'Full Stack Developer') ---
[2026-07-13 12:42:51] Opening job: Full Stack Developer @ Abhastra Technology
[2026-07-13 12:43:09] [WARN] Apply button not found/clickable (selector may be stale, or job uses external apply).
[2026-07-13 12:43:09] [ERROR] Failed processing job card 13: 'NoneType' object is not subscriptable
[2026-07-13 12:43:09] --- Processing job 14/20 (term: 'Full Stack Developer') ---
[2026-07-13 12:43:09] Opening job: Full Stack Developer (Backend-Focused) @ Aivox
[2026-07-13 12:43:26] [WARN] Apply button not found/clickable (selector may be stale, or job uses external apply).
[2026-07-13 12:43:26] [ERROR] Failed processing job card 14: 'NoneType' object is not subscriptable
[2026-07-13 12:43:26] --- Processing job 15/20 (term: 'Full Stack Developer') ---
[2026-07-13 12:43:27] Opening job: Full Stack Developer @ Fathershops
[2026-07-13 12:43:44] [WARN] Apply button not found/clickable (selector may be stale, or job uses external apply).
[2026-07-13 12:43:44] [ERROR] Failed processing job card 15: 'NoneType' object is not subscriptable
[2026-07-13 12:43:44] --- Processing job 16/20 (term: 'Full Stack Developer') ---
[2026-07-13 12:43:44] Opening job: Full-Stack Developer @ Leokraft Technologies
[2026-07-13 12:44:02] [WARN] Apply button not found/clickable (selector may be stale, or job uses external apply).
[2026-07-13 12:44:02] [ERROR] Failed processing job card 16: 'NoneType' object is not subscriptable
[2026-07-13 12:44:02] --- Processing job 17/20 (term: 'Full Stack Developer') ---
[2026-07-13 12:44:02] Opening job: React & Laravel Full Stack Developer @ Start And Grow
[2026-07-13 12:44:20] [WARN] Apply button not found/clickable (selector may be stale, or job uses external apply).
[2026-07-13 12:44:21] [ERROR] Failed processing job card 17: 'NoneType' object is not subscriptable
[2026-07-13 12:44:21] --- Processing job 18/20 (term: 'Full Stack Developer') ---
[2026-07-13 12:44:21] Opening job: Full Stack Developer @ Ovitech Solutions
[2026-07-13 12:44:38] [WARN] Apply button not found/clickable (selector may be stale, or job uses external apply).
[2026-07-13 12:44:38] [ERROR] Failed processing job card 18: 'NoneType' object is not subscriptable
[2026-07-13 12:44:38] --- Processing job 19/20 (term: 'Full Stack Developer') ---
[2026-07-13 12:44:38] Opening job: Full Stack Developer @ Neweland Technologies
[2026-07-13 12:44:56] [WARN] Apply button not found/clickable (selector may be stale, or job uses external apply).
[2026-07-13 12:44:56] [ERROR] Failed processing job card 19: 'NoneType' object is not subscriptable
[2026-07-13 12:44:56] --- Processing job 20/20 (term: 'Full Stack Developer') ---
[2026-07-13 12:44:56] Opening job: Full Stack Developer @ TechKnowledgeHub.org
[2026-07-13 12:45:14] [WARN] Apply button not found/clickable (selector may be stale, or job uses external apply).
[2026-07-13 12:45:14] [ERROR] Failed processing job card 20: 'NoneType' object is not subscriptable
[2026-07-13 12:45:14] ═══ Searching: 'Java Angular Developer' ═══
[2026-07-13 12:45:14] Navigating to job search results for 'Java Angular Developer': https://www.naukri.com/java-angular-developer-jobs?k=Java+Angular+Developer&experience=4&wfhType=2
[2026-07-13 12:45:18] Job listings loaded.
[2026-07-13 12:45:27] [WARN] Could not find the 'Easy Apply' sidebar checkbox — selector may be stale, verify EASY_APPLY_CHECKBOX_SEL against the live page.
[2026-07-13 12:45:27] Found 20 job card(s) for 'Java Angular Developer'.
[2026-07-13 12:45:27] --- Processing job 1/20 (term: 'Java Angular Developer') ---
[2026-07-13 12:45:27] Opening job: Java Developer @ Nexdew Technologies
[2026-07-13 12:45:46] [WARN] Apply button not found/clickable (selector may be stale, or job uses external apply).
[2026-07-13 12:45:46] [ERROR] Failed processing job card 1: 'NoneType' object is not subscriptable
[2026-07-13 12:45:46] --- Processing job 2/20 (term: 'Java Angular Developer') ---
[2026-07-13 12:45:47] Opening job: Software Developer (Full Stack) @ Techno Earth
[2026-07-13 12:46:05] [WARN] Apply button not found/clickable (selector may be stale, or job uses external apply).
[2026-07-13 12:46:05] [ERROR] Failed processing job card 2: 'NoneType' object is not subscriptable
[2026-07-13 12:46:05] --- Processing job 3/20 (term: 'Java Angular Developer') ---
[2026-07-13 12:46:06] Opening job: Middle Full-Stack Engineer | Solvy @ Boosta
[2026-07-13 12:46:25] [WARN] Apply button not found/clickable (selector may be stale, or job uses external apply).
[2026-07-13 12:46:25] [ERROR] Failed processing job card 3: 'NoneType' object is not subscriptable
[2026-07-13 12:46:25] --- Processing job 4/20 (term: 'Java Angular Developer') ---
[2026-07-13 12:46:25] Opening job: Associate Staff Engineer, PHP Lavavel @ Nagarro
[2026-07-13 12:46:43] [WARN] Apply button not found/clickable (selector may be stale, or job uses external apply).
[2026-07-13 12:46:43] [ERROR] Failed processing job card 4: 'NoneType' object is not subscriptable
[2026-07-13 12:46:43] --- Processing job 5/20 (term: 'Java Angular Developer') ---
[2026-07-13 12:46:43] Opening job: AI Fullstack Developer @ Zealogics.com
[2026-07-13 12:47:02] [WARN] Apply button not found/clickable (selector may be stale, or job uses external apply).
[2026-07-13 12:47:02] [ERROR] Failed processing job card 5: 'NoneType' object is not subscriptable
[2026-07-13 12:47:02] --- Processing job 6/20 (term: 'Java Angular Developer') ---
[2026-07-13 12:47:02] Opening job: Senior Software Engineer @ Niyati
[2026-07-13 12:47:21] [WARN] Apply button not found/clickable (selector may be stale, or job uses external apply).
[2026-07-13 12:47:21] [ERROR] Failed processing job card 6: 'NoneType' object is not subscriptable
[2026-07-13 12:47:21] --- Processing job 7/20 (term: 'Java Angular Developer') ---
[2026-07-13 12:47:21] Opening job: Full Stack Developers @ Lorven Technologies
[2026-07-13 12:47:40] [WARN] Apply button not found/clickable (selector may be stale, or job uses external apply).
[2026-07-13 12:47:40] [ERROR] Failed processing job card 7: 'NoneType' object is not subscriptable
[2026-07-13 12:47:40] --- Processing job 8/20 (term: 'Java Angular Developer') ---
[2026-07-13 12:47:40] Opening job: Associate Staff Engineer, Frontend AngularJS @ Nagarro
[2026-07-13 12:47:58] [WARN] Apply button not found/clickable (selector may be stale, or job uses external apply).
[2026-07-13 12:47:58] [ERROR] Failed processing job card 8: 'NoneType' object is not subscriptable
[2026-07-13 12:47:58] --- Processing job 9/20 (term: 'Java Angular Developer') ---
[2026-07-13 12:47:58] Opening job: Associate Staff Engineer, Cloud @ Nagarro
[2026-07-13 12:48:17] [WARN] Apply button not found/clickable (selector may be stale, or job uses external apply).
[2026-07-13 12:48:17] [ERROR] Failed processing job card 9: 'NoneType' object is not subscriptable
[2026-07-13 12:48:17] --- Processing job 10/20 (term: 'Java Angular Developer') ---
[2026-07-13 12:48:17] Opening job: Web Developer @ Stapples Software Systems
[2026-07-13 12:48:36] [WARN] Apply button not found/clickable (selector may be stale, or job uses external apply).
[2026-07-13 12:48:36] [ERROR] Failed processing job card 10: 'NoneType' object is not subscriptable
[2026-07-13 12:48:36] --- Processing job 11/20 (term: 'Java Angular Developer') ---
[2026-07-13 12:48:36] Opening job: Full-Stack Web Developer @ Majestro Media
[2026-07-13 12:48:54] [WARN] Apply button not found/clickable (selector may be stale, or job uses external apply).
[2026-07-13 12:48:54] [ERROR] Failed processing job card 11: 'NoneType' object is not subscriptable
[2026-07-13 12:48:54] --- Processing job 12/20 (term: 'Java Angular Developer') ---
[2026-07-13 12:48:54] Opening job: Full Stack Developer @ Cloud202
[2026-07-13 12:49:13] [WARN] Apply button not found/clickable (selector may be stale, or job uses external apply).
[2026-07-13 12:49:13] [ERROR] Failed processing job card 12: 'NoneType' object is not subscriptable
[2026-07-13 12:49:13] --- Processing job 13/20 (term: 'Java Angular Developer') ---
[2026-07-13 12:49:13] Opening job: RoR Developer (Remote) @ Profitbooks Solutions
[2026-07-13 12:49:31] [WARN] Apply button not found/clickable (selector may be stale, or job uses external apply).
[2026-07-13 12:49:31] [ERROR] Failed processing job card 13: 'NoneType' object is not subscriptable
[2026-07-13 12:49:31] --- Processing job 14/20 (term: 'Java Angular Developer') ---
[2026-07-13 12:49:31] Opening job: Senior Full Stack Developer @ Protracon Technologies
[2026-07-13 12:49:50] [WARN] Apply button not found/clickable (selector may be stale, or job uses external apply).
[2026-07-13 12:49:50] [ERROR] Failed processing job card 14: 'NoneType' object is not subscriptable
[2026-07-13 12:49:50] --- Processing job 15/20 (term: 'Java Angular Developer') ---
[2026-07-13 12:49:50] Opening job: Full Stack Developer @ Avomind
[2026-07-13 12:50:08] [WARN] Apply button not found/clickable (selector may be stale, or job uses external apply).
[2026-07-13 12:50:08] [ERROR] Failed processing job card 15: 'NoneType' object is not subscriptable
[2026-07-13 12:50:08] --- Processing job 16/20 (term: 'Java Angular Developer') ---
[2026-07-13 12:50:09] Opening job: Web Developer @ Techbinge India
[2026-07-13 12:50:27] [WARN] Apply button not found/clickable (selector may be stale, or job uses external apply).
[2026-07-13 12:50:27] [ERROR] Failed processing job card 16: 'NoneType' object is not subscriptable
[2026-07-13 12:50:27] --- Processing job 17/20 (term: 'Java Angular Developer') ---
[2026-07-13 12:50:27] Opening job: Full Stack Developer (Java & Angular) @ Utimaco
[2026-07-13 12:50:46] [WARN] Apply button not found/clickable (selector may be stale, or job uses external apply).
[2026-07-13 12:50:46] [ERROR] Failed processing job card 17: 'NoneType' object is not subscriptable
[2026-07-13 12:50:46] --- Processing job 18/20 (term: 'Java Angular Developer') ---
[2026-07-13 12:50:46] Opening job: Full Stack Developer Java Angular @ Logic Planet
[2026-07-13 12:51:04] [WARN] Apply button not found/clickable (selector may be stale, or job uses external apply).
[2026-07-13 12:51:04] [ERROR] Failed processing job card 18: 'NoneType' object is not subscriptable
[2026-07-13 12:51:04] --- Processing job 19/20 (term: 'Java Angular Developer') ---
[2026-07-13 12:51:04] Opening job: Full-Stack Software Engineer @ Divyan Technologies Lucknow
[2026-07-13 12:51:23] [WARN] Apply button not found/clickable (selector may be stale, or job uses external apply).
[2026-07-13 12:51:23] [ERROR] Failed processing job card 19: 'NoneType' object is not subscriptable
[2026-07-13 12:51:23] --- Processing job 20/20 (term: 'Java Angular Developer') ---
[2026-07-13 12:51:23] Opening job: Associate Staff Engineer, Mainframe @ Nagarro
[2026-07-13 12:51:42] [WARN] Apply button not found/clickable (selector may be stale, or job uses external apply).
[2026-07-13 12:51:42] [ERROR] Failed processing job card 20: 'NoneType' object is not subscriptable
[2026-07-13 12:51:42] Run complete. Total applications submitted this run: 0
[2026-07-16 09:59:14] ════════════════════════════════════════
[2026-07-16 09:59:14]   Naukri Auto-Apply Bot — starting run
[2026-07-16 09:59:14]   AI mode (Gemini): disabled (manual prompts)
[2026-07-16 09:59:14]   Non-Interactive: disabled (manual prompts)
[2026-07-16 09:59:14] ════════════════════════════════════════
[2026-07-16 09:59:15] Monkey-patched uc.Chrome.quit to suppress WinError 6 on exit.
[2026-07-16 09:59:15] Starting Chrome setup...
[2026-07-16 09:59:15] Found cached ChromeDriver: C:\Users\Pawan\AppData\Roaming\undetected_chromedriver\undetected_chromedriver.exe
[2026-07-16 09:59:15] Attempting undetected-chromedriver with use_subprocess=False...
[2026-07-16 09:59:21] Chrome driver (stealth, use_subprocess=False) successfully initialized!
[2026-07-16 09:59:21] Navigating to Naukri login page...
[2026-07-16 09:59:25] Submitted login form. Waiting for homepage to load...
[2026-07-16 09:59:29] Login appears successful.
[2026-07-16 09:59:29] Will search 12 term(s): ['Java Full Stack Developer', 'Senior Java Full Stack Developer', 'Java Developer', 'Senior Java Developer', 'Spring Boot Developer', 'Java Microservices Developer', 'Backend Developer', 'Java Backend Developer', 'Software Engineer', 'Senior Software Engineer', 'Full Stack Developer', 'Java Angular Developer']
[2026-07-16 09:59:29] ═══ Searching: 'Java Full Stack Developer' ═══
[2026-07-16 09:59:29] Navigating to job search results for 'Java Full Stack Developer': https://www.naukri.com/java-full-stack-developer-jobs?k=Java+Full+Stack+Developer&experience=4&wfhType=2
[2026-07-16 09:59:32] Job listings loaded.
[2026-07-16 09:59:41] [WARN] Could not find the 'Easy Apply' sidebar checkbox — selector may be stale, verify EASY_APPLY_CHECKBOX_SEL against the live page.
[2026-07-16 09:59:41] Found 20 job card(s) for 'Java Full Stack Developer'.
[2026-07-16 09:59:41] --- Processing job 1/20 (term: 'Java Full Stack Developer') ---
[2026-07-16 09:59:41] Opening job: Java Full Stack Developer @ Vrinda International Noida
[2026-07-16 09:59:59] [WARN] Apply button not found/clickable (selector may be stale, or job uses external apply).
[2026-07-16 09:59:59] [ERROR] Failed processing job card 1: 'NoneType' object is not subscriptable
[2026-07-16 09:59:59] --- Processing job 2/20 (term: 'Java Full Stack Developer') ---
[2026-07-16 09:59:59] Opening job: Java Full Stack Developer @ Iris Info
[2026-07-16 10:00:17] [WARN] Apply button not found/clickable (selector may be stale, or job uses external apply).
[2026-07-16 10:00:17] [ERROR] Failed processing job card 2: 'NoneType' object is not subscriptable
[2026-07-16 10:00:17] --- Processing job 3/20 (term: 'Java Full Stack Developer') ---
[2026-07-16 10:00:17] Opening job: Java Full Stack Developer @ Uventure
[2026-07-16 10:00:35] [WARN] Apply button not found/clickable (selector may be stale, or job uses external apply).
[2026-07-16 10:00:35] [ERROR] Failed processing job card 3: 'NoneType' object is not subscriptable
[2026-07-16 10:00:35] --- Processing job 4/20 (term: 'Java Full Stack Developer') ---
[2026-07-16 10:00:35] Opening job: Hiring For Software Engineer - AI / Claude Developer @ Infovenz
[2026-07-16 10:00:42] Entering handle_chatbot_question. Non-interactive mode: False
[2026-07-16 10:00:42] Chatbot question: What motivates you about this role?
[2026-07-16 10:00:42] [Q-MATCH] Exact match found for: 'What motivates you about this role?'
[2026-07-16 10:00:42] Found exact match in questions.json: 'What motivates you about this role?' -> 'i have 4 years of experiance as a full stack java developer  so i have knlodge about it'
[2026-07-16 10:00:43] No option matched 'i have 4 years of experiance as a full stack java developer  so i have knlodge about it' among ['Pay hike and monetary benefits', 'Career growth / leadership opportunities', 'Opportunity to work on better technologies or challenging projects', 'Limited growth or role stagnation in current job', 'Looking for a role with more ownership and impact']. Will try text input.
[2026-07-16 10:00:43] [WARN] Could not find any visible input box or matching option for this question.
[2026-07-16 10:00:43] [DEBUG] Total input elements found by selector: 4
[2026-07-16 10:00:43] [DEBUG]   [0] tag=input, type=text, visible=False
[2026-07-16 10:00:43] [DEBUG]   [1] tag=input, type=text, visible=False
[2026-07-16 10:00:43] [DEBUG]   [2] tag=input, type=text, visible=False
[2026-07-16 10:00:43] [DEBUG]   [3] tag=div, type=None, visible=False
[2026-07-16 10:00:43] [DEBUG] Chatbot container HTML: <div class="chatbot_InputContainer inputContainer-focus">
                        <div class="textAreaWrapper">
                        <div id="userInput__xkf4pwdkiInputBox" class="textArea" contenteditable="true" data-placeholder="Type message here..."></div>
                        <span class="chatBot chatBot-add-round add-icon d-none p-events-none" id="add-icon__xkf4pwdkiInputBox"></span>
                        </div>
                    </div>
[2026-07-16 10:00:45] [ERROR] Failed processing job card 4: 'NoneType' object is not subscriptable
[2026-07-16 10:00:45] --- Processing job 5/20 (term: 'Java Full Stack Developer') ---
[2026-07-16 10:00:45] Opening job: Java Full Stack Developer @ Saibull Global Partners
[2026-07-16 10:01:03] [WARN] Apply button not found/clickable (selector may be stale, or job uses external apply).
[2026-07-16 10:01:03] [ERROR] Failed processing job card 5: 'NoneType' object is not subscriptable
[2026-07-16 10:01:03] --- Processing job 6/20 (term: 'Java Full Stack Developer') ---
[2026-07-16 10:01:03] Opening job: Full Stack Developer Java + React Next js Poland @ Remotestar
[2026-07-16 10:01:21] [WARN] Apply button not found/clickable (selector may be stale, or job uses external apply).
[2026-07-16 10:01:21] [ERROR] Failed processing job card 6: 'NoneType' object is not subscriptable
[2026-07-16 10:01:21] --- Processing job 7/20 (term: 'Java Full Stack Developer') ---
[2026-07-16 10:01:21] Opening job: Full Stack Java Developer @ NS Global Corporation
[2026-07-16 10:01:39] [WARN] Apply button not found/clickable (selector may be stale, or job uses external apply).
[2026-07-16 10:01:39] [ERROR] Failed processing job card 7: 'NoneType' object is not subscriptable
[2026-07-16 10:01:39] --- Processing job 8/20 (term: 'Java Full Stack Developer') ---
[2026-07-16 10:01:39] Opening job: Full Stack Developer Java Angular @ Logic Planet
[2026-07-16 10:01:56] [WARN] Apply button not found/clickable (selector may be stale, or job uses external apply).
[2026-07-16 10:01:57] [ERROR] Failed processing job card 8: 'NoneType' object is not subscriptable
[2026-07-16 10:01:57] --- Processing job 9/20 (term: 'Java Full Stack Developer') ---
[2026-07-16 10:01:57] Opening job: Full Stack Java Developer @ AHA Technocrats
[2026-07-16 10:02:14] [WARN] Apply button not found/clickable (selector may be stale, or job uses external apply).
[2026-07-16 10:02:14] [ERROR] Failed processing job card 9: 'NoneType' object is not subscriptable
[2026-07-16 10:02:14] --- Processing job 10/20 (term: 'Java Full Stack Developer') ---
[2026-07-16 10:02:14] Opening job: Java Developer @ Webnexus
[2026-07-16 10:02:32] [WARN] Apply button not found/clickable (selector may be stale, or job uses external apply).
[2026-07-16 10:02:32] [ERROR] Failed processing job card 10: 'NoneType' object is not subscriptable
[2026-07-16 10:02:32] --- Processing job 11/20 (term: 'Java Full Stack Developer') ---
[2026-07-16 10:02:32] Opening job: Software Developer (Full Stack) @ Techno Earth
[2026-07-16 10:02:50] [WARN] Apply button not found/clickable (selector may be stale, or job uses external apply).
[2026-07-16 10:02:50] [ERROR] Failed processing job card 11: 'NoneType' object is not subscriptable
[2026-07-16 10:02:50] --- Processing job 12/20 (term: 'Java Full Stack Developer') ---
[2026-07-16 10:02:50] Opening job: Software Engineer @ Numerator
[2026-07-16 10:03:08] [WARN] Apply button not found/clickable (selector may be stale, or job uses external apply).
[2026-07-16 10:03:08] [ERROR] Failed processing job card 12: 'NoneType' object is not subscriptable
[2026-07-16 10:03:08] --- Processing job 13/20 (term: 'Java Full Stack Developer') ---
[2026-07-16 10:03:08] Opening job: SAP CAP Developer @ Nexara Cloud Labs
[2026-07-16 10:03:15] Entering handle_chatbot_question. Non-interactive mode: False
[2026-07-16 10:03:15] Chatbot question: Do you have 4+ years of experience with SAP Fiori/UI5, OData, and REST APIs?
[2026-07-16 10:03:31] [DEBUG] Trying input: tag=div, type=text
[2026-07-16 10:03:31] Successfully submitted chatbot answer using input (tag=div, type=text)
[2026-07-16 10:03:33] Chatbot question: Do you have extensive hands-on experience with SAP CAP and SAP BTP (Cloud Foundry)?
[2026-07-16 10:03:42] [DEBUG] Trying input: tag=div, type=text
[2026-07-16 10:03:42] Successfully submitted chatbot answer using input (tag=div, type=text)
[2026-07-16 10:03:44] Chatbot question: Do you have strong JavaScript/Node.js (or Java) skills along with CDS experience?" (83 chars)
[2026-07-16 10:04:00] [DEBUG] Trying input: tag=div, type=text
[2026-07-16 10:04:01] Successfully submitted chatbot answer using input (tag=div, type=text)
[2026-07-16 10:04:02] Chatbot question: Have you worked with SAP Event Mesh, Business Application Studio (BAS), and Launchpad?
[2026-07-16 10:04:14] [DEBUG] Trying input: tag=div, type=text
[2026-07-16 10:04:14] Successfully submitted chatbot answer using input (tag=div, type=text)
[2026-07-16 10:04:16] Chatbot question: Do you have experience with CI/CD pipelines and Git for SAP CAP development?" (78 chars)
[2026-07-16 10:04:25] [DEBUG] Trying input: tag=div, type=text
[2026-07-16 10:04:26] Successfully submitted chatbot answer using input (tag=div, type=text)
[2026-07-16 10:04:27] Chatbot question: Apply only if you are an immediate joiner. Mention notice period.
[2026-07-16 10:07:02] [DEBUG] Trying input: tag=div, type=text
[2026-07-16 10:07:03] Successfully submitted chatbot answer using input (tag=div, type=text)
[2026-07-16 10:07:04] Chatbot question: Thank you for your responses.
[2026-07-16 10:07:10] [Q-MATCH] Exact match found for: 'Thank you for your responses.'
[2026-07-16 10:07:10] Found exact match in questions.json: 'Thank you for your responses.' -> 'Yes'
[2026-07-16 10:07:10] No option matched 'Yes' among ['Preorder\nInorder\nLevel Order\nPostorder']. Will try text input.
[2026-07-16 10:07:10] [WARN] Could not find any visible input box or matching option for this question.
[2026-07-16 10:07:10] [DEBUG] Total input elements found by selector: 3
[2026-07-16 10:07:10] [DEBUG]   [0] tag=input, type=text, visible=False
[2026-07-16 10:07:10] [DEBUG]   [1] tag=input, type=text, visible=False
[2026-07-16 10:07:10] [DEBUG]   [2] tag=input, type=text, visible=False
[2026-07-16 10:07:12] [ERROR] Failed processing job card 13: 'NoneType' object is not subscriptable
[2026-07-16 10:07:12] --- Processing job 14/20 (term: 'Java Full Stack Developer') ---
[2026-07-16 10:07:12] Opening job: Middle Full-Stack Engineer | Solvy @ Boosta
[2026-07-16 10:07:30] [WARN] Apply button not found/clickable (selector may be stale, or job uses external apply).
[2026-07-16 10:07:30] [ERROR] Failed processing job card 14: 'NoneType' object is not subscriptable
[2026-07-16 10:07:30] --- Processing job 15/20 (term: 'Java Full Stack Developer') ---
[2026-07-16 10:07:30] Opening job: AI Fullstack Developer @ Zealogics.com
[2026-07-16 10:07:47] [WARN] Apply button not found/clickable (selector may be stale, or job uses external apply).
[2026-07-16 10:07:47] [ERROR] Failed processing job card 15: 'NoneType' object is not subscriptable
[2026-07-16 10:07:47] --- Processing job 16/20 (term: 'Java Full Stack Developer') ---
[2026-07-16 10:07:47] Opening job: Full Stack Developers @ Lorven Technologies
[2026-07-16 10:08:05] [WARN] Apply button not found/clickable (selector may be stale, or job uses external apply).
[2026-07-16 10:08:05] [ERROR] Failed processing job card 16: 'NoneType' object is not subscriptable
[2026-07-16 10:08:05] --- Processing job 17/20 (term: 'Java Full Stack Developer') ---
[2026-07-16 10:08:05] Opening job: Web Developer @ Stapples Software Systems
[2026-07-16 10:08:23] [WARN] Apply button not found/clickable (selector may be stale, or job uses external apply).
[2026-07-16 10:08:23] [ERROR] Failed processing job card 17: 'NoneType' object is not subscriptable
[2026-07-16 10:08:23] --- Processing job 18/20 (term: 'Java Full Stack Developer') ---
[2026-07-16 10:08:23] Opening job: Full-Stack Web Developer @ Majestro Media
[2026-07-16 10:08:41] [WARN] Apply button not found/clickable (selector may be stale, or job uses external apply).
[2026-07-16 10:08:41] [ERROR] Failed processing job card 18: 'NoneType' object is not subscriptable
[2026-07-16 10:08:41] --- Processing job 19/20 (term: 'Java Full Stack Developer') ---
[2026-07-16 10:08:41] Opening job: Full Stack Developer @ Cloud202
[2026-07-16 10:08:58] [WARN] Apply button not found/clickable (selector may be stale, or job uses external apply).
[2026-07-16 10:08:58] [ERROR] Failed processing job card 19: 'NoneType' object is not subscriptable
[2026-07-16 10:08:58] --- Processing job 20/20 (term: 'Java Full Stack Developer') ---
[2026-07-16 10:08:58] Opening job: Software Engineer Camunda @ Codincity Digital Technologies
[2026-07-16 10:09:16] [WARN] Apply button not found/clickable (selector may be stale, or job uses external apply).
[2026-07-16 10:09:16] [ERROR] Failed processing job card 20: 'NoneType' object is not subscriptable
[2026-07-16 10:09:16] ═══ Searching: 'Senior Java Full Stack Developer' ═══
[2026-07-16 10:09:16] Navigating to job search results for 'Senior Java Full Stack Developer': https://www.naukri.com/senior-java-full-stack-developer-jobs?k=Senior+Java+Full+Stack+Developer&experience=4&wfhType=2
[2026-07-16 10:09:19] Job listings loaded.
[2026-07-16 10:09:27] [WARN] Could not find the 'Easy Apply' sidebar checkbox — selector may be stale, verify EASY_APPLY_CHECKBOX_SEL against the live page.
[2026-07-16 10:09:27] Found 20 job card(s) for 'Senior Java Full Stack Developer'.
[2026-07-16 10:09:27] --- Processing job 1/20 (term: 'Senior Java Full Stack Developer') ---
[2026-07-16 10:09:27] Opening job: PCSM Developer @ Shavish Group
[2026-07-16 10:09:46] [WARN] Apply button not found/clickable (selector may be stale, or job uses external apply).
[2026-07-16 10:09:46] [ERROR] Failed processing job card 1: 'NoneType' object is not subscriptable
[2026-07-16 10:09:46] --- Processing job 2/20 (term: 'Senior Java Full Stack Developer') ---
[2026-07-16 10:09:46] Opening job: Senior Java Developers @ ANTI-Ai PRIVATE LIMITED
[2026-07-16 10:10:04] [WARN] Apply button not found/clickable (selector may be stale, or job uses external apply).
[2026-07-16 10:10:04] [ERROR] Failed processing job card 2: 'NoneType' object is not subscriptable
[2026-07-16 10:10:04] --- Processing job 3/20 (term: 'Senior Java Full Stack Developer') ---
[2026-07-16 10:10:04] Opening job: Senior Full-Stack Developer @ Gosotek Technologies
[2026-07-16 10:10:22] [WARN] Apply button not found/clickable (selector may be stale, or job uses external apply).
[2026-07-16 10:10:22] [ERROR] Failed processing job card 3: 'NoneType' object is not subscriptable
[2026-07-16 10:10:22] --- Processing job 4/20 (term: 'Senior Java Full Stack Developer') ---
[2026-07-16 10:10:22] Opening job: Senior Java Developer @ Bluesoft Software Solution
[2026-07-16 10:10:41] [WARN] Apply button not found/clickable (selector may be stale, or job uses external apply).
[2026-07-16 10:10:41] [ERROR] Failed processing job card 4: 'NoneType' object is not subscriptable
[2026-07-16 10:10:41] --- Processing job 5/20 (term: 'Senior Java Full Stack Developer') ---
[2026-07-16 10:10:41] Opening job: Senior Software Engineer @ Zuddl
[2026-07-16 10:10:59] [WARN] Apply button not found/clickable (selector may be stale, or job uses external apply).
[2026-07-16 10:10:59] [ERROR] Failed processing job card 5: 'NoneType' object is not subscriptable
[2026-07-16 10:10:59] --- Processing job 6/20 (term: 'Senior Java Full Stack Developer') ---
[2026-07-16 10:10:59] Opening job: Senior PHP Developer | Edlight @ Boosta
[2026-07-16 10:11:17] [WARN] Apply button not found/clickable (selector may be stale, or job uses external apply).
[2026-07-16 10:11:17] [ERROR] Failed processing job card 6: 'NoneType' object is not subscriptable
[2026-07-16 10:11:17] --- Processing job 7/20 (term: 'Senior Java Full Stack Developer') ---
[2026-07-16 10:11:17] Opening job: Full Stack Developer @ E Tech Software
[2026-07-16 10:11:35] [WARN] Apply button not found/clickable (selector may be stale, or job uses external apply).
[2026-07-16 10:11:35] [ERROR] Failed processing job card 7: 'NoneType' object is not subscriptable
[2026-07-16 10:11:35] --- Processing job 8/20 (term: 'Senior Java Full Stack Developer') ---
[2026-07-16 10:11:36] Opening job: Senior Java Developer @ Harris Global Business Services
[2026-07-16 10:11:56] [WARN] Apply button not found/clickable (selector may be stale, or job uses external apply).
[2026-07-16 10:11:56] [ERROR] Failed processing job card 8: 'NoneType' object is not subscriptable
[2026-07-16 10:11:56] --- Processing job 9/20 (term: 'Senior Java Full Stack Developer') ---
[2026-07-16 10:11:56] Opening job: Senior Java Developer @ Harris Healthcare
[2026-07-16 10:13:20] [WARN] Apply button not found/clickable (selector may be stale, or job uses external apply).
[2026-07-16 10:13:20] [ERROR] Failed processing job card 9: 'NoneType' object is not subscriptable
[2026-07-16 10:13:21] --- Processing job 10/20 (term: 'Senior Java Full Stack Developer') ---
[2026-07-16 10:13:21] Opening job: BPI Developer Sr Developer @ Sparix Global
[2026-07-16 10:13:51] [WARN] Apply button not found/clickable (selector may be stale, or job uses external apply).
[2026-07-16 10:13:51] [ERROR] Failed processing job card 10: 'NoneType' object is not subscriptable
[2026-07-16 10:13:51] --- Processing job 11/20 (term: 'Senior Java Full Stack Developer') ---
[2026-07-16 10:13:51] Opening job: Java Full Stack Developer @ Uventure
[2026-07-16 10:14:09] [WARN] Apply button not found/clickable (selector may be stale, or job uses external apply).
[2026-07-16 10:14:09] [ERROR] Failed processing job card 11: 'NoneType' object is not subscriptable
[2026-07-16 10:14:09] --- Processing job 12/20 (term: 'Senior Java Full Stack Developer') ---
[2026-07-16 10:14:09] Opening job: BPI Developer / Senior Developer @ Sparix Global
[2026-07-16 10:14:27] [WARN] Apply button not found/clickable (selector may be stale, or job uses external apply).
[2026-07-16 10:14:27] [ERROR] Failed processing job card 12: 'NoneType' object is not subscriptable
[2026-07-16 10:14:27] --- Processing job 13/20 (term: 'Senior Java Full Stack Developer') ---
[2026-07-16 10:14:28] Opening job: Full Stack Developer - Grant Management Platform - Pan india @ Social Alpha
[2026-07-16 10:14:45] [WARN] Apply button not found/clickable (selector may be stale, or job uses external apply).
[2026-07-16 10:14:45] [ERROR] Failed processing job card 13: 'NoneType' object is not subscriptable
[2026-07-16 10:14:45] --- Processing job 14/20 (term: 'Senior Java Full Stack Developer') ---
[2026-07-16 10:14:45] Opening job: Senior Mendix Developer @ Sagous
[2026-07-16 10:15:03] [WARN] Apply button not found/clickable (selector may be stale, or job uses external apply).
[2026-07-16 10:15:03] [ERROR] Failed processing job card 14: 'NoneType' object is not subscriptable
[2026-07-16 10:15:03] --- Processing job 15/20 (term: 'Senior Java Full Stack Developer') ---
[2026-07-16 10:15:03] Opening job: Senior Full Stack Java Software Engineer @ Global Business Ser 4u
[2026-07-16 10:15:21] [WARN] Apply button not found/clickable (selector may be stale, or job uses external apply).
[2026-07-16 10:15:23] [ERROR] Failed processing job card 15: 'NoneType' object is not subscriptable
[2026-07-16 10:15:23] --- Processing job 16/20 (term: 'Senior Java Full Stack Developer') ---
[2026-07-16 10:16:00] Opening job: Hiring For Software Engineer - AI / Claude Developer @ Infovenz
[2026-07-16 10:17:21] Entering handle_chatbot_question. Non-interactive mode: False
[2026-07-16 10:17:21] Chatbot question: What motivates you about this role?
[2026-07-16 10:17:24] [Q-MATCH] Exact match found for: 'What motivates you about this role?'
[2026-07-16 10:17:24] Found exact match in questions.json: 'What motivates you about this role?' -> 'i have 4 years of experiance as a full stack java developer  so i have knlodge about it'
[2026-07-16 10:17:27] No option matched 'i have 4 years of experiance as a full stack java developer  so i have knlodge about it' among ['Pay hike and monetary benefits', 'Career growth / leadership opportunities', 'Opportunity to work on better technologies or challenging projects', 'Limited growth or role stagnation in current job', 'Looking for a role with more ownership and impact']. Will try text input.
[2026-07-16 10:17:27] [WARN] Could not find any visible input box or matching option for this question.
[2026-07-16 10:17:27] [DEBUG] Total input elements found by selector: 4
[2026-07-16 10:17:28] [DEBUG]   [0] tag=input, type=text, visible=False
[2026-07-16 10:17:28] [DEBUG]   [1] tag=input, type=text, visible=False
[2026-07-16 10:17:29] [DEBUG]   [2] tag=input, type=text, visible=False
[2026-07-16 10:17:29] [DEBUG]   [3] tag=div, type=None, visible=False
[2026-07-16 10:17:29] [DEBUG] Chatbot container HTML: <div class="chatbot_InputContainer inputContainer-focus">
                        <div class="textAreaWrapper">
                        <div id="userInput__j3chc3cloInputBox" class="textArea" contenteditable="true" data-placeholder="Type message here..."></div>
                        <span class="chatBot chatBot-add-round add-icon d-none p-events-none" id="add-icon__j3chc3cloInputBox"></span>
                        </div>
                    </div>
[2026-07-16 10:17:32] [ERROR] Failed processing job card 16: 'NoneType' object is not subscriptable
[2026-07-16 10:17:32] --- Processing job 17/20 (term: 'Senior Java Full Stack Developer') ---
[2026-07-16 10:17:53] Opening job: Full stack Architect(freelancer/consultant) @ Codevian Technologies
[2026-07-16 10:20:49] [ERROR] Unexpected error applying to job: 'NoneType' object has no attribute 'is_displayed'
[2026-07-16 10:20:50] [WARN] Error restoring window handle: Message: invalid session id: session deleted as the browser has closed the connection
from disconnected: Unable to receive message from renderer
  (Session info: chrome=150.0.7871.116); For documentation on this error, please visit: https://www.selenium.dev/documentation/webdriver/troubleshooting/errors#invalidsessionidexception
Stacktrace:
	undetected_chromedriver!GetHandleVerifier [0x41a543+103f3]
	undetected_chromedriver!GetHandleVerifier [0x41a584+10434]
	undetected_chromedriver!(No symbol) [0x21a700]
	undetected_chromedriver!(No symbol) [0x20ad03]
	undetected_chromedriver!(No symbol) [0x208c08]
	undetected_chromedriver!(No symbol) [0x209456]
	undetected_chromedriver!(No symbol) [0x21b027]
	undetected_chromedriver!(No symbol) [0x1f90bb]
	undetected_chromedriver!(No symbol) [0x295829]
	undetected_chromedriver!(No symbol) [0x286093]
	undetected_chromedriver!(No symbol) [0x259159]
	undetected_chromedriver!(No symbol) [0x259f24]
	undetected_chromedriver!GetHandleVerifier [0x6a4bba+29aa6a]
	undetected_chromedriver!GetHandleVerifier [0x6a0119+295fc9]
	undetected_chromedriver!GetHandleVerifier [0x6c103e+2b6eee]
	undetected_chromedriver!GetHandleVerifier [0x4337f6+296a6]
	undetected_chromedriver!GetHandleVerifier [0x43a91d+307cd]
	undetected_chromedriver!GetHandleVerifier [0x422d18+18bc8]
	undetected_chromedriver!GetHandleVerifier [0x422ec5+18d75]
	undetected_chromedriver!GetHandleVerifier [0x40c05f+1f0f]
	KERNEL32!BaseThreadInitThunk [0x75bd7ba9+19]
	ntdll!RtlInitializeExceptionChain [0x77b7c0cb+6b]
	ntdll!RtlClearBits [0x77b7c04f+bf]
	(No symbol) [(nil)]

[2026-07-16 10:20:50] [ERROR] Failed processing job card 17: 'NoneType' object is not subscriptable
[2026-07-16 10:20:50] [FATAL] Browser session was closed or lost: Message: invalid session id; For documentation on this error, please visit: https://www.selenium.dev/documentation/webdriver/troubleshooting/errors#invalidsessionidexception
Stacktrace:
	undetected_chromedriver!GetHandleVerifier [0x41a543+103f3]
	undetected_chromedriver!GetHandleVerifier [0x41a584+10434]
	undetected_chromedriver!(No symbol) [0x21a53e]
	undetected_chromedriver!(No symbol) [0x2583e7]
	undetected_chromedriver!(No symbol) [0x285f86]
	undetected_chromedriver!(No symbol) [0x281192]
	undetected_chromedriver!(No symbol) [0x280b71]
	undetected_chromedriver!(No symbol) [0x1edb2e]
	undetected_chromedriver!(No symbol) [0x1ee0ce]
	undetected_chromedriver!(No symbol) [0x1ee5ad]
	undetected_chromedriver!GetHandleVerifier [0x6a4bba+29aa6a]
	undetected_chromedriver!GetHandleVerifier [0x6a0119+295fc9]
	undetected_chromedriver!GetHandleVerifier [0x6c103e+2b6eee]
	undetected_chromedriver!GetHandleVerifier [0x4337f6+296a6]
	undetected_chromedriver!GetHandleVerifier [0x43a91d+307cd]
	undetected_chromedriver!(No symbol) [0x1ed6a6]
	undetected_chromedriver!(No symbol) [0x1ecd02]
	undetected_chromedriver!GetHandleVerifier [0x80be1f+401ccf]
	KERNEL32!BaseThreadInitThunk [0x75bd7ba9+19]
	ntdll!RtlInitializeExceptionChain [0x77b7c0cb+6b]
	ntdll!RtlClearBits [0x77b7c04f+bf]
	(No symbol) [(nil)]
. Terminating run.
[2026-07-16 10:20:50] [FATAL] Browser session was closed or lost: Message: invalid session id; For documentation on this error, please visit: https://www.selenium.dev/documentation/webdriver/troubleshooting/errors#invalidsessionidexception
Stacktrace:
	undetected_chromedriver!GetHandleVerifier [0x41a543+103f3]
	undetected_chromedriver!GetHandleVerifier [0x41a584+10434]
	undetected_chromedriver!(No symbol) [0x21a53e]
	undetected_chromedriver!(No symbol) [0x2583e7]
	undetected_chromedriver!(No symbol) [0x285f86]
	undetected_chromedriver!(No symbol) [0x281192]
	undetected_chromedriver!(No symbol) [0x280b71]
	undetected_chromedriver!(No symbol) [0x1edb2e]
	undetected_chromedriver!(No symbol) [0x1ee0ce]
	undetected_chromedriver!(No symbol) [0x1ee5ad]
	undetected_chromedriver!GetHandleVerifier [0x6a4bba+29aa6a]
	undetected_chromedriver!GetHandleVerifier [0x6a0119+295fc9]
	undetected_chromedriver!GetHandleVerifier [0x6c103e+2b6eee]
	undetected_chromedriver!GetHandleVerifier [0x4337f6+296a6]
	undetected_chromedriver!GetHandleVerifier [0x43a91d+307cd]
	undetected_chromedriver!(No symbol) [0x1ed6a6]
	undetected_chromedriver!(No symbol) [0x1ecd02]
	undetected_chromedriver!GetHandleVerifier [0x80be1f+401ccf]
	KERNEL32!BaseThreadInitThunk [0x75bd7ba9+19]
	ntdll!RtlInitializeExceptionChain [0x77b7c0cb+6b]
	ntdll!RtlClearBits [0x77b7c04f+bf]
	(No symbol) [(nil)]
. Terminating run.
[2026-07-16 10:20:50] Run complete. Total applications submitted this run: 0
[2026-07-25 00:06:22] ════════════════════════════════════════
[2026-07-25 00:06:22]   Naukri Auto-Apply Bot — starting run
[2026-07-25 00:06:22]   AI mode (Gemini): ENABLED
[2026-07-25 00:06:22]   Non-Interactive: disabled (manual prompts)
[2026-07-25 00:06:22] ════════════════════════════════════════
[2026-07-25 00:06:22] Gemini client: 7 API key(s) loaded. Model: gemini-2.5-flash
[2026-07-25 00:06:22]   Trying API key [1/7]: ...qD0vCI
[2026-07-25 00:06:26] Getting Gemini models list...
[2026-07-25 00:06:27] ---- GEMINI CLIENT READY! Key [1/7] | Model: gemini-2.5-flash ----
[2026-07-25 00:06:27] Monkey-patched uc.Chrome.quit to suppress WinError 6 on exit.
[2026-07-25 00:06:27] Starting Chrome setup...
[2026-07-25 00:06:27] Found cached ChromeDriver: C:\Users\Pawan\AppData\Roaming\undetected_chromedriver\undetected_chromedriver.exe
[2026-07-25 00:06:27] Attempting undetected-chromedriver with use_subprocess=False...
[2026-07-25 00:06:32] Chrome driver (stealth, use_subprocess=False) successfully initialized!
[2026-07-25 00:06:32] Navigating to Naukri login page...
[2026-07-25 00:06:34] Submitted login form. Waiting for homepage to load...
[2026-07-25 00:06:38] [ERROR] Login failed: Message: invalid session id: session deleted as the browser has closed the connection
from disconnected: not connected to DevTools
  (Session info: chrome=150.0.7871.182); For documentation on this error, please visit: https://www.selenium.dev/documentation/webdriver/troubleshooting/errors#invalidsessionidexception
Stacktrace:
	undetected_chromedriver!GetHandleVerifier [0x555843+10883]
	undetected_chromedriver!GetHandleVerifier [0x555884+108c4]
	undetected_chromedriver!(No symbol) [0x3590e0]
	undetected_chromedriver!(No symbol) [0x34836e]
	undetected_chromedriver!(No symbol) [0x366a59]
	undetected_chromedriver!(No symbol) [0x3cbf5d]
	undetected_chromedriver!(No symbol) [0x3e2c09]
	undetected_chromedriver!(No symbol) [0x3c5406]
	undetected_chromedriver!(No symbol) [0x398659]
	undetected_chromedriver!(No symbol) [0x399424]
	undetected_chromedriver!GetHandleVerifier [0x7eced6+2a7f16]
	undetected_chromedriver!GetHandleVerifier [0x7e847b+2a34bb]
	undetected_chromedriver!GetHandleVerifier [0x8094eb+2c452b]
	undetected_chromedriver!GetHandleVerifier [0x56f566+2a5a6]
	undetected_chromedriver!GetHandleVerifier [0x57620d+3124d]
	undetected_chromedriver!GetHandleVerifier [0x55e318+19358]
	undetected_chromedriver!GetHandleVerifier [0x55e4c5+19505]
	undetected_chromedriver!GetHandleVerifier [0x5470af+20ef]
	KERNEL32!BaseThreadInitThunk [0x76147ba9+19]
	ntdll!RtlInitializeExceptionChain [0x7762c0cb+6b]
	ntdll!RtlClearBits [0x7762c04f+bf]

[2026-07-25 00:06:38] [FATAL] Could not log in to Naukri. Aborting run.
